"Date","Source","Site ID","POC","Daily Max 1-hour NO2 Concentration","Units","Daily AQI Value","Local Site Name","Daily Obs Count","Percent Complete","AQS Parameter Code","AQS Parameter Description","Method Code","CBSA Code","CBSA Name","State FIPS Code","State","County FIPS Code","County","Site Latitude","Site Longitude"
"01/01/2025","AQS","110010041","1","23.3","ppb","22","RIVER TERRACE","24","100.0000","42602","Nitrogen dioxide (NO2)","599","47900","Washington-Arlington-Alexandria, DC-VA-MD-WV","11","District Of Columbia","001","District of Columbia","38.895572","-76.958072"
"01/02/2025","AQS","110010041","1","12.7","ppb","11","RIVER TERRACE","22","92.0000","42602","Nitrogen dioxide (NO2)","599","47900","Washington-Arlington-Alexandria, DC-VA-MD-WV","11","District Of Columbia","001","District of Columbia","38.895572","-76.958072"
"01/03/2025","AQS","110010041","1","17.6","ppb","16","RIVER TERRACE","24","100.0000","42602","Nitrogen dioxide (NO2)","599","47900","Washington-Arlington-Alexandria, DC-VA-MD-WV","11","District Of Columbia","001","District of Columbia","38.895572","-76.958072"
"01/04/2025","AQS","110010041","1","9.6","ppb","8","RIVER TERRACE","23","96.0000","42602","Nitrogen dioxide (NO2)","599","47900","Washington-Arlington-Alexandria, DC-VA-MD-WV","11","District Of Columbia","001","District of Columbia","38.895572","-76.958072"
"01/05/2025","AQS","110010041","1","12.2","ppb","11","RIVER TERRACE","22","92.0000","42602","Nitrogen dioxide (NO2)","599","47900","Washington-Arlington-Alexandria, DC-VA-MD-WV","11","District Of Columbia","001","District of Columbia","38.895572","-76.958072"
"01/06/2025","AQS","110010041","1","14.7","ppb","13","RIVER TERRACE","22","92.0000","42602","Nitrogen dioxide (NO2)","599","47900","Washington-Arlington-Alexandria, DC-VA-MD-WV","11","District Of Columbia","001","District of Columbia","38.895572","-76.958072"
"01/07/2025","AQS","110010041","1","10.9","ppb","9","RIVER TERRACE","22","92.0000","42602","Nitrogen dioxide (NO2)","599","47900","Washington-Arlington-Alexandria, DC-VA-MD-WV","11","District Of Columbia","001","District of Columbia","38.895572","-76.958072"
"01/08/2025","AQS","110010041","1","14.3","ppb","13","RIVER TERRACE","22","92.0000","42602","Nitrogen dioxide (NO2)","599","47900","Washington-Arlington-Alexandria, DC-VA-MD-WV","11","District Of Columbia","001","District of Columbia","38.895572","-76.958072"
"01/09/2025","AQS","110010041","1","11.4","ppb","10","RIVER TERRACE","24","100.0000","42602","Nitrogen dioxide (NO2)","599","47900","Washington-Arlington-Alexandria, DC-VA-MD-WV","11","District Of Columbia","001","District of Columbia","38.895572","-76.958072"
"01/10/2025","AQS","110010041","1","35.3","ppb","33","RIVER TERRACE","24","100.0000","42602","Nitrogen dioxide (NO2)","599","47900","Washington-Arlington-Alexandria, DC-VA-MD-WV","11","District Of Columbia","001","District of Columbia","38.895572","-76.958072"
"01/11/2025","AQS","110010041","1","14.4","ppb","13","RIVER TERRACE","22","92.0000","42602","Nitrogen dioxide (NO2)","599","47900","Washington-Arlington-Alexandria, DC-VA-MD-WV","11","District Of Columbia","001","District of Columbia","38.895572","-76.958072"
"01/12/2025","AQS","110010041","1","33.3","ppb","31","RIVER TERRACE","22","92.0000","42602","Nitrogen dioxide (NO2)","599","47900","Washington-Arlington-Alexandria, DC-VA-MD-WV","11","District Of Columbia","001","District of Columbia","38.895572","-76.958072"
"01/13/2025","AQS","110010041","1","32.1","ppb","30","RIVER TERRACE","24","100.0000","42602","Nitrogen dioxide (NO2)","599","47900","Washington-Arlington-Alexandria, DC-VA-MD-WV","11","District Of Columbia","001","District of Columbia","38.895572","-76.958072"
"01/14/2025","AQS","110010041","1","19.6","ppb","18","RIVER TERRACE","22","92.0000","42602","Nitrogen dioxide (NO2)","599","47900","Washington-Arlington-Alexandria, DC-VA-MD-WV","11","District Of Columbia","001","District of Columbia","38.895572","-76.958072"
"01/15/2025","AQS","110010041","1","13","ppb","12","RIVER TERRACE","22","92.0000","42602","Nitrogen dioxide (NO2)","599","47900","Washington-Arlington-Alexandria, DC-VA-MD-WV","11","District Of Columbia","001","District of Columbia","38.895572","-76.958072"
"01/16/2025","AQS","110010041","1","33.1","ppb","31","RIVER TERRACE","22","92.0000","42602","Nitrogen dioxide (NO2)","599","47900","Washington-Arlington-Alexandria, DC-VA-MD-WV","11","District Of Columbia","001","District of Columbia","38.895572","-76.958072"
"01/17/2025","AQS","110010041","1","31.4","ppb","29","RIVER TERRACE","20","83.0000","42602","Nitrogen dioxide (NO2)","599","47900","Washington-Arlington-Alexandria, DC-VA-MD-WV","11","District Of Columbia","001","District of Columbia","38.895572","-76.958072"
"01/18/2025","AQS","110010041","1","32.5","ppb","30","RIVER TERRACE","24","100.0000","42602","Nitrogen dioxide (NO2)","599","47900","Washington-Arlington-Alexandria, DC-VA-MD-WV","11","District Of Columbia","001","District of Columbia","38.895572","-76.958072"
"01/19/2025","AQS","110010041","1","29.8","ppb","27","RIVER TERRACE","24","100.0000","42602","Nitrogen dioxide (NO2)","599","47900","Washington-Arlington-Alexandria, DC-VA-MD-WV","11","District Of Columbia","001","District of Columbia","38.895572","-76.958072"
"01/20/2025","AQS","110010041","1","14.3","ppb","13","RIVER TERRACE","20","83.0000","42602","Nitrogen dioxide (NO2)","599","47900","Washington-Arlington-Alexandria, DC-VA-MD-WV","11","District Of Columbia","001","District of Columbia","38.895572","-76.958072"
"01/21/2025","AQS","110010041","1","33.7","ppb","31","RIVER TERRACE","24","100.0000","42602","Nitrogen dioxide (NO2)","599","47900","Washington-Arlington-Alexandria, DC-VA-MD-WV","11","District Of Columbia","001","District of Columbia","38.895572","-76.958072"
"01/22/2025","AQS","110010041","1","27.5","ppb","25","RIVER TERRACE","24","100.0000","42602","Nitrogen dioxide (NO2)","599","47900","Washington-Arlington-Alexandria, DC-VA-MD-WV","11","District Of Columbia","001","District of Columbia","38.895572","-76.958072"
"01/23/2025","AQS","110010041","1","34.2","ppb","32","RIVER TERRACE","22","92.0000","42602","Nitrogen dioxide (NO2)","599","47900","Washington-Arlington-Alexandria, DC-VA-MD-WV","11","District Of Columbia","001","District of Columbia","38.895572","-76.958072"
"01/24/2025","AQS","110010041","1","39.7","ppb","37","RIVER TERRACE","24","100.0000","42602","Nitrogen dioxide (NO2)","599","47900","Washington-Arlington-Alexandria, DC-VA-MD-WV","11","District Of Columbia","001","District of Columbia","38.895572","-76.958072"
"01/25/2025","AQS","110010041","1","35.8","ppb","33","RIVER TERRACE","24","100.0000","42602","Nitrogen dioxide (NO2)","599","47900","Washington-Arlington-Alexandria, DC-VA-MD-WV","11","District Of Columbia","001","District of Columbia","38.895572","-76.958072"
"01/26/2025","AQS","110010041","1","36.8","ppb","34","RIVER TERRACE","20","83.0000","42602","Nitrogen dioxide (NO2)","599","47900","Washington-Arlington-Alexandria, DC-VA-MD-WV","11","District Of Columbia","001","District of Columbia","38.895572","-76.958072"
"01/27/2025","AQS","110010041","1","38.4","ppb","36","RIVER TERRACE","24","100.0000","42602","Nitrogen dioxide (NO2)","599","47900","Washington-Arlington-Alexandria, DC-VA-MD-WV","11","District Of Columbia","001","District of Columbia","38.895572","-76.958072"
"01/28/2025","AQS","110010041","1","34.2","ppb","32","RIVER TERRACE","24","100.0000","42602","Nitrogen dioxide (NO2)","599","47900","Washington-Arlington-Alexandria, DC-VA-MD-WV","11","District Of Columbia","001","District of Columbia","38.895572","-76.958072"
"01/29/2025","AQS","110010041","1","17.8","ppb","16","RIVER TERRACE","22","92.0000","42602","Nitrogen dioxide (NO2)","599","47900","Washington-Arlington-Alexandria, DC-VA-MD-WV","11","District Of Columbia","001","District of Columbia","38.895572","-76.958072"
"01/30/2025","AQS","110010041","1","44.6","ppb","42","RIVER TERRACE","24","100.0000","42602","Nitrogen dioxide (NO2)","599","47900","Washington-Arlington-Alexandria, DC-VA-MD-WV","11","District Of Columbia","001","District of Columbia","38.895572","-76.958072"
"01/31/2025","AQS","110010041","1","22.7","ppb","21","RIVER TERRACE","24","100.0000","42602","Nitrogen dioxide (NO2)","599","47900","Washington-Arlington-Alexandria, DC-VA-MD-WV","11","District Of Columbia","001","District of Columbia","38.895572","-76.958072"
"02/01/2025","AQS","110010041","1","16.7","ppb","15","RIVER TERRACE","20","83.0000","42602","Nitrogen dioxide (NO2)","599","47900","Washington-Arlington-Alexandria, DC-VA-MD-WV","11","District Of Columbia","001","District of Columbia","38.895572","-76.958072"
"02/02/2025","AQS","110010041","1","25.9","ppb","24","RIVER TERRACE","24","100.0000","42602","Nitrogen dioxide (NO2)","599","47900","Washington-Arlington-Alexandria, DC-VA-MD-WV","11","District Of Columbia","001","District of Columbia","38.895572","-76.958072"
"02/03/2025","AQS","110010041","1","35","ppb","33","RIVER TERRACE","24","100.0000","42602","Nitrogen dioxide (NO2)","599","47900","Washington-Arlington-Alexandria, DC-VA-MD-WV","11","District Of Columbia","001","District of Columbia","38.895572","-76.958072"
"02/04/2025","AQS","110010041","1","33.1","ppb","31","RIVER TERRACE","22","92.0000","42602","Nitrogen dioxide (NO2)","599","47900","Washington-Arlington-Alexandria, DC-VA-MD-WV","11","District Of Columbia","001","District of Columbia","38.895572","-76.958072"
"02/05/2025","AQS","110010041","1","21.6","ppb","20","RIVER TERRACE","24","100.0000","42602","Nitrogen dioxide (NO2)","599","47900","Washington-Arlington-Alexandria, DC-VA-MD-WV","11","District Of Columbia","001","District of Columbia","38.895572","-76.958072"
"02/06/2025","AQS","110010041","1","21.2","ppb","20","RIVER TERRACE","24","100.0000","42602","Nitrogen dioxide (NO2)","599","47900","Washington-Arlington-Alexandria, DC-VA-MD-WV","11","District Of Columbia","001","District of Columbia","38.895572","-76.958072"
"02/07/2025","AQS","110010041","1","25.7","ppb","24","RIVER TERRACE","20","83.0000","42602","Nitrogen dioxide (NO2)","599","47900","Washington-Arlington-Alexandria, DC-VA-MD-WV","11","District Of Columbia","001","District of Columbia","38.895572","-76.958072"
"02/08/2025","AQS","110010041","1","36.8","ppb","34","RIVER TERRACE","24","100.0000","42602","Nitrogen dioxide (NO2)","599","47900","Washington-Arlington-Alexandria, DC-VA-MD-WV","11","District Of Columbia","001","District of Columbia","38.895572","-76.958072"
"02/09/2025","AQS","110010041","1","18.3","ppb","17","RIVER TERRACE","24","100.0000","42602","Nitrogen dioxide (NO2)","599","47900","Washington-Arlington-Alexandria, DC-VA-MD-WV","11","District Of Columbia","001","District of Columbia","38.895572","-76.958072"
"02/10/2025","AQS","110010041","1","22.7","ppb","21","RIVER TERRACE","22","92.0000","42602","Nitrogen dioxide (NO2)","599","47900","Washington-Arlington-Alexandria, DC-VA-MD-WV","11","District Of Columbia","001","District of Columbia","38.895572","-76.958072"
"02/11/2025","AQS","110010041","1","34.4","ppb","32","RIVER TERRACE","24","100.0000","42602","Nitrogen dioxide (NO2)","599","47900","Washington-Arlington-Alexandria, DC-VA-MD-WV","11","District Of Columbia","001","District of Columbia","38.895572","-76.958072"
"02/12/2025","AQS","110010041","1","32","ppb","30","RIVER TERRACE","22","92.0000","42602","Nitrogen dioxide (NO2)","599","47900","Washington-Arlington-Alexandria, DC-VA-MD-WV","11","District Of Columbia","001","District of Columbia","38.895572","-76.958072"
"02/13/2025","AQS","110010041","1","25.2","ppb","24","RIVER TERRACE","22","92.0000","42602","Nitrogen dioxide (NO2)","599","47900","Washington-Arlington-Alexandria, DC-VA-MD-WV","11","District Of Columbia","001","District of Columbia","38.895572","-76.958072"
"02/14/2025","AQS","110010041","1","35.8","ppb","33","RIVER TERRACE","24","100.0000","42602","Nitrogen dioxide (NO2)","599","47900","Washington-Arlington-Alexandria, DC-VA-MD-WV","11","District Of Columbia","001","District of Columbia","38.895572","-76.958072"
"02/15/2025","AQS","110010041","1","26.5","ppb","25","RIVER TERRACE","24","100.0000","42602","Nitrogen dioxide (NO2)","599","47900","Washington-Arlington-Alexandria, DC-VA-MD-WV","11","District Of Columbia","001","District of Columbia","38.895572","-76.958072"
"02/16/2025","AQS","110010041","1","23.1","ppb","22","RIVER TERRACE","22","92.0000","42602","Nitrogen dioxide (NO2)","599","47900","Washington-Arlington-Alexandria, DC-VA-MD-WV","11","District Of Columbia","001","District of Columbia","38.895572","-76.958072"
"02/17/2025","AQS","110010041","1","9.1","ppb","8","RIVER TERRACE","24","100.0000","42602","Nitrogen dioxide (NO2)","599","47900","Washington-Arlington-Alexandria, DC-VA-MD-WV","11","District Of Columbia","001","District of Columbia","38.895572","-76.958072"
"02/18/2025","AQS","110010041","1","16.1","ppb","15","RIVER TERRACE","22","92.0000","42602","Nitrogen dioxide (NO2)","599","47900","Washington-Arlington-Alexandria, DC-VA-MD-WV","11","District Of Columbia","001","District of Columbia","38.895572","-76.958072"
"02/19/2025","AQS","110010041","1","28.6","ppb","26","RIVER TERRACE","22","92.0000","42602","Nitrogen dioxide (NO2)","599","47900","Washington-Arlington-Alexandria, DC-VA-MD-WV","11","District Of Columbia","001","District of Columbia","38.895572","-76.958072"
"02/20/2025","AQS","110010041","1","25.6","ppb","24","RIVER TERRACE","24","100.0000","42602","Nitrogen dioxide (NO2)","599","47900","Washington-Arlington-Alexandria, DC-VA-MD-WV","11","District Of Columbia","001","District of Columbia","38.895572","-76.958072"
"02/21/2025","AQS","110010041","1","14.8","ppb","13","RIVER TERRACE","22","92.0000","42602","Nitrogen dioxide (NO2)","599","47900","Washington-Arlington-Alexandria, DC-VA-MD-WV","11","District Of Columbia","001","District of Columbia","38.895572","-76.958072"
"02/22/2025","AQS","110010041","1","26.8","ppb","25","RIVER TERRACE","22","92.0000","42602","Nitrogen dioxide (NO2)","599","47900","Washington-Arlington-Alexandria, DC-VA-MD-WV","11","District Of Columbia","001","District of Columbia","38.895572","-76.958072"
"02/23/2025","AQS","110010041","1","42.1","ppb","40","RIVER TERRACE","24","100.0000","42602","Nitrogen dioxide (NO2)","599","47900","Washington-Arlington-Alexandria, DC-VA-MD-WV","11","District Of Columbia","001","District of Columbia","38.895572","-76.958072"
"02/24/2025","AQS","110010041","1","42.8","ppb","40","RIVER TERRACE","22","92.0000","42602","Nitrogen dioxide (NO2)","599","47900","Washington-Arlington-Alexandria, DC-VA-MD-WV","11","District Of Columbia","001","District of Columbia","38.895572","-76.958072"
"02/25/2025","AQS","110010041","1","40.9","ppb","38","RIVER TERRACE","24","100.0000","42602","Nitrogen dioxide (NO2)","599","47900","Washington-Arlington-Alexandria, DC-VA-MD-WV","11","District Of Columbia","001","District of Columbia","38.895572","-76.958072"
"02/26/2025","AQS","110010041","1","38.9","ppb","36","RIVER TERRACE","24","100.0000","42602","Nitrogen dioxide (NO2)","599","47900","Washington-Arlington-Alexandria, DC-VA-MD-WV","11","District Of Columbia","001","District of Columbia","38.895572","-76.958072"
"02/27/2025","AQS","110010041","1","33.7","ppb","31","RIVER TERRACE","22","92.0000","42602","Nitrogen dioxide (NO2)","599","47900","Washington-Arlington-Alexandria, DC-VA-MD-WV","11","District Of Columbia","001","District of Columbia","38.895572","-76.958072"
"02/28/2025","AQS","110010041","1","8.6","ppb","8","RIVER TERRACE","22","92.0000","42602","Nitrogen dioxide (NO2)","599","47900","Washington-Arlington-Alexandria, DC-VA-MD-WV","11","District Of Columbia","001","District of Columbia","38.895572","-76.958072"
"03/01/2025","AQS","110010041","1","6","ppb","6","RIVER TERRACE","24","100.0000","42602","Nitrogen dioxide (NO2)","599","47900","Washington-Arlington-Alexandria, DC-VA-MD-WV","11","District Of Columbia","001","District of Columbia","38.895572","-76.958072"
"03/02/2025","AQS","110010041","1","24.7","ppb","23","RIVER TERRACE","22","92.0000","42602","Nitrogen dioxide (NO2)","599","47900","Washington-Arlington-Alexandria, DC-VA-MD-WV","11","District Of Columbia","001","District of Columbia","38.895572","-76.958072"
"03/03/2025","AQS","110010041","1","38.6","ppb","36","RIVER TERRACE","24","100.0000","42602","Nitrogen dioxide (NO2)","599","47900","Washington-Arlington-Alexandria, DC-VA-MD-WV","11","District Of Columbia","001","District of Columbia","38.895572","-76.958072"
"03/04/2025","AQS","110010041","1","14.9","ppb","13","RIVER TERRACE","24","100.0000","42602","Nitrogen dioxide (NO2)","599","47900","Washington-Arlington-Alexandria, DC-VA-MD-WV","11","District Of Columbia","001","District of Columbia","38.895572","-76.958072"
"03/05/2025","AQS","110010041","1","19.6","ppb","18","RIVER TERRACE","22","92.0000","42602","Nitrogen dioxide (NO2)","599","47900","Washington-Arlington-Alexandria, DC-VA-MD-WV","11","District Of Columbia","001","District of Columbia","38.895572","-76.958072"
"03/06/2025","AQS","110010041","1","6.1","ppb","6","RIVER TERRACE","22","92.0000","42602","Nitrogen dioxide (NO2)","599","47900","Washington-Arlington-Alexandria, DC-VA-MD-WV","11","District Of Columbia","001","District of Columbia","38.895572","-76.958072"
"03/07/2025","AQS","110010041","1","11","ppb","10","RIVER TERRACE","24","100.0000","42602","Nitrogen dioxide (NO2)","599","47900","Washington-Arlington-Alexandria, DC-VA-MD-WV","11","District Of Columbia","001","District of Columbia","38.895572","-76.958072"
"03/08/2025","AQS","110010041","1","30.9","ppb","28","RIVER TERRACE","22","92.0000","42602","Nitrogen dioxide (NO2)","599","47900","Washington-Arlington-Alexandria, DC-VA-MD-WV","11","District Of Columbia","001","District of Columbia","38.895572","-76.958072"
"03/09/2025","AQS","110010041","1","33","ppb","31","RIVER TERRACE","24","100.0000","42602","Nitrogen dioxide (NO2)","599","47900","Washington-Arlington-Alexandria, DC-VA-MD-WV","11","District Of Columbia","001","District of Columbia","38.895572","-76.958072"
"03/10/2025","AQS","110010041","1","31.7","ppb","29","RIVER TERRACE","24","100.0000","42602","Nitrogen dioxide (NO2)","599","47900","Washington-Arlington-Alexandria, DC-VA-MD-WV","11","District Of Columbia","001","District of Columbia","38.895572","-76.958072"
"03/11/2025","AQS","110010041","1","49.5","ppb","46","RIVER TERRACE","22","92.0000","42602","Nitrogen dioxide (NO2)","599","47900","Washington-Arlington-Alexandria, DC-VA-MD-WV","11","District Of Columbia","001","District of Columbia","38.895572","-76.958072"
"03/12/2025","AQS","110010041","1","40","ppb","38","RIVER TERRACE","22","92.0000","42602","Nitrogen dioxide (NO2)","599","47900","Washington-Arlington-Alexandria, DC-VA-MD-WV","11","District Of Columbia","001","District of Columbia","38.895572","-76.958072"
"03/13/2025","AQS","110010041","1","18.9","ppb","17","RIVER TERRACE","21","88.0000","42602","Nitrogen dioxide (NO2)","599","47900","Washington-Arlington-Alexandria, DC-VA-MD-WV","11","District Of Columbia","001","District of Columbia","38.895572","-76.958072"
"03/14/2025","AQS","110010041","1","14","ppb","13","RIVER TERRACE","22","92.0000","42602","Nitrogen dioxide (NO2)","599","47900","Washington-Arlington-Alexandria, DC-VA-MD-WV","11","District Of Columbia","001","District of Columbia","38.895572","-76.958072"
"03/15/2025","AQS","110010041","1","11.2","ppb","10","RIVER TERRACE","24","100.0000","42602","Nitrogen dioxide (NO2)","599","47900","Washington-Arlington-Alexandria, DC-VA-MD-WV","11","District Of Columbia","001","District of Columbia","38.895572","-76.958072"
"03/16/2025","AQS","110010041","1","5","ppb","5","RIVER TERRACE","24","100.0000","42602","Nitrogen dioxide (NO2)","599","47900","Washington-Arlington-Alexandria, DC-VA-MD-WV","11","District Of Columbia","001","District of Columbia","38.895572","-76.958072"
"03/17/2025","AQS","110010041","1","9.9","ppb","8","RIVER TERRACE","22","92.0000","42602","Nitrogen dioxide (NO2)","599","47900","Washington-Arlington-Alexandria, DC-VA-MD-WV","11","District Of Columbia","001","District of Columbia","38.895572","-76.958072"
"03/18/2025","AQS","110010041","1","38","ppb","36","RIVER TERRACE","22","92.0000","42602","Nitrogen dioxide (NO2)","599","47900","Washington-Arlington-Alexandria, DC-VA-MD-WV","11","District Of Columbia","001","District of Columbia","38.895572","-76.958072"
"03/19/2025","AQS","110010041","1","36.7","ppb","34","RIVER TERRACE","24","100.0000","42602","Nitrogen dioxide (NO2)","599","47900","Washington-Arlington-Alexandria, DC-VA-MD-WV","11","District Of Columbia","001","District of Columbia","38.895572","-76.958072"
"03/22/2025","AQS","110010041","1","34.2","ppb","32","RIVER TERRACE","24","100.0000","42602","Nitrogen dioxide (NO2)","599","47900","Washington-Arlington-Alexandria, DC-VA-MD-WV","11","District Of Columbia","001","District of Columbia","38.895572","-76.958072"
"03/23/2025","AQS","110010041","1","14","ppb","13","RIVER TERRACE","22","92.0000","42602","Nitrogen dioxide (NO2)","599","47900","Washington-Arlington-Alexandria, DC-VA-MD-WV","11","District Of Columbia","001","District of Columbia","38.895572","-76.958072"
"03/24/2025","AQS","110010041","1","27.8","ppb","25","RIVER TERRACE","22","92.0000","42602","Nitrogen dioxide (NO2)","599","47900","Washington-Arlington-Alexandria, DC-VA-MD-WV","11","District Of Columbia","001","District of Columbia","38.895572","-76.958072"
"03/25/2025","AQS","110010041","1","10.6","ppb","9","RIVER TERRACE","24","100.0000","42602","Nitrogen dioxide (NO2)","599","47900","Washington-Arlington-Alexandria, DC-VA-MD-WV","11","District Of Columbia","001","District of Columbia","38.895572","-76.958072"
"03/26/2025","AQS","110010041","1","20.9","ppb","19","RIVER TERRACE","22","92.0000","42602","Nitrogen dioxide (NO2)","599","47900","Washington-Arlington-Alexandria, DC-VA-MD-WV","11","District Of Columbia","001","District of Columbia","38.895572","-76.958072"
"03/27/2025","AQS","110010041","1","21","ppb","20","RIVER TERRACE","24","100.0000","42602","Nitrogen dioxide (NO2)","599","47900","Washington-Arlington-Alexandria, DC-VA-MD-WV","11","District Of Columbia","001","District of Columbia","38.895572","-76.958072"
"03/28/2025","AQS","110010041","1","29.2","ppb","27","RIVER TERRACE","24","100.0000","42602","Nitrogen dioxide (NO2)","599","47900","Washington-Arlington-Alexandria, DC-VA-MD-WV","11","District Of Columbia","001","District of Columbia","38.895572","-76.958072"
"03/29/2025","AQS","110010041","1","14","ppb","13","RIVER TERRACE","22","92.0000","42602","Nitrogen dioxide (NO2)","599","47900","Washington-Arlington-Alexandria, DC-VA-MD-WV","11","District Of Columbia","001","District of Columbia","38.895572","-76.958072"
"03/30/2025","AQS","110010041","1","3.9","ppb","3","RIVER TERRACE","22","92.0000","42602","Nitrogen dioxide (NO2)","599","47900","Washington-Arlington-Alexandria, DC-VA-MD-WV","11","District Of Columbia","001","District of Columbia","38.895572","-76.958072"
"03/31/2025","AQS","110010041","1","5.4","ppb","5","RIVER TERRACE","24","100.0000","42602","Nitrogen dioxide (NO2)","599","47900","Washington-Arlington-Alexandria, DC-VA-MD-WV","11","District Of Columbia","001","District of Columbia","38.895572","-76.958072"
"04/01/2025","AQS","110010041","1","29.3","ppb","27","RIVER TERRACE","22","92.0000","42602","Nitrogen dioxide (NO2)","599","47900","Washington-Arlington-Alexandria, DC-VA-MD-WV","11","District Of Columbia","001","District of Columbia","38.895572","-76.958072"
"04/02/2025","AQS","110010041","1","30.9","ppb","28","RIVER TERRACE","24","100.0000","42602","Nitrogen dioxide (NO2)","599","47900","Washington-Arlington-Alexandria, DC-VA-MD-WV","11","District Of Columbia","001","District of Columbia","38.895572","-76.958072"
"04/03/2025","AQS","110010041","1","16.7","ppb","15","RIVER TERRACE","24","100.0000","42602","Nitrogen dioxide (NO2)","599","47900","Washington-Arlington-Alexandria, DC-VA-MD-WV","11","District Of Columbia","001","District of Columbia","38.895572","-76.958072"
"04/04/2025","AQS","110010041","1","19.9","ppb","18","RIVER TERRACE","22","92.0000","42602","Nitrogen dioxide (NO2)","599","47900","Washington-Arlington-Alexandria, DC-VA-MD-WV","11","District Of Columbia","001","District of Columbia","38.895572","-76.958072"
"04/05/2025","AQS","110010041","1","11.6","ppb","10","RIVER TERRACE","22","92.0000","42602","Nitrogen dioxide (NO2)","599","47900","Washington-Arlington-Alexandria, DC-VA-MD-WV","11","District Of Columbia","001","District of Columbia","38.895572","-76.958072"
"04/06/2025","AQS","110010041","1","8.7","ppb","8","RIVER TERRACE","24","100.0000","42602","Nitrogen dioxide (NO2)","599","47900","Washington-Arlington-Alexandria, DC-VA-MD-WV","11","District Of Columbia","001","District of Columbia","38.895572","-76.958072"
"04/07/2025","AQS","110010041","1","16","ppb","15","RIVER TERRACE","22","92.0000","42602","Nitrogen dioxide (NO2)","599","47900","Washington-Arlington-Alexandria, DC-VA-MD-WV","11","District Of Columbia","001","District of Columbia","38.895572","-76.958072"
"04/08/2025","AQS","110010041","1","13.6","ppb","12","RIVER TERRACE","24","100.0000","42602","Nitrogen dioxide (NO2)","599","47900","Washington-Arlington-Alexandria, DC-VA-MD-WV","11","District Of Columbia","001","District of Columbia","38.895572","-76.958072"
"04/09/2025","AQS","110010041","1","33.3","ppb","31","RIVER TERRACE","24","100.0000","42602","Nitrogen dioxide (NO2)","599","47900","Washington-Arlington-Alexandria, DC-VA-MD-WV","11","District Of Columbia","001","District of Columbia","38.895572","-76.958072"
"04/10/2025","AQS","110010041","1","10.1","ppb","9","RIVER TERRACE","22","92.0000","42602","Nitrogen dioxide (NO2)","599","47900","Washington-Arlington-Alexandria, DC-VA-MD-WV","11","District Of Columbia","001","District of Columbia","38.895572","-76.958072"
"04/11/2025","AQS","110010041","1","14.7","ppb","13","RIVER TERRACE","22","92.0000","42602","Nitrogen dioxide (NO2)","599","47900","Washington-Arlington-Alexandria, DC-VA-MD-WV","11","District Of Columbia","001","District of Columbia","38.895572","-76.958072"
"04/12/2025","AQS","110010041","1","9.7","ppb","8","RIVER TERRACE","24","100.0000","42602","Nitrogen dioxide (NO2)","599","47900","Washington-Arlington-Alexandria, DC-VA-MD-WV","11","District Of Columbia","001","District of Columbia","38.895572","-76.958072"
"04/13/2025","AQS","110010041","1","26.3","ppb","25","RIVER TERRACE","22","92.0000","42602","Nitrogen dioxide (NO2)","599","47900","Washington-Arlington-Alexandria, DC-VA-MD-WV","11","District Of Columbia","001","District of Columbia","38.895572","-76.958072"
"04/14/2025","AQS","110010041","1","24.6","ppb","23","RIVER TERRACE","24","100.0000","42602","Nitrogen dioxide (NO2)","599","47900","Washington-Arlington-Alexandria, DC-VA-MD-WV","11","District Of Columbia","001","District of Columbia","38.895572","-76.958072"
"04/15/2025","AQS","110010041","1","14.6","ppb","13","RIVER TERRACE","24","100.0000","42602","Nitrogen dioxide (NO2)","599","47900","Washington-Arlington-Alexandria, DC-VA-MD-WV","11","District Of Columbia","001","District of Columbia","38.895572","-76.958072"
"04/16/2025","AQS","110010041","1","9.6","ppb","8","RIVER TERRACE","22","92.0000","42602","Nitrogen dioxide (NO2)","599","47900","Washington-Arlington-Alexandria, DC-VA-MD-WV","11","District Of Columbia","001","District of Columbia","38.895572","-76.958072"
"04/17/2025","AQS","110010041","1","33.4","ppb","31","RIVER TERRACE","22","92.0000","42602","Nitrogen dioxide (NO2)","599","47900","Washington-Arlington-Alexandria, DC-VA-MD-WV","11","District Of Columbia","001","District of Columbia","38.895572","-76.958072"
"04/18/2025","AQS","110010041","1","32.5","ppb","30","RIVER TERRACE","24","100.0000","42602","Nitrogen dioxide (NO2)","599","47900","Washington-Arlington-Alexandria, DC-VA-MD-WV","11","District Of Columbia","001","District of Columbia","38.895572","-76.958072"
"04/19/2025","AQS","110010041","1","3.9","ppb","3","RIVER TERRACE","22","92.0000","42602","Nitrogen dioxide (NO2)","599","47900","Washington-Arlington-Alexandria, DC-VA-MD-WV","11","District Of Columbia","001","District of Columbia","38.895572","-76.958072"
"04/20/2025","AQS","110010041","1","21.5","ppb","20","RIVER TERRACE","24","100.0000","42602","Nitrogen dioxide (NO2)","599","47900","Washington-Arlington-Alexandria, DC-VA-MD-WV","11","District Of Columbia","001","District of Columbia","38.895572","-76.958072"
"04/21/2025","AQS","110010041","1","10.2","ppb","9","RIVER TERRACE","24","100.0000","42602","Nitrogen dioxide (NO2)","599","47900","Washington-Arlington-Alexandria, DC-VA-MD-WV","11","District Of Columbia","001","District of Columbia","38.895572","-76.958072"
"04/22/2025","AQS","110010041","1","24.2","ppb","23","RIVER TERRACE","22","92.0000","42602","Nitrogen dioxide (NO2)","599","47900","Washington-Arlington-Alexandria, DC-VA-MD-WV","11","District Of Columbia","001","District of Columbia","38.895572","-76.958072"
"04/23/2025","AQS","110010041","1","29.3","ppb","27","RIVER TERRACE","22","92.0000","42602","Nitrogen dioxide (NO2)","599","47900","Washington-Arlington-Alexandria, DC-VA-MD-WV","11","District Of Columbia","001","District of Columbia","38.895572","-76.958072"
"04/24/2025","AQS","110010041","1","23.1","ppb","22","RIVER TERRACE","24","100.0000","42602","Nitrogen dioxide (NO2)","599","47900","Washington-Arlington-Alexandria, DC-VA-MD-WV","11","District Of Columbia","001","District of Columbia","38.895572","-76.958072"
"04/25/2025","AQS","110010041","1","17.3","ppb","16","RIVER TERRACE","22","92.0000","42602","Nitrogen dioxide (NO2)","599","47900","Washington-Arlington-Alexandria, DC-VA-MD-WV","11","District Of Columbia","001","District of Columbia","38.895572","-76.958072"
"04/26/2025","AQS","110010041","1","4.4","ppb","4","RIVER TERRACE","24","100.0000","42602","Nitrogen dioxide (NO2)","599","47900","Washington-Arlington-Alexandria, DC-VA-MD-WV","11","District Of Columbia","001","District of Columbia","38.895572","-76.958072"
"04/27/2025","AQS","110010041","1","8.3","ppb","8","RIVER TERRACE","24","100.0000","42602","Nitrogen dioxide (NO2)","599","47900","Washington-Arlington-Alexandria, DC-VA-MD-WV","11","District Of Columbia","001","District of Columbia","38.895572","-76.958072"
"04/28/2025","AQS","110010041","1","28.2","ppb","26","RIVER TERRACE","22","92.0000","42602","Nitrogen dioxide (NO2)","599","47900","Washington-Arlington-Alexandria, DC-VA-MD-WV","11","District Of Columbia","001","District of Columbia","38.895572","-76.958072"
"04/29/2025","AQS","110010041","1","9.5","ppb","8","RIVER TERRACE","22","92.0000","42602","Nitrogen dioxide (NO2)","599","47900","Washington-Arlington-Alexandria, DC-VA-MD-WV","11","District Of Columbia","001","District of Columbia","38.895572","-76.958072"
"04/30/2025","AQS","110010041","1","20.7","ppb","19","RIVER TERRACE","24","100.0000","42602","Nitrogen dioxide (NO2)","599","47900","Washington-Arlington-Alexandria, DC-VA-MD-WV","11","District Of Columbia","001","District of Columbia","38.895572","-76.958072"
"05/01/2025","AQS","110010041","1","18.3","ppb","17","RIVER TERRACE","22","92.0000","42602","Nitrogen dioxide (NO2)","599","47900","Washington-Arlington-Alexandria, DC-VA-MD-WV","11","District Of Columbia","001","District of Columbia","38.895572","-76.958072"
"05/02/2025","AQS","110010041","1","9.1","ppb","8","RIVER TERRACE","24","100.0000","42602","Nitrogen dioxide (NO2)","599","47900","Washington-Arlington-Alexandria, DC-VA-MD-WV","11","District Of Columbia","001","District of Columbia","38.895572","-76.958072"
"05/03/2025","AQS","110010041","1","4.8","ppb","4","RIVER TERRACE","24","100.0000","42602","Nitrogen dioxide (NO2)","599","47900","Washington-Arlington-Alexandria, DC-VA-MD-WV","11","District Of Columbia","001","District of Columbia","38.895572","-76.958072"
"05/04/2025","AQS","110010041","1","5.9","ppb","5","RIVER TERRACE","22","92.0000","42602","Nitrogen dioxide (NO2)","599","47900","Washington-Arlington-Alexandria, DC-VA-MD-WV","11","District Of Columbia","001","District of Columbia","38.895572","-76.958072"
"05/05/2025","AQS","110010041","1","9.5","ppb","8","RIVER TERRACE","22","92.0000","42602","Nitrogen dioxide (NO2)","599","47900","Washington-Arlington-Alexandria, DC-VA-MD-WV","11","District Of Columbia","001","District of Columbia","38.895572","-76.958072"
"05/06/2025","AQS","110010041","1","12.8","ppb","11","RIVER TERRACE","24","100.0000","42602","Nitrogen dioxide (NO2)","599","47900","Washington-Arlington-Alexandria, DC-VA-MD-WV","11","District Of Columbia","001","District of Columbia","38.895572","-76.958072"
"05/07/2025","AQS","110010041","1","26.2","ppb","25","RIVER TERRACE","22","92.0000","42602","Nitrogen dioxide (NO2)","599","47900","Washington-Arlington-Alexandria, DC-VA-MD-WV","11","District Of Columbia","001","District of Columbia","38.895572","-76.958072"
"05/08/2025","AQS","110010041","1","27.6","ppb","25","RIVER TERRACE","24","100.0000","42602","Nitrogen dioxide (NO2)","599","47900","Washington-Arlington-Alexandria, DC-VA-MD-WV","11","District Of Columbia","001","District of Columbia","38.895572","-76.958072"
"05/09/2025","AQS","110010041","1","13.5","ppb","12","RIVER TERRACE","24","100.0000","42602","Nitrogen dioxide (NO2)","599","47900","Washington-Arlington-Alexandria, DC-VA-MD-WV","11","District Of Columbia","001","District of Columbia","38.895572","-76.958072"
"05/10/2025","AQS","110010041","1","12.5","ppb","11","RIVER TERRACE","22","92.0000","42602","Nitrogen dioxide (NO2)","599","47900","Washington-Arlington-Alexandria, DC-VA-MD-WV","11","District Of Columbia","001","District of Columbia","38.895572","-76.958072"
"05/11/2025","AQS","110010041","1","14","ppb","13","RIVER TERRACE","22","92.0000","42602","Nitrogen dioxide (NO2)","599","47900","Washington-Arlington-Alexandria, DC-VA-MD-WV","11","District Of Columbia","001","District of Columbia","38.895572","-76.958072"
"05/12/2025","AQS","110010041","1","24.4","ppb","23","RIVER TERRACE","24","100.0000","42602","Nitrogen dioxide (NO2)","599","47900","Washington-Arlington-Alexandria, DC-VA-MD-WV","11","District Of Columbia","001","District of Columbia","38.895572","-76.958072"
"05/13/2025","AQS","110010041","1","7.6","ppb","7","RIVER TERRACE","22","92.0000","42602","Nitrogen dioxide (NO2)","599","47900","Washington-Arlington-Alexandria, DC-VA-MD-WV","11","District Of Columbia","001","District of Columbia","38.895572","-76.958072"
"05/14/2025","AQS","110010041","1","10.7","ppb","9","RIVER TERRACE","24","100.0000","42602","Nitrogen dioxide (NO2)","599","47900","Washington-Arlington-Alexandria, DC-VA-MD-WV","11","District Of Columbia","001","District of Columbia","38.895572","-76.958072"
"05/15/2025","AQS","110010041","1","10.1","ppb","9","RIVER TERRACE","24","100.0000","42602","Nitrogen dioxide (NO2)","599","47900","Washington-Arlington-Alexandria, DC-VA-MD-WV","11","District Of Columbia","001","District of Columbia","38.895572","-76.958072"
"05/16/2025","AQS","110010041","1","8","ppb","8","RIVER TERRACE","22","92.0000","42602","Nitrogen dioxide (NO2)","599","47900","Washington-Arlington-Alexandria, DC-VA-MD-WV","11","District Of Columbia","001","District of Columbia","38.895572","-76.958072"
"05/17/2025","AQS","110010041","1","4.8","ppb","4","RIVER TERRACE","22","92.0000","42602","Nitrogen dioxide (NO2)","599","47900","Washington-Arlington-Alexandria, DC-VA-MD-WV","11","District Of Columbia","001","District of Columbia","38.895572","-76.958072"
"05/18/2025","AQS","110010041","1","3.8","ppb","3","RIVER TERRACE","24","100.0000","42602","Nitrogen dioxide (NO2)","599","47900","Washington-Arlington-Alexandria, DC-VA-MD-WV","11","District Of Columbia","001","District of Columbia","38.895572","-76.958072"
"05/19/2025","AQS","110010041","1","3.5","ppb","3","RIVER TERRACE","22","92.0000","42602","Nitrogen dioxide (NO2)","599","47900","Washington-Arlington-Alexandria, DC-VA-MD-WV","11","District Of Columbia","001","District of Columbia","38.895572","-76.958072"
"05/20/2025","AQS","110010041","1","8.4","ppb","8","RIVER TERRACE","24","100.0000","42602","Nitrogen dioxide (NO2)","599","47900","Washington-Arlington-Alexandria, DC-VA-MD-WV","11","District Of Columbia","001","District of Columbia","38.895572","-76.958072"
"05/21/2025","AQS","110010041","1","7.8","ppb","7","RIVER TERRACE","24","100.0000","42602","Nitrogen dioxide (NO2)","599","47900","Washington-Arlington-Alexandria, DC-VA-MD-WV","11","District Of Columbia","001","District of Columbia","38.895572","-76.958072"
"05/22/2025","AQS","110010041","1","8.4","ppb","8","RIVER TERRACE","22","92.0000","42602","Nitrogen dioxide (NO2)","599","47900","Washington-Arlington-Alexandria, DC-VA-MD-WV","11","District Of Columbia","001","District of Columbia","38.895572","-76.958072"
"05/23/2025","AQS","110010041","1","5","ppb","5","RIVER TERRACE","22","92.0000","42602","Nitrogen dioxide (NO2)","599","47900","Washington-Arlington-Alexandria, DC-VA-MD-WV","11","District Of Columbia","001","District of Columbia","38.895572","-76.958072"
"05/24/2025","AQS","110010041","1","16.6","ppb","15","RIVER TERRACE","24","100.0000","42602","Nitrogen dioxide (NO2)","599","47900","Washington-Arlington-Alexandria, DC-VA-MD-WV","11","District Of Columbia","001","District of Columbia","38.895572","-76.958072"
"05/25/2025","AQS","110010041","1","9.5","ppb","8","RIVER TERRACE","22","92.0000","42602","Nitrogen dioxide (NO2)","599","47900","Washington-Arlington-Alexandria, DC-VA-MD-WV","11","District Of Columbia","001","District of Columbia","38.895572","-76.958072"
"05/26/2025","AQS","110010041","1","17.1","ppb","16","RIVER TERRACE","24","100.0000","42602","Nitrogen dioxide (NO2)","599","47900","Washington-Arlington-Alexandria, DC-VA-MD-WV","11","District Of Columbia","001","District of Columbia","38.895572","-76.958072"
"05/27/2025","AQS","110010041","1","25.5","ppb","24","RIVER TERRACE","24","100.0000","42602","Nitrogen dioxide (NO2)","599","47900","Washington-Arlington-Alexandria, DC-VA-MD-WV","11","District Of Columbia","001","District of Columbia","38.895572","-76.958072"
"05/28/2025","AQS","110010041","1","12.7","ppb","11","RIVER TERRACE","22","92.0000","42602","Nitrogen dioxide (NO2)","599","47900","Washington-Arlington-Alexandria, DC-VA-MD-WV","11","District Of Columbia","001","District of Columbia","38.895572","-76.958072"
"05/29/2025","AQS","110010041","1","7.4","ppb","7","RIVER TERRACE","22","92.0000","42602","Nitrogen dioxide (NO2)","599","47900","Washington-Arlington-Alexandria, DC-VA-MD-WV","11","District Of Columbia","001","District of Columbia","38.895572","-76.958072"
"05/30/2025","AQS","110010041","1","7.7","ppb","7","RIVER TERRACE","24","100.0000","42602","Nitrogen dioxide (NO2)","599","47900","Washington-Arlington-Alexandria, DC-VA-MD-WV","11","District Of Columbia","001","District of Columbia","38.895572","-76.958072"
"05/31/2025","AQS","110010041","1","6.1","ppb","6","RIVER TERRACE","22","92.0000","42602","Nitrogen dioxide (NO2)","599","47900","Washington-Arlington-Alexandria, DC-VA-MD-WV","11","District Of Columbia","001","District of Columbia","38.895572","-76.958072"
"06/01/2025","AQS","110010041","1","23.6","ppb","22","RIVER TERRACE","24","100.0000","42602","Nitrogen dioxide (NO2)","599","47900","Washington-Arlington-Alexandria, DC-VA-MD-WV","11","District Of Columbia","001","District of Columbia","38.895572","-76.958072"
"06/02/2025","AQS","110010041","1","22.1","ppb","21","RIVER TERRACE","24","100.0000","42602","Nitrogen dioxide (NO2)","599","47900","Washington-Arlington-Alexandria, DC-VA-MD-WV","11","District Of Columbia","001","District of Columbia","38.895572","-76.958072"
"06/03/2025","AQS","110010041","1","26.5","ppb","25","RIVER TERRACE","22","92.0000","42602","Nitrogen dioxide (NO2)","599","47900","Washington-Arlington-Alexandria, DC-VA-MD-WV","11","District Of Columbia","001","District of Columbia","38.895572","-76.958072"
"06/04/2025","AQS","110010041","1","22.9","ppb","21","RIVER TERRACE","22","92.0000","42602","Nitrogen dioxide (NO2)","599","47900","Washington-Arlington-Alexandria, DC-VA-MD-WV","11","District Of Columbia","001","District of Columbia","38.895572","-76.958072"
"06/05/2025","AQS","110010041","1","9","ppb","8","RIVER TERRACE","24","100.0000","42602","Nitrogen dioxide (NO2)","599","47900","Washington-Arlington-Alexandria, DC-VA-MD-WV","11","District Of Columbia","001","District of Columbia","38.895572","-76.958072"
"06/06/2025","AQS","110010041","1","14.7","ppb","13","RIVER TERRACE","22","92.0000","42602","Nitrogen dioxide (NO2)","599","47900","Washington-Arlington-Alexandria, DC-VA-MD-WV","11","District Of Columbia","001","District of Columbia","38.895572","-76.958072"
"06/07/2025","AQS","110010041","1","12.9","ppb","11","RIVER TERRACE","24","100.0000","42602","Nitrogen dioxide (NO2)","599","47900","Washington-Arlington-Alexandria, DC-VA-MD-WV","11","District Of Columbia","001","District of Columbia","38.895572","-76.958072"
"06/08/2025","AQS","110010041","1","14.2","ppb","13","RIVER TERRACE","24","100.0000","42602","Nitrogen dioxide (NO2)","599","47900","Washington-Arlington-Alexandria, DC-VA-MD-WV","11","District Of Columbia","001","District of Columbia","38.895572","-76.958072"
"06/09/2025","AQS","110010041","1","8.8","ppb","8","RIVER TERRACE","22","92.0000","42602","Nitrogen dioxide (NO2)","599","47900","Washington-Arlington-Alexandria, DC-VA-MD-WV","11","District Of Columbia","001","District of Columbia","38.895572","-76.958072"
"06/10/2025","AQS","110010041","1","8.9","ppb","8","RIVER TERRACE","22","92.0000","42602","Nitrogen dioxide (NO2)","599","47900","Washington-Arlington-Alexandria, DC-VA-MD-WV","11","District Of Columbia","001","District of Columbia","38.895572","-76.958072"
"06/11/2025","AQS","110010041","1","18.1","ppb","17","RIVER TERRACE","24","100.0000","42602","Nitrogen dioxide (NO2)","599","47900","Washington-Arlington-Alexandria, DC-VA-MD-WV","11","District Of Columbia","001","District of Columbia","38.895572","-76.958072"
"06/12/2025","AQS","110010041","1","12","ppb","11","RIVER TERRACE","22","92.0000","42602","Nitrogen dioxide (NO2)","599","47900","Washington-Arlington-Alexandria, DC-VA-MD-WV","11","District Of Columbia","001","District of Columbia","38.895572","-76.958072"
"06/13/2025","AQS","110010041","1","10","ppb","9","RIVER TERRACE","24","100.0000","42602","Nitrogen dioxide (NO2)","599","47900","Washington-Arlington-Alexandria, DC-VA-MD-WV","11","District Of Columbia","001","District of Columbia","38.895572","-76.958072"
"06/14/2025","AQS","110010041","1","6.6","ppb","6","RIVER TERRACE","24","100.0000","42602","Nitrogen dioxide (NO2)","599","47900","Washington-Arlington-Alexandria, DC-VA-MD-WV","11","District Of Columbia","001","District of Columbia","38.895572","-76.958072"
"06/15/2025","AQS","110010041","1","4","ppb","4","RIVER TERRACE","22","92.0000","42602","Nitrogen dioxide (NO2)","599","47900","Washington-Arlington-Alexandria, DC-VA-MD-WV","11","District Of Columbia","001","District of Columbia","38.895572","-76.958072"
"06/16/2025","AQS","110010041","1","9.9","ppb","8","RIVER TERRACE","22","92.0000","42602","Nitrogen dioxide (NO2)","599","47900","Washington-Arlington-Alexandria, DC-VA-MD-WV","11","District Of Columbia","001","District of Columbia","38.895572","-76.958072"
"06/17/2025","AQS","110010041","1","5.7","ppb","5","RIVER TERRACE","24","100.0000","42602","Nitrogen dioxide (NO2)","599","47900","Washington-Arlington-Alexandria, DC-VA-MD-WV","11","District Of Columbia","001","District of Columbia","38.895572","-76.958072"
"06/18/2025","AQS","110010041","1","21.3","ppb","20","RIVER TERRACE","22","92.0000","42602","Nitrogen dioxide (NO2)","599","47900","Washington-Arlington-Alexandria, DC-VA-MD-WV","11","District Of Columbia","001","District of Columbia","38.895572","-76.958072"
"06/19/2025","AQS","110010041","1","9.4","ppb","8","RIVER TERRACE","24","100.0000","42602","Nitrogen dioxide (NO2)","599","47900","Washington-Arlington-Alexandria, DC-VA-MD-WV","11","District Of Columbia","001","District of Columbia","38.895572","-76.958072"
"06/20/2025","AQS","110010041","1","16.8","ppb","15","RIVER TERRACE","19","79.0000","42602","Nitrogen dioxide (NO2)","599","47900","Washington-Arlington-Alexandria, DC-VA-MD-WV","11","District Of Columbia","001","District of Columbia","38.895572","-76.958072"
"06/21/2025","AQS","110010041","1","15.9","ppb","14","RIVER TERRACE","22","92.0000","42602","Nitrogen dioxide (NO2)","599","47900","Washington-Arlington-Alexandria, DC-VA-MD-WV","11","District Of Columbia","001","District of Columbia","38.895572","-76.958072"
"06/22/2025","AQS","110010041","1","10.1","ppb","9","RIVER TERRACE","22","92.0000","42602","Nitrogen dioxide (NO2)","599","47900","Washington-Arlington-Alexandria, DC-VA-MD-WV","11","District Of Columbia","001","District of Columbia","38.895572","-76.958072"
"06/23/2025","AQS","110010041","1","17.1","ppb","16","RIVER TERRACE","24","100.0000","42602","Nitrogen dioxide (NO2)","599","47900","Washington-Arlington-Alexandria, DC-VA-MD-WV","11","District Of Columbia","001","District of Columbia","38.895572","-76.958072"
"06/24/2025","AQS","110010041","1","23.9","ppb","22","RIVER TERRACE","22","92.0000","42602","Nitrogen dioxide (NO2)","599","47900","Washington-Arlington-Alexandria, DC-VA-MD-WV","11","District Of Columbia","001","District of Columbia","38.895572","-76.958072"
"06/25/2025","AQS","110010041","1","23.5","ppb","22","RIVER TERRACE","24","100.0000","42602","Nitrogen dioxide (NO2)","599","47900","Washington-Arlington-Alexandria, DC-VA-MD-WV","11","District Of Columbia","001","District of Columbia","38.895572","-76.958072"
"06/26/2025","AQS","110010041","1","16.2","ppb","15","RIVER TERRACE","24","100.0000","42602","Nitrogen dioxide (NO2)","599","47900","Washington-Arlington-Alexandria, DC-VA-MD-WV","11","District Of Columbia","001","District of Columbia","38.895572","-76.958072"
"06/27/2025","AQS","110010041","1","6.7","ppb","6","RIVER TERRACE","22","92.0000","42602","Nitrogen dioxide (NO2)","599","47900","Washington-Arlington-Alexandria, DC-VA-MD-WV","11","District Of Columbia","001","District of Columbia","38.895572","-76.958072"
"06/28/2025","AQS","110010041","1","7.7","ppb","7","RIVER TERRACE","22","92.0000","42602","Nitrogen dioxide (NO2)","599","47900","Washington-Arlington-Alexandria, DC-VA-MD-WV","11","District Of Columbia","001","District of Columbia","38.895572","-76.958072"
"06/29/2025","AQS","110010041","1","12.8","ppb","11","RIVER TERRACE","24","100.0000","42602","Nitrogen dioxide (NO2)","599","47900","Washington-Arlington-Alexandria, DC-VA-MD-WV","11","District Of Columbia","001","District of Columbia","38.895572","-76.958072"
"06/30/2025","AQS","110010041","1","9.7","ppb","8","RIVER TERRACE","22","92.0000","42602","Nitrogen dioxide (NO2)","599","47900","Washington-Arlington-Alexandria, DC-VA-MD-WV","11","District Of Columbia","001","District of Columbia","38.895572","-76.958072"
"01/01/2025","AQS","110010043","1","19.7","ppb","18","MCMILLAN  NCore-PAMS","24","100.0000","42602","Nitrogen dioxide (NO2)","074","47900","Washington-Arlington-Alexandria, DC-VA-MD-WV","11","District Of Columbia","001","District of Columbia","38.9218470009224","-77.013178"
"01/02/2025","AQS","110010043","1","13.8","ppb","12","MCMILLAN  NCore-PAMS","22","92.0000","42602","Nitrogen dioxide (NO2)","074","47900","Washington-Arlington-Alexandria, DC-VA-MD-WV","11","District Of Columbia","001","District of Columbia","38.9218470009224","-77.013178"
"01/03/2025","AQS","110010043","1","31.4","ppb","29","MCMILLAN  NCore-PAMS","22","92.0000","42602","Nitrogen dioxide (NO2)","074","47900","Washington-Arlington-Alexandria, DC-VA-MD-WV","11","District Of Columbia","001","District of Columbia","38.9218470009224","-77.013178"
"01/04/2025","AQS","110010043","1","5.5","ppb","5","MCMILLAN  NCore-PAMS","24","100.0000","42602","Nitrogen dioxide (NO2)","074","47900","Washington-Arlington-Alexandria, DC-VA-MD-WV","11","District Of Columbia","001","District of Columbia","38.9218470009224","-77.013178"
"01/05/2025","AQS","110010043","1","18.1","ppb","17","MCMILLAN  NCore-PAMS","24","100.0000","42602","Nitrogen dioxide (NO2)","074","47900","Washington-Arlington-Alexandria, DC-VA-MD-WV","11","District Of Columbia","001","District of Columbia","38.9218470009224","-77.013178"
"01/06/2025","AQS","110010043","1","13.5","ppb","12","MCMILLAN  NCore-PAMS","22","92.0000","42602","Nitrogen dioxide (NO2)","074","47900","Washington-Arlington-Alexandria, DC-VA-MD-WV","11","District Of Columbia","001","District of Columbia","38.9218470009224","-77.013178"
"01/07/2025","AQS","110010043","1","6.1","ppb","6","MCMILLAN  NCore-PAMS","24","100.0000","42602","Nitrogen dioxide (NO2)","074","47900","Washington-Arlington-Alexandria, DC-VA-MD-WV","11","District Of Columbia","001","District of Columbia","38.9218470009224","-77.013178"
"01/08/2025","AQS","110010043","1","10.6","ppb","9","MCMILLAN  NCore-PAMS","22","92.0000","42602","Nitrogen dioxide (NO2)","074","47900","Washington-Arlington-Alexandria, DC-VA-MD-WV","11","District Of Columbia","001","District of Columbia","38.9218470009224","-77.013178"
"01/09/2025","AQS","110010043","1","6.2","ppb","6","MCMILLAN  NCore-PAMS","22","92.0000","42602","Nitrogen dioxide (NO2)","074","47900","Washington-Arlington-Alexandria, DC-VA-MD-WV","11","District Of Columbia","001","District of Columbia","38.9218470009224","-77.013178"
"01/10/2025","AQS","110010043","1","36.9","ppb","34","MCMILLAN  NCore-PAMS","24","100.0000","42602","Nitrogen dioxide (NO2)","074","47900","Washington-Arlington-Alexandria, DC-VA-MD-WV","11","District Of Columbia","001","District of Columbia","38.9218470009224","-77.013178"
"01/11/2025","AQS","110010043","1","15.1","ppb","14","MCMILLAN  NCore-PAMS","24","100.0000","42602","Nitrogen dioxide (NO2)","074","47900","Washington-Arlington-Alexandria, DC-VA-MD-WV","11","District Of Columbia","001","District of Columbia","38.9218470009224","-77.013178"
"01/12/2025","AQS","110010043","1","39.3","ppb","37","MCMILLAN  NCore-PAMS","22","92.0000","42602","Nitrogen dioxide (NO2)","074","47900","Washington-Arlington-Alexandria, DC-VA-MD-WV","11","District Of Columbia","001","District of Columbia","38.9218470009224","-77.013178"
"01/13/2025","AQS","110010043","1","42.1","ppb","40","MCMILLAN  NCore-PAMS","24","100.0000","42602","Nitrogen dioxide (NO2)","074","47900","Washington-Arlington-Alexandria, DC-VA-MD-WV","11","District Of Columbia","001","District of Columbia","38.9218470009224","-77.013178"
"01/14/2025","AQS","110010043","1","11.4","ppb","10","MCMILLAN  NCore-PAMS","22","92.0000","42602","Nitrogen dioxide (NO2)","074","47900","Washington-Arlington-Alexandria, DC-VA-MD-WV","11","District Of Columbia","001","District of Columbia","38.9218470009224","-77.013178"
"01/15/2025","AQS","110010043","1","10.2","ppb","9","MCMILLAN  NCore-PAMS","22","92.0000","42602","Nitrogen dioxide (NO2)","074","47900","Washington-Arlington-Alexandria, DC-VA-MD-WV","11","District Of Columbia","001","District of Columbia","38.9218470009224","-77.013178"
"01/16/2025","AQS","110010043","1","32","ppb","30","MCMILLAN  NCore-PAMS","24","100.0000","42602","Nitrogen dioxide (NO2)","074","47900","Washington-Arlington-Alexandria, DC-VA-MD-WV","11","District Of Columbia","001","District of Columbia","38.9218470009224","-77.013178"
"01/17/2025","AQS","110010043","1","30.1","ppb","28","MCMILLAN  NCore-PAMS","24","100.0000","42602","Nitrogen dioxide (NO2)","074","47900","Washington-Arlington-Alexandria, DC-VA-MD-WV","11","District Of Columbia","001","District of Columbia","38.9218470009224","-77.013178"
"01/18/2025","AQS","110010043","1","33.9","ppb","31","MCMILLAN  NCore-PAMS","22","92.0000","42602","Nitrogen dioxide (NO2)","074","47900","Washington-Arlington-Alexandria, DC-VA-MD-WV","11","District Of Columbia","001","District of Columbia","38.9218470009224","-77.013178"
"01/19/2025","AQS","110010043","1","33.8","ppb","31","MCMILLAN  NCore-PAMS","24","100.0000","42602","Nitrogen dioxide (NO2)","074","47900","Washington-Arlington-Alexandria, DC-VA-MD-WV","11","District Of Columbia","001","District of Columbia","38.9218470009224","-77.013178"
"01/20/2025","AQS","110010043","1","9.6","ppb","8","MCMILLAN  NCore-PAMS","22","92.0000","42602","Nitrogen dioxide (NO2)","074","47900","Washington-Arlington-Alexandria, DC-VA-MD-WV","11","District Of Columbia","001","District of Columbia","38.9218470009224","-77.013178"
"01/21/2025","AQS","110010043","1","17.3","ppb","16","MCMILLAN  NCore-PAMS","22","92.0000","42602","Nitrogen dioxide (NO2)","074","47900","Washington-Arlington-Alexandria, DC-VA-MD-WV","11","District Of Columbia","001","District of Columbia","38.9218470009224","-77.013178"
"01/22/2025","AQS","110010043","1","31.4","ppb","29","MCMILLAN  NCore-PAMS","24","100.0000","42602","Nitrogen dioxide (NO2)","074","47900","Washington-Arlington-Alexandria, DC-VA-MD-WV","11","District Of Columbia","001","District of Columbia","38.9218470009224","-77.013178"
"01/23/2025","AQS","110010043","1","39.3","ppb","37","MCMILLAN  NCore-PAMS","24","100.0000","42602","Nitrogen dioxide (NO2)","074","47900","Washington-Arlington-Alexandria, DC-VA-MD-WV","11","District Of Columbia","001","District of Columbia","38.9218470009224","-77.013178"
"01/24/2025","AQS","110010043","1","44.3","ppb","42","MCMILLAN  NCore-PAMS","22","92.0000","42602","Nitrogen dioxide (NO2)","074","47900","Washington-Arlington-Alexandria, DC-VA-MD-WV","11","District Of Columbia","001","District of Columbia","38.9218470009224","-77.013178"
"01/25/2025","AQS","110010043","1","35.5","ppb","33","MCMILLAN  NCore-PAMS","24","100.0000","42602","Nitrogen dioxide (NO2)","074","47900","Washington-Arlington-Alexandria, DC-VA-MD-WV","11","District Of Columbia","001","District of Columbia","38.9218470009224","-77.013178"
"01/26/2025","AQS","110010043","1","41.1","ppb","39","MCMILLAN  NCore-PAMS","22","92.0000","42602","Nitrogen dioxide (NO2)","074","47900","Washington-Arlington-Alexandria, DC-VA-MD-WV","11","District Of Columbia","001","District of Columbia","38.9218470009224","-77.013178"
"01/27/2025","AQS","110010043","1","44.5","ppb","42","MCMILLAN  NCore-PAMS","22","92.0000","42602","Nitrogen dioxide (NO2)","074","47900","Washington-Arlington-Alexandria, DC-VA-MD-WV","11","District Of Columbia","001","District of Columbia","38.9218470009224","-77.013178"
"01/28/2025","AQS","110010043","1","32.9","ppb","30","MCMILLAN  NCore-PAMS","24","100.0000","42602","Nitrogen dioxide (NO2)","074","47900","Washington-Arlington-Alexandria, DC-VA-MD-WV","11","District Of Columbia","001","District of Columbia","38.9218470009224","-77.013178"
"01/29/2025","AQS","110010043","1","27.2","ppb","25","MCMILLAN  NCore-PAMS","24","100.0000","42602","Nitrogen dioxide (NO2)","074","47900","Washington-Arlington-Alexandria, DC-VA-MD-WV","11","District Of Columbia","001","District of Columbia","38.9218470009224","-77.013178"
"01/30/2025","AQS","110010043","1","35.1","ppb","33","MCMILLAN  NCore-PAMS","22","92.0000","42602","Nitrogen dioxide (NO2)","074","47900","Washington-Arlington-Alexandria, DC-VA-MD-WV","11","District Of Columbia","001","District of Columbia","38.9218470009224","-77.013178"
"01/31/2025","AQS","110010043","1","28.7","ppb","26","MCMILLAN  NCore-PAMS","23","96.0000","42602","Nitrogen dioxide (NO2)","074","47900","Washington-Arlington-Alexandria, DC-VA-MD-WV","11","District Of Columbia","001","District of Columbia","38.9218470009224","-77.013178"
"02/01/2025","AQS","110010043","1","17","ppb","16","MCMILLAN  NCore-PAMS","22","92.0000","42602","Nitrogen dioxide (NO2)","074","47900","Washington-Arlington-Alexandria, DC-VA-MD-WV","11","District Of Columbia","001","District of Columbia","38.9218470009224","-77.013178"
"02/02/2025","AQS","110010043","1","13.5","ppb","12","MCMILLAN  NCore-PAMS","22","92.0000","42602","Nitrogen dioxide (NO2)","074","47900","Washington-Arlington-Alexandria, DC-VA-MD-WV","11","District Of Columbia","001","District of Columbia","38.9218470009224","-77.013178"
"02/03/2025","AQS","110010043","1","36.1","ppb","34","MCMILLAN  NCore-PAMS","24","100.0000","42602","Nitrogen dioxide (NO2)","074","47900","Washington-Arlington-Alexandria, DC-VA-MD-WV","11","District Of Columbia","001","District of Columbia","38.9218470009224","-77.013178"
"02/04/2025","AQS","110010043","1","32.1","ppb","30","MCMILLAN  NCore-PAMS","22","92.0000","42602","Nitrogen dioxide (NO2)","074","47900","Washington-Arlington-Alexandria, DC-VA-MD-WV","11","District Of Columbia","001","District of Columbia","38.9218470009224","-77.013178"
"02/05/2025","AQS","110010043","1","11.7","ppb","10","MCMILLAN  NCore-PAMS","22","92.0000","42602","Nitrogen dioxide (NO2)","074","47900","Washington-Arlington-Alexandria, DC-VA-MD-WV","11","District Of Columbia","001","District of Columbia","38.9218470009224","-77.013178"
"02/06/2025","AQS","110010043","1","29.7","ppb","27","MCMILLAN  NCore-PAMS","24","100.0000","42602","Nitrogen dioxide (NO2)","074","47900","Washington-Arlington-Alexandria, DC-VA-MD-WV","11","District Of Columbia","001","District of Columbia","38.9218470009224","-77.013178"
"02/07/2025","AQS","110010043","1","22.3","ppb","21","MCMILLAN  NCore-PAMS","22","92.0000","42602","Nitrogen dioxide (NO2)","074","47900","Washington-Arlington-Alexandria, DC-VA-MD-WV","11","District Of Columbia","001","District of Columbia","38.9218470009224","-77.013178"
"02/08/2025","AQS","110010043","1","26","ppb","25","MCMILLAN  NCore-PAMS","22","92.0000","42602","Nitrogen dioxide (NO2)","074","47900","Washington-Arlington-Alexandria, DC-VA-MD-WV","11","District Of Columbia","001","District of Columbia","38.9218470009224","-77.013178"
"02/09/2025","AQS","110010043","1","17.3","ppb","16","MCMILLAN  NCore-PAMS","24","100.0000","42602","Nitrogen dioxide (NO2)","074","47900","Washington-Arlington-Alexandria, DC-VA-MD-WV","11","District Of Columbia","001","District of Columbia","38.9218470009224","-77.013178"
"02/10/2025","AQS","110010043","1","15.4","ppb","14","MCMILLAN  NCore-PAMS","24","100.0000","42602","Nitrogen dioxide (NO2)","074","47900","Washington-Arlington-Alexandria, DC-VA-MD-WV","11","District Of Columbia","001","District of Columbia","38.9218470009224","-77.013178"
"02/11/2025","AQS","110010043","1","30","ppb","28","MCMILLAN  NCore-PAMS","22","92.0000","42602","Nitrogen dioxide (NO2)","074","47900","Washington-Arlington-Alexandria, DC-VA-MD-WV","11","District Of Columbia","001","District of Columbia","38.9218470009224","-77.013178"
"02/12/2025","AQS","110010043","1","22.8","ppb","21","MCMILLAN  NCore-PAMS","24","100.0000","42602","Nitrogen dioxide (NO2)","074","47900","Washington-Arlington-Alexandria, DC-VA-MD-WV","11","District Of Columbia","001","District of Columbia","38.9218470009224","-77.013178"
"02/13/2025","AQS","110010043","1","28.3","ppb","26","MCMILLAN  NCore-PAMS","22","92.0000","42602","Nitrogen dioxide (NO2)","074","47900","Washington-Arlington-Alexandria, DC-VA-MD-WV","11","District Of Columbia","001","District of Columbia","38.9218470009224","-77.013178"
"02/14/2025","AQS","110010043","1","38.2","ppb","36","MCMILLAN  NCore-PAMS","22","92.0000","42602","Nitrogen dioxide (NO2)","074","47900","Washington-Arlington-Alexandria, DC-VA-MD-WV","11","District Of Columbia","001","District of Columbia","38.9218470009224","-77.013178"
"02/15/2025","AQS","110010043","1","29","ppb","27","MCMILLAN  NCore-PAMS","24","100.0000","42602","Nitrogen dioxide (NO2)","074","47900","Washington-Arlington-Alexandria, DC-VA-MD-WV","11","District Of Columbia","001","District of Columbia","38.9218470009224","-77.013178"
"02/16/2025","AQS","110010043","1","24.4","ppb","23","MCMILLAN  NCore-PAMS","24","100.0000","42602","Nitrogen dioxide (NO2)","074","47900","Washington-Arlington-Alexandria, DC-VA-MD-WV","11","District Of Columbia","001","District of Columbia","38.9218470009224","-77.013178"
"02/17/2025","AQS","110010043","1","5","ppb","5","MCMILLAN  NCore-PAMS","22","92.0000","42602","Nitrogen dioxide (NO2)","074","47900","Washington-Arlington-Alexandria, DC-VA-MD-WV","11","District Of Columbia","001","District of Columbia","38.9218470009224","-77.013178"
"02/18/2025","AQS","110010043","1","8.3","ppb","8","MCMILLAN  NCore-PAMS","24","100.0000","42602","Nitrogen dioxide (NO2)","074","47900","Washington-Arlington-Alexandria, DC-VA-MD-WV","11","District Of Columbia","001","District of Columbia","38.9218470009224","-77.013178"
"02/19/2025","AQS","110010043","1","21.5","ppb","20","MCMILLAN  NCore-PAMS","22","92.0000","42602","Nitrogen dioxide (NO2)","074","47900","Washington-Arlington-Alexandria, DC-VA-MD-WV","11","District Of Columbia","001","District of Columbia","38.9218470009224","-77.013178"
"02/20/2025","AQS","110010043","1","20.9","ppb","19","MCMILLAN  NCore-PAMS","22","92.0000","42602","Nitrogen dioxide (NO2)","074","47900","Washington-Arlington-Alexandria, DC-VA-MD-WV","11","District Of Columbia","001","District of Columbia","38.9218470009224","-77.013178"
"02/21/2025","AQS","110010043","1","6.5","ppb","6","MCMILLAN  NCore-PAMS","24","100.0000","42602","Nitrogen dioxide (NO2)","074","47900","Washington-Arlington-Alexandria, DC-VA-MD-WV","11","District Of Columbia","001","District of Columbia","38.9218470009224","-77.013178"
"02/22/2025","AQS","110010043","1","26.6","ppb","25","MCMILLAN  NCore-PAMS","24","100.0000","42602","Nitrogen dioxide (NO2)","074","47900","Washington-Arlington-Alexandria, DC-VA-MD-WV","11","District Of Columbia","001","District of Columbia","38.9218470009224","-77.013178"
"02/23/2025","AQS","110010043","1","40.2","ppb","38","MCMILLAN  NCore-PAMS","22","92.0000","42602","Nitrogen dioxide (NO2)","074","47900","Washington-Arlington-Alexandria, DC-VA-MD-WV","11","District Of Columbia","001","District of Columbia","38.9218470009224","-77.013178"
"02/24/2025","AQS","110010043","1","42.4","ppb","40","MCMILLAN  NCore-PAMS","24","100.0000","42602","Nitrogen dioxide (NO2)","074","47900","Washington-Arlington-Alexandria, DC-VA-MD-WV","11","District Of Columbia","001","District of Columbia","38.9218470009224","-77.013178"
"02/25/2025","AQS","110010043","1","33.7","ppb","31","MCMILLAN  NCore-PAMS","22","92.0000","42602","Nitrogen dioxide (NO2)","074","47900","Washington-Arlington-Alexandria, DC-VA-MD-WV","11","District Of Columbia","001","District of Columbia","38.9218470009224","-77.013178"
"02/26/2025","AQS","110010043","1","37.4","ppb","35","MCMILLAN  NCore-PAMS","22","92.0000","42602","Nitrogen dioxide (NO2)","074","47900","Washington-Arlington-Alexandria, DC-VA-MD-WV","11","District Of Columbia","001","District of Columbia","38.9218470009224","-77.013178"
"02/27/2025","AQS","110010043","1","34.5","ppb","32","MCMILLAN  NCore-PAMS","24","100.0000","42602","Nitrogen dioxide (NO2)","074","47900","Washington-Arlington-Alexandria, DC-VA-MD-WV","11","District Of Columbia","001","District of Columbia","38.9218470009224","-77.013178"
"02/28/2025","AQS","110010043","1","9.7","ppb","8","MCMILLAN  NCore-PAMS","24","100.0000","42602","Nitrogen dioxide (NO2)","074","47900","Washington-Arlington-Alexandria, DC-VA-MD-WV","11","District Of Columbia","001","District of Columbia","38.9218470009224","-77.013178"
"03/01/2025","AQS","110010043","1","13.5","ppb","12","MCMILLAN  NCore-PAMS","22","92.0000","42602","Nitrogen dioxide (NO2)","074","47900","Washington-Arlington-Alexandria, DC-VA-MD-WV","11","District Of Columbia","001","District of Columbia","38.9218470009224","-77.013178"
"03/02/2025","AQS","110010043","1","19.5","ppb","18","MCMILLAN  NCore-PAMS","24","100.0000","42602","Nitrogen dioxide (NO2)","074","47900","Washington-Arlington-Alexandria, DC-VA-MD-WV","11","District Of Columbia","001","District of Columbia","38.9218470009224","-77.013178"
"03/03/2025","AQS","110010043","1","27.7","ppb","25","MCMILLAN  NCore-PAMS","22","92.0000","42602","Nitrogen dioxide (NO2)","074","47900","Washington-Arlington-Alexandria, DC-VA-MD-WV","11","District Of Columbia","001","District of Columbia","38.9218470009224","-77.013178"
"03/04/2025","AQS","110010043","1","18.5","ppb","17","MCMILLAN  NCore-PAMS","22","92.0000","42602","Nitrogen dioxide (NO2)","074","47900","Washington-Arlington-Alexandria, DC-VA-MD-WV","11","District Of Columbia","001","District of Columbia","38.9218470009224","-77.013178"
"03/05/2025","AQS","110010043","1","14.6","ppb","13","MCMILLAN  NCore-PAMS","24","100.0000","42602","Nitrogen dioxide (NO2)","074","47900","Washington-Arlington-Alexandria, DC-VA-MD-WV","11","District Of Columbia","001","District of Columbia","38.9218470009224","-77.013178"
"03/06/2025","AQS","110010043","1","3.7","ppb","3","MCMILLAN  NCore-PAMS","24","100.0000","42602","Nitrogen dioxide (NO2)","074","47900","Washington-Arlington-Alexandria, DC-VA-MD-WV","11","District Of Columbia","001","District of Columbia","38.9218470009224","-77.013178"
"03/07/2025","AQS","110010043","1","11.6","ppb","10","MCMILLAN  NCore-PAMS","22","92.0000","42602","Nitrogen dioxide (NO2)","074","47900","Washington-Arlington-Alexandria, DC-VA-MD-WV","11","District Of Columbia","001","District of Columbia","38.9218470009224","-77.013178"
"03/08/2025","AQS","110010043","1","17.9","ppb","16","MCMILLAN  NCore-PAMS","24","100.0000","42602","Nitrogen dioxide (NO2)","074","47900","Washington-Arlington-Alexandria, DC-VA-MD-WV","11","District Of Columbia","001","District of Columbia","38.9218470009224","-77.013178"
"03/09/2025","AQS","110010043","1","17.1","ppb","16","MCMILLAN  NCore-PAMS","22","92.0000","42602","Nitrogen dioxide (NO2)","074","47900","Washington-Arlington-Alexandria, DC-VA-MD-WV","11","District Of Columbia","001","District of Columbia","38.9218470009224","-77.013178"
"03/10/2025","AQS","110010043","1","35.5","ppb","33","MCMILLAN  NCore-PAMS","22","92.0000","42602","Nitrogen dioxide (NO2)","074","47900","Washington-Arlington-Alexandria, DC-VA-MD-WV","11","District Of Columbia","001","District of Columbia","38.9218470009224","-77.013178"
"03/11/2025","AQS","110010043","1","38.7","ppb","36","MCMILLAN  NCore-PAMS","22","92.0000","42602","Nitrogen dioxide (NO2)","074","47900","Washington-Arlington-Alexandria, DC-VA-MD-WV","11","District Of Columbia","001","District of Columbia","38.9218470009224","-77.013178"
"03/12/2025","AQS","110010043","1","21.6","ppb","20","MCMILLAN  NCore-PAMS","21","88.0000","42602","Nitrogen dioxide (NO2)","074","47900","Washington-Arlington-Alexandria, DC-VA-MD-WV","11","District Of Columbia","001","District of Columbia","38.9218470009224","-77.013178"
"03/13/2025","AQS","110010043","1","23.4","ppb","22","MCMILLAN  NCore-PAMS","22","92.0000","42602","Nitrogen dioxide (NO2)","074","47900","Washington-Arlington-Alexandria, DC-VA-MD-WV","11","District Of Columbia","001","District of Columbia","38.9218470009224","-77.013178"
"03/14/2025","AQS","110010043","1","8.7","ppb","8","MCMILLAN  NCore-PAMS","24","100.0000","42602","Nitrogen dioxide (NO2)","074","47900","Washington-Arlington-Alexandria, DC-VA-MD-WV","11","District Of Columbia","001","District of Columbia","38.9218470009224","-77.013178"
"03/15/2025","AQS","110010043","1","13.4","ppb","12","MCMILLAN  NCore-PAMS","22","92.0000","42602","Nitrogen dioxide (NO2)","074","47900","Washington-Arlington-Alexandria, DC-VA-MD-WV","11","District Of Columbia","001","District of Columbia","38.9218470009224","-77.013178"
"03/16/2025","AQS","110010043","1","5.5","ppb","5","MCMILLAN  NCore-PAMS","22","92.0000","42602","Nitrogen dioxide (NO2)","074","47900","Washington-Arlington-Alexandria, DC-VA-MD-WV","11","District Of Columbia","001","District of Columbia","38.9218470009224","-77.013178"
"03/17/2025","AQS","110010043","1","5.6","ppb","5","MCMILLAN  NCore-PAMS","24","100.0000","42602","Nitrogen dioxide (NO2)","074","47900","Washington-Arlington-Alexandria, DC-VA-MD-WV","11","District Of Columbia","001","District of Columbia","38.9218470009224","-77.013178"
"03/18/2025","AQS","110010043","1","32.3","ppb","30","MCMILLAN  NCore-PAMS","21","88.0000","42602","Nitrogen dioxide (NO2)","074","47900","Washington-Arlington-Alexandria, DC-VA-MD-WV","11","District Of Columbia","001","District of Columbia","38.9218470009224","-77.013178"
"03/19/2025","AQS","110010043","1","34","ppb","32","MCMILLAN  NCore-PAMS","22","92.0000","42602","Nitrogen dioxide (NO2)","074","47900","Washington-Arlington-Alexandria, DC-VA-MD-WV","11","District Of Columbia","001","District of Columbia","38.9218470009224","-77.013178"
"03/20/2025","AQS","110010043","1","37.8","ppb","35","MCMILLAN  NCore-PAMS","24","100.0000","42602","Nitrogen dioxide (NO2)","074","47900","Washington-Arlington-Alexandria, DC-VA-MD-WV","11","District Of Columbia","001","District of Columbia","38.9218470009224","-77.013178"
"03/21/2025","AQS","110010043","1","26","ppb","25","MCMILLAN  NCore-PAMS","22","92.0000","42602","Nitrogen dioxide (NO2)","074","47900","Washington-Arlington-Alexandria, DC-VA-MD-WV","11","District Of Columbia","001","District of Columbia","38.9218470009224","-77.013178"
"03/22/2025","AQS","110010043","1","32.6","ppb","30","MCMILLAN  NCore-PAMS","22","92.0000","42602","Nitrogen dioxide (NO2)","074","47900","Washington-Arlington-Alexandria, DC-VA-MD-WV","11","District Of Columbia","001","District of Columbia","38.9218470009224","-77.013178"
"03/23/2025","AQS","110010043","1","4.9","ppb","4","MCMILLAN  NCore-PAMS","24","100.0000","42602","Nitrogen dioxide (NO2)","074","47900","Washington-Arlington-Alexandria, DC-VA-MD-WV","11","District Of Columbia","001","District of Columbia","38.9218470009224","-77.013178"
"03/24/2025","AQS","110010043","1","25","ppb","24","MCMILLAN  NCore-PAMS","24","100.0000","42602","Nitrogen dioxide (NO2)","074","47900","Washington-Arlington-Alexandria, DC-VA-MD-WV","11","District Of Columbia","001","District of Columbia","38.9218470009224","-77.013178"
"03/25/2025","AQS","110010043","1","16.9","ppb","15","MCMILLAN  NCore-PAMS","22","92.0000","42602","Nitrogen dioxide (NO2)","074","47900","Washington-Arlington-Alexandria, DC-VA-MD-WV","11","District Of Columbia","001","District of Columbia","38.9218470009224","-77.013178"
"03/26/2025","AQS","110010043","1","8.3","ppb","8","MCMILLAN  NCore-PAMS","21","88.0000","42602","Nitrogen dioxide (NO2)","074","47900","Washington-Arlington-Alexandria, DC-VA-MD-WV","11","District Of Columbia","001","District of Columbia","38.9218470009224","-77.013178"
"03/27/2025","AQS","110010043","1","17.7","ppb","16","MCMILLAN  NCore-PAMS","20","83.0000","42602","Nitrogen dioxide (NO2)","074","47900","Washington-Arlington-Alexandria, DC-VA-MD-WV","11","District Of Columbia","001","District of Columbia","38.9218470009224","-77.013178"
"03/28/2025","AQS","110010043","1","35.9","ppb","33","MCMILLAN  NCore-PAMS","22","92.0000","42602","Nitrogen dioxide (NO2)","074","47900","Washington-Arlington-Alexandria, DC-VA-MD-WV","11","District Of Columbia","001","District of Columbia","38.9218470009224","-77.013178"
"03/29/2025","AQS","110010043","1","28.1","ppb","26","MCMILLAN  NCore-PAMS","24","100.0000","42602","Nitrogen dioxide (NO2)","074","47900","Washington-Arlington-Alexandria, DC-VA-MD-WV","11","District Of Columbia","001","District of Columbia","38.9218470009224","-77.013178"
"03/30/2025","AQS","110010043","1","8.4","ppb","8","MCMILLAN  NCore-PAMS","24","100.0000","42602","Nitrogen dioxide (NO2)","074","47900","Washington-Arlington-Alexandria, DC-VA-MD-WV","11","District Of Columbia","001","District of Columbia","38.9218470009224","-77.013178"
"03/31/2025","AQS","110010043","1","6.5","ppb","6","MCMILLAN  NCore-PAMS","22","92.0000","42602","Nitrogen dioxide (NO2)","074","47900","Washington-Arlington-Alexandria, DC-VA-MD-WV","11","District Of Columbia","001","District of Columbia","38.9218470009224","-77.013178"
"04/01/2025","AQS","110010043","1","26.3","ppb","25","MCMILLAN  NCore-PAMS","24","100.0000","42602","Nitrogen dioxide (NO2)","074","47900","Washington-Arlington-Alexandria, DC-VA-MD-WV","11","District Of Columbia","001","District of Columbia","38.9218470009224","-77.013178"
"04/02/2025","AQS","110010043","1","24.4","ppb","23","MCMILLAN  NCore-PAMS","22","92.0000","42602","Nitrogen dioxide (NO2)","074","47900","Washington-Arlington-Alexandria, DC-VA-MD-WV","11","District Of Columbia","001","District of Columbia","38.9218470009224","-77.013178"
"04/03/2025","AQS","110010043","1","19.9","ppb","18","MCMILLAN  NCore-PAMS","22","92.0000","42602","Nitrogen dioxide (NO2)","074","47900","Washington-Arlington-Alexandria, DC-VA-MD-WV","11","District Of Columbia","001","District of Columbia","38.9218470009224","-77.013178"
"04/04/2025","AQS","110010043","1","16","ppb","15","MCMILLAN  NCore-PAMS","24","100.0000","42602","Nitrogen dioxide (NO2)","074","47900","Washington-Arlington-Alexandria, DC-VA-MD-WV","11","District Of Columbia","001","District of Columbia","38.9218470009224","-77.013178"
"04/05/2025","AQS","110010043","1","8.4","ppb","8","MCMILLAN  NCore-PAMS","24","100.0000","42602","Nitrogen dioxide (NO2)","074","47900","Washington-Arlington-Alexandria, DC-VA-MD-WV","11","District Of Columbia","001","District of Columbia","38.9218470009224","-77.013178"
"04/06/2025","AQS","110010043","1","9.5","ppb","8","MCMILLAN  NCore-PAMS","22","92.0000","42602","Nitrogen dioxide (NO2)","074","47900","Washington-Arlington-Alexandria, DC-VA-MD-WV","11","District Of Columbia","001","District of Columbia","38.9218470009224","-77.013178"
"04/07/2025","AQS","110010043","1","14.3","ppb","13","MCMILLAN  NCore-PAMS","24","100.0000","42602","Nitrogen dioxide (NO2)","074","47900","Washington-Arlington-Alexandria, DC-VA-MD-WV","11","District Of Columbia","001","District of Columbia","38.9218470009224","-77.013178"
"04/09/2025","AQS","110010043","1","20.5","ppb","19","MCMILLAN  NCore-PAMS","21","88.0000","42602","Nitrogen dioxide (NO2)","074","47900","Washington-Arlington-Alexandria, DC-VA-MD-WV","11","District Of Columbia","001","District of Columbia","38.9218470009224","-77.013178"
"04/10/2025","AQS","110010043","1","11.8","ppb","10","MCMILLAN  NCore-PAMS","24","100.0000","42602","Nitrogen dioxide (NO2)","074","47900","Washington-Arlington-Alexandria, DC-VA-MD-WV","11","District Of Columbia","001","District of Columbia","38.9218470009224","-77.013178"
"04/11/2025","AQS","110010043","1","7.2","ppb","7","MCMILLAN  NCore-PAMS","24","100.0000","42602","Nitrogen dioxide (NO2)","074","47900","Washington-Arlington-Alexandria, DC-VA-MD-WV","11","District Of Columbia","001","District of Columbia","38.9218470009224","-77.013178"
"04/12/2025","AQS","110010043","1","5.6","ppb","5","MCMILLAN  NCore-PAMS","22","92.0000","42602","Nitrogen dioxide (NO2)","074","47900","Washington-Arlington-Alexandria, DC-VA-MD-WV","11","District Of Columbia","001","District of Columbia","38.9218470009224","-77.013178"
"04/13/2025","AQS","110010043","1","36.7","ppb","34","MCMILLAN  NCore-PAMS","24","100.0000","42602","Nitrogen dioxide (NO2)","074","47900","Washington-Arlington-Alexandria, DC-VA-MD-WV","11","District Of Columbia","001","District of Columbia","38.9218470009224","-77.013178"
"04/14/2025","AQS","110010043","1","30.2","ppb","28","MCMILLAN  NCore-PAMS","22","92.0000","42602","Nitrogen dioxide (NO2)","074","47900","Washington-Arlington-Alexandria, DC-VA-MD-WV","11","District Of Columbia","001","District of Columbia","38.9218470009224","-77.013178"
"04/15/2025","AQS","110010043","1","23.9","ppb","22","MCMILLAN  NCore-PAMS","22","92.0000","42602","Nitrogen dioxide (NO2)","074","47900","Washington-Arlington-Alexandria, DC-VA-MD-WV","11","District Of Columbia","001","District of Columbia","38.9218470009224","-77.013178"
"04/16/2025","AQS","110010043","1","8.2","ppb","8","MCMILLAN  NCore-PAMS","24","100.0000","42602","Nitrogen dioxide (NO2)","074","47900","Washington-Arlington-Alexandria, DC-VA-MD-WV","11","District Of Columbia","001","District of Columbia","38.9218470009224","-77.013178"
"04/19/2025","AQS","110010043","1","17.7","ppb","16","MCMILLAN  NCore-PAMS","24","100.0000","42602","Nitrogen dioxide (NO2)","074","47900","Washington-Arlington-Alexandria, DC-VA-MD-WV","11","District Of Columbia","001","District of Columbia","38.9218470009224","-77.013178"
"04/20/2025","AQS","110010043","1","14.2","ppb","13","MCMILLAN  NCore-PAMS","21","88.0000","42602","Nitrogen dioxide (NO2)","074","47900","Washington-Arlington-Alexandria, DC-VA-MD-WV","11","District Of Columbia","001","District of Columbia","38.9218470009224","-77.013178"
"04/21/2025","AQS","110010043","1","13.3","ppb","12","MCMILLAN  NCore-PAMS","21","88.0000","42602","Nitrogen dioxide (NO2)","074","47900","Washington-Arlington-Alexandria, DC-VA-MD-WV","11","District Of Columbia","001","District of Columbia","38.9218470009224","-77.013178"
"04/22/2025","AQS","110010043","1","21.4","ppb","20","MCMILLAN  NCore-PAMS","21","88.0000","42602","Nitrogen dioxide (NO2)","074","47900","Washington-Arlington-Alexandria, DC-VA-MD-WV","11","District Of Columbia","001","District of Columbia","38.9218470009224","-77.013178"
"04/23/2025","AQS","110010043","1","11.3","ppb","10","MCMILLAN  NCore-PAMS","24","100.0000","42602","Nitrogen dioxide (NO2)","074","47900","Washington-Arlington-Alexandria, DC-VA-MD-WV","11","District Of Columbia","001","District of Columbia","38.9218470009224","-77.013178"
"04/24/2025","AQS","110010043","1","19.1","ppb","18","MCMILLAN  NCore-PAMS","24","100.0000","42602","Nitrogen dioxide (NO2)","074","47900","Washington-Arlington-Alexandria, DC-VA-MD-WV","11","District Of Columbia","001","District of Columbia","38.9218470009224","-77.013178"
"04/25/2025","AQS","110010043","1","28.5","ppb","26","MCMILLAN  NCore-PAMS","24","100.0000","42602","Nitrogen dioxide (NO2)","074","47900","Washington-Arlington-Alexandria, DC-VA-MD-WV","11","District Of Columbia","001","District of Columbia","38.9218470009224","-77.013178"
"04/26/2025","AQS","110010043","1","6.7","ppb","6","MCMILLAN  NCore-PAMS","24","100.0000","42602","Nitrogen dioxide (NO2)","074","47900","Washington-Arlington-Alexandria, DC-VA-MD-WV","11","District Of Columbia","001","District of Columbia","38.9218470009224","-77.013178"
"04/27/2025","AQS","110010043","1","6.2","ppb","6","MCMILLAN  NCore-PAMS","23","96.0000","42602","Nitrogen dioxide (NO2)","074","47900","Washington-Arlington-Alexandria, DC-VA-MD-WV","11","District Of Columbia","001","District of Columbia","38.9218470009224","-77.013178"
"04/28/2025","AQS","110010043","1","21.6","ppb","20","MCMILLAN  NCore-PAMS","24","100.0000","42602","Nitrogen dioxide (NO2)","074","47900","Washington-Arlington-Alexandria, DC-VA-MD-WV","11","District Of Columbia","001","District of Columbia","38.9218470009224","-77.013178"
"04/29/2025","AQS","110010043","1","9.2","ppb","8","MCMILLAN  NCore-PAMS","24","100.0000","42602","Nitrogen dioxide (NO2)","074","47900","Washington-Arlington-Alexandria, DC-VA-MD-WV","11","District Of Columbia","001","District of Columbia","38.9218470009224","-77.013178"
"04/30/2025","AQS","110010043","1","15.5","ppb","14","MCMILLAN  NCore-PAMS","22","92.0000","42602","Nitrogen dioxide (NO2)","074","47900","Washington-Arlington-Alexandria, DC-VA-MD-WV","11","District Of Columbia","001","District of Columbia","38.9218470009224","-77.013178"
"05/01/2025","AQS","110010043","1","13.9","ppb","12","MCMILLAN  NCore-PAMS","21","88.0000","42602","Nitrogen dioxide (NO2)","074","47900","Washington-Arlington-Alexandria, DC-VA-MD-WV","11","District Of Columbia","001","District of Columbia","38.9218470009224","-77.013178"
"05/02/2025","AQS","110010043","1","11.1","ppb","10","MCMILLAN  NCore-PAMS","20","83.0000","42602","Nitrogen dioxide (NO2)","074","47900","Washington-Arlington-Alexandria, DC-VA-MD-WV","11","District Of Columbia","001","District of Columbia","38.9218470009224","-77.013178"
"05/03/2025","AQS","110010043","1","6","ppb","6","MCMILLAN  NCore-PAMS","22","92.0000","42602","Nitrogen dioxide (NO2)","074","47900","Washington-Arlington-Alexandria, DC-VA-MD-WV","11","District Of Columbia","001","District of Columbia","38.9218470009224","-77.013178"
"05/04/2025","AQS","110010043","1","7.6","ppb","7","MCMILLAN  NCore-PAMS","24","100.0000","42602","Nitrogen dioxide (NO2)","074","47900","Washington-Arlington-Alexandria, DC-VA-MD-WV","11","District Of Columbia","001","District of Columbia","38.9218470009224","-77.013178"
"05/05/2025","AQS","110010043","1","7","ppb","7","MCMILLAN  NCore-PAMS","24","100.0000","42602","Nitrogen dioxide (NO2)","074","47900","Washington-Arlington-Alexandria, DC-VA-MD-WV","11","District Of Columbia","001","District of Columbia","38.9218470009224","-77.013178"
"05/06/2025","AQS","110010043","1","8.4","ppb","8","MCMILLAN  NCore-PAMS","22","92.0000","42602","Nitrogen dioxide (NO2)","074","47900","Washington-Arlington-Alexandria, DC-VA-MD-WV","11","District Of Columbia","001","District of Columbia","38.9218470009224","-77.013178"
"05/07/2025","AQS","110010043","1","32","ppb","30","MCMILLAN  NCore-PAMS","24","100.0000","42602","Nitrogen dioxide (NO2)","074","47900","Washington-Arlington-Alexandria, DC-VA-MD-WV","11","District Of Columbia","001","District of Columbia","38.9218470009224","-77.013178"
"05/08/2025","AQS","110010043","1","14.6","ppb","13","MCMILLAN  NCore-PAMS","21","88.0000","42602","Nitrogen dioxide (NO2)","074","47900","Washington-Arlington-Alexandria, DC-VA-MD-WV","11","District Of Columbia","001","District of Columbia","38.9218470009224","-77.013178"
"05/09/2025","AQS","110010043","1","11.8","ppb","10","MCMILLAN  NCore-PAMS","22","92.0000","42602","Nitrogen dioxide (NO2)","074","47900","Washington-Arlington-Alexandria, DC-VA-MD-WV","11","District Of Columbia","001","District of Columbia","38.9218470009224","-77.013178"
"05/10/2025","AQS","110010043","1","12.4","ppb","11","MCMILLAN  NCore-PAMS","24","100.0000","42602","Nitrogen dioxide (NO2)","074","47900","Washington-Arlington-Alexandria, DC-VA-MD-WV","11","District Of Columbia","001","District of Columbia","38.9218470009224","-77.013178"
"05/11/2025","AQS","110010043","1","14.4","ppb","13","MCMILLAN  NCore-PAMS","24","100.0000","42602","Nitrogen dioxide (NO2)","074","47900","Washington-Arlington-Alexandria, DC-VA-MD-WV","11","District Of Columbia","001","District of Columbia","38.9218470009224","-77.013178"
"05/12/2025","AQS","110010043","1","24","ppb","23","MCMILLAN  NCore-PAMS","22","92.0000","42602","Nitrogen dioxide (NO2)","074","47900","Washington-Arlington-Alexandria, DC-VA-MD-WV","11","District Of Columbia","001","District of Columbia","38.9218470009224","-77.013178"
"05/13/2025","AQS","110010043","1","6.9","ppb","6","MCMILLAN  NCore-PAMS","24","100.0000","42602","Nitrogen dioxide (NO2)","074","47900","Washington-Arlington-Alexandria, DC-VA-MD-WV","11","District Of Columbia","001","District of Columbia","38.9218470009224","-77.013178"
"05/14/2025","AQS","110010043","1","7.2","ppb","7","MCMILLAN  NCore-PAMS","22","92.0000","42602","Nitrogen dioxide (NO2)","074","47900","Washington-Arlington-Alexandria, DC-VA-MD-WV","11","District Of Columbia","001","District of Columbia","38.9218470009224","-77.013178"
"05/15/2025","AQS","110010043","1","11.4","ppb","10","MCMILLAN  NCore-PAMS","22","92.0000","42602","Nitrogen dioxide (NO2)","074","47900","Washington-Arlington-Alexandria, DC-VA-MD-WV","11","District Of Columbia","001","District of Columbia","38.9218470009224","-77.013178"
"05/16/2025","AQS","110010043","1","12.8","ppb","11","MCMILLAN  NCore-PAMS","24","100.0000","42602","Nitrogen dioxide (NO2)","074","47900","Washington-Arlington-Alexandria, DC-VA-MD-WV","11","District Of Columbia","001","District of Columbia","38.9218470009224","-77.013178"
"05/17/2025","AQS","110010043","1","12","ppb","11","MCMILLAN  NCore-PAMS","24","100.0000","42602","Nitrogen dioxide (NO2)","074","47900","Washington-Arlington-Alexandria, DC-VA-MD-WV","11","District Of Columbia","001","District of Columbia","38.9218470009224","-77.013178"
"05/18/2025","AQS","110010043","1","3.5","ppb","3","MCMILLAN  NCore-PAMS","22","92.0000","42602","Nitrogen dioxide (NO2)","074","47900","Washington-Arlington-Alexandria, DC-VA-MD-WV","11","District Of Columbia","001","District of Columbia","38.9218470009224","-77.013178"
"05/19/2025","AQS","110010043","1","3.3","ppb","3","MCMILLAN  NCore-PAMS","24","100.0000","42602","Nitrogen dioxide (NO2)","074","47900","Washington-Arlington-Alexandria, DC-VA-MD-WV","11","District Of Columbia","001","District of Columbia","38.9218470009224","-77.013178"
"05/20/2025","AQS","110010043","1","8.5","ppb","8","MCMILLAN  NCore-PAMS","22","92.0000","42602","Nitrogen dioxide (NO2)","074","47900","Washington-Arlington-Alexandria, DC-VA-MD-WV","11","District Of Columbia","001","District of Columbia","38.9218470009224","-77.013178"
"05/21/2025","AQS","110010043","1","8.2","ppb","8","MCMILLAN  NCore-PAMS","22","92.0000","42602","Nitrogen dioxide (NO2)","074","47900","Washington-Arlington-Alexandria, DC-VA-MD-WV","11","District Of Columbia","001","District of Columbia","38.9218470009224","-77.013178"
"05/22/2025","AQS","110010043","1","10.6","ppb","9","MCMILLAN  NCore-PAMS","24","100.0000","42602","Nitrogen dioxide (NO2)","074","47900","Washington-Arlington-Alexandria, DC-VA-MD-WV","11","District Of Columbia","001","District of Columbia","38.9218470009224","-77.013178"
"05/23/2025","AQS","110010043","1","7.7","ppb","7","MCMILLAN  NCore-PAMS","24","100.0000","42602","Nitrogen dioxide (NO2)","074","47900","Washington-Arlington-Alexandria, DC-VA-MD-WV","11","District Of Columbia","001","District of Columbia","38.9218470009224","-77.013178"
"05/24/2025","AQS","110010043","1","13.5","ppb","12","MCMILLAN  NCore-PAMS","22","92.0000","42602","Nitrogen dioxide (NO2)","074","47900","Washington-Arlington-Alexandria, DC-VA-MD-WV","11","District Of Columbia","001","District of Columbia","38.9218470009224","-77.013178"
"05/25/2025","AQS","110010043","1","5.8","ppb","5","MCMILLAN  NCore-PAMS","24","100.0000","42602","Nitrogen dioxide (NO2)","074","47900","Washington-Arlington-Alexandria, DC-VA-MD-WV","11","District Of Columbia","001","District of Columbia","38.9218470009224","-77.013178"
"05/26/2025","AQS","110010043","1","16.1","ppb","15","MCMILLAN  NCore-PAMS","22","92.0000","42602","Nitrogen dioxide (NO2)","074","47900","Washington-Arlington-Alexandria, DC-VA-MD-WV","11","District Of Columbia","001","District of Columbia","38.9218470009224","-77.013178"
"05/27/2025","AQS","110010043","1","19.6","ppb","18","MCMILLAN  NCore-PAMS","22","92.0000","42602","Nitrogen dioxide (NO2)","074","47900","Washington-Arlington-Alexandria, DC-VA-MD-WV","11","District Of Columbia","001","District of Columbia","38.9218470009224","-77.013178"
"05/28/2025","AQS","110010043","1","7.5","ppb","7","MCMILLAN  NCore-PAMS","24","100.0000","42602","Nitrogen dioxide (NO2)","074","47900","Washington-Arlington-Alexandria, DC-VA-MD-WV","11","District Of Columbia","001","District of Columbia","38.9218470009224","-77.013178"
"05/29/2025","AQS","110010043","1","11.5","ppb","10","MCMILLAN  NCore-PAMS","24","100.0000","42602","Nitrogen dioxide (NO2)","074","47900","Washington-Arlington-Alexandria, DC-VA-MD-WV","11","District Of Columbia","001","District of Columbia","38.9218470009224","-77.013178"
"05/30/2025","AQS","110010043","1","7.3","ppb","7","MCMILLAN  NCore-PAMS","22","92.0000","42602","Nitrogen dioxide (NO2)","074","47900","Washington-Arlington-Alexandria, DC-VA-MD-WV","11","District Of Columbia","001","District of Columbia","38.9218470009224","-77.013178"
"05/31/2025","AQS","110010043","1","4.6","ppb","4","MCMILLAN  NCore-PAMS","24","100.0000","42602","Nitrogen dioxide (NO2)","074","47900","Washington-Arlington-Alexandria, DC-VA-MD-WV","11","District Of Columbia","001","District of Columbia","38.9218470009224","-77.013178"
"06/01/2025","AQS","110010043","1","17.1","ppb","16","MCMILLAN  NCore-PAMS","22","92.0000","42602","Nitrogen dioxide (NO2)","074","47900","Washington-Arlington-Alexandria, DC-VA-MD-WV","11","District Of Columbia","001","District of Columbia","38.9218470009224","-77.013178"
"06/02/2025","AQS","110010043","1","24.7","ppb","23","MCMILLAN  NCore-PAMS","22","92.0000","42602","Nitrogen dioxide (NO2)","074","47900","Washington-Arlington-Alexandria, DC-VA-MD-WV","11","District Of Columbia","001","District of Columbia","38.9218470009224","-77.013178"
"06/03/2025","AQS","110010043","1","21.6","ppb","20","MCMILLAN  NCore-PAMS","24","100.0000","42602","Nitrogen dioxide (NO2)","074","47900","Washington-Arlington-Alexandria, DC-VA-MD-WV","11","District Of Columbia","001","District of Columbia","38.9218470009224","-77.013178"
"06/04/2025","AQS","110010043","1","16","ppb","15","MCMILLAN  NCore-PAMS","24","100.0000","42602","Nitrogen dioxide (NO2)","074","47900","Washington-Arlington-Alexandria, DC-VA-MD-WV","11","District Of Columbia","001","District of Columbia","38.9218470009224","-77.013178"
"06/05/2025","AQS","110010043","1","11.6","ppb","10","MCMILLAN  NCore-PAMS","22","92.0000","42602","Nitrogen dioxide (NO2)","074","47900","Washington-Arlington-Alexandria, DC-VA-MD-WV","11","District Of Columbia","001","District of Columbia","38.9218470009224","-77.013178"
"06/06/2025","AQS","110010043","1","20.1","ppb","19","MCMILLAN  NCore-PAMS","24","100.0000","42602","Nitrogen dioxide (NO2)","074","47900","Washington-Arlington-Alexandria, DC-VA-MD-WV","11","District Of Columbia","001","District of Columbia","38.9218470009224","-77.013178"
"06/07/2025","AQS","110010043","1","11.3","ppb","10","MCMILLAN  NCore-PAMS","22","92.0000","42602","Nitrogen dioxide (NO2)","074","47900","Washington-Arlington-Alexandria, DC-VA-MD-WV","11","District Of Columbia","001","District of Columbia","38.9218470009224","-77.013178"
"06/08/2025","AQS","110010043","1","9.8","ppb","8","MCMILLAN  NCore-PAMS","22","92.0000","42602","Nitrogen dioxide (NO2)","074","47900","Washington-Arlington-Alexandria, DC-VA-MD-WV","11","District Of Columbia","001","District of Columbia","38.9218470009224","-77.013178"
"06/09/2025","AQS","110010043","1","7.6","ppb","7","MCMILLAN  NCore-PAMS","24","100.0000","42602","Nitrogen dioxide (NO2)","074","47900","Washington-Arlington-Alexandria, DC-VA-MD-WV","11","District Of Columbia","001","District of Columbia","38.9218470009224","-77.013178"
"06/10/2025","AQS","110010043","1","9.1","ppb","8","MCMILLAN  NCore-PAMS","24","100.0000","42602","Nitrogen dioxide (NO2)","074","47900","Washington-Arlington-Alexandria, DC-VA-MD-WV","11","District Of Columbia","001","District of Columbia","38.9218470009224","-77.013178"
"06/11/2025","AQS","110010043","1","11.6","ppb","10","MCMILLAN  NCore-PAMS","22","92.0000","42602","Nitrogen dioxide (NO2)","074","47900","Washington-Arlington-Alexandria, DC-VA-MD-WV","11","District Of Columbia","001","District of Columbia","38.9218470009224","-77.013178"
"06/12/2025","AQS","110010043","1","18.6","ppb","17","MCMILLAN  NCore-PAMS","24","100.0000","42602","Nitrogen dioxide (NO2)","074","47900","Washington-Arlington-Alexandria, DC-VA-MD-WV","11","District Of Columbia","001","District of Columbia","38.9218470009224","-77.013178"
"06/13/2025","AQS","110010043","1","16.2","ppb","15","MCMILLAN  NCore-PAMS","22","92.0000","42602","Nitrogen dioxide (NO2)","074","47900","Washington-Arlington-Alexandria, DC-VA-MD-WV","11","District Of Columbia","001","District of Columbia","38.9218470009224","-77.013178"
"06/14/2025","AQS","110010043","1","8.4","ppb","8","MCMILLAN  NCore-PAMS","22","92.0000","42602","Nitrogen dioxide (NO2)","074","47900","Washington-Arlington-Alexandria, DC-VA-MD-WV","11","District Of Columbia","001","District of Columbia","38.9218470009224","-77.013178"
"06/15/2025","AQS","110010043","1","3.2","ppb","3","MCMILLAN  NCore-PAMS","24","100.0000","42602","Nitrogen dioxide (NO2)","074","47900","Washington-Arlington-Alexandria, DC-VA-MD-WV","11","District Of Columbia","001","District of Columbia","38.9218470009224","-77.013178"
"06/16/2025","AQS","110010043","1","8.9","ppb","8","MCMILLAN  NCore-PAMS","24","100.0000","42602","Nitrogen dioxide (NO2)","074","47900","Washington-Arlington-Alexandria, DC-VA-MD-WV","11","District Of Columbia","001","District of Columbia","38.9218470009224","-77.013178"
"06/17/2025","AQS","110010043","1","8.5","ppb","8","MCMILLAN  NCore-PAMS","22","92.0000","42602","Nitrogen dioxide (NO2)","074","47900","Washington-Arlington-Alexandria, DC-VA-MD-WV","11","District Of Columbia","001","District of Columbia","38.9218470009224","-77.013178"
"06/18/2025","AQS","110010043","1","24.6","ppb","23","MCMILLAN  NCore-PAMS","24","100.0000","42602","Nitrogen dioxide (NO2)","074","47900","Washington-Arlington-Alexandria, DC-VA-MD-WV","11","District Of Columbia","001","District of Columbia","38.9218470009224","-77.013178"
"06/19/2025","AQS","110010043","1","9","ppb","8","MCMILLAN  NCore-PAMS","22","92.0000","42602","Nitrogen dioxide (NO2)","074","47900","Washington-Arlington-Alexandria, DC-VA-MD-WV","11","District Of Columbia","001","District of Columbia","38.9218470009224","-77.013178"
"06/20/2025","AQS","110010043","1","7","ppb","7","MCMILLAN  NCore-PAMS","22","92.0000","42602","Nitrogen dioxide (NO2)","074","47900","Washington-Arlington-Alexandria, DC-VA-MD-WV","11","District Of Columbia","001","District of Columbia","38.9218470009224","-77.013178"
"06/21/2025","AQS","110010043","1","9.6","ppb","8","MCMILLAN  NCore-PAMS","24","100.0000","42602","Nitrogen dioxide (NO2)","074","47900","Washington-Arlington-Alexandria, DC-VA-MD-WV","11","District Of Columbia","001","District of Columbia","38.9218470009224","-77.013178"
"06/22/2025","AQS","110010043","1","5.9","ppb","5","MCMILLAN  NCore-PAMS","24","100.0000","42602","Nitrogen dioxide (NO2)","074","47900","Washington-Arlington-Alexandria, DC-VA-MD-WV","11","District Of Columbia","001","District of Columbia","38.9218470009224","-77.013178"
"06/27/2025","AQS","110010043","1","7.1","ppb","7","MCMILLAN  NCore-PAMS","20","83.0000","42602","Nitrogen dioxide (NO2)","074","47900","Washington-Arlington-Alexandria, DC-VA-MD-WV","11","District Of Columbia","001","District of Columbia","38.9218470009224","-77.013178"
"06/28/2025","AQS","110010043","1","7.6","ppb","7","MCMILLAN  NCore-PAMS","24","100.0000","42602","Nitrogen dioxide (NO2)","074","47900","Washington-Arlington-Alexandria, DC-VA-MD-WV","11","District Of Columbia","001","District of Columbia","38.9218470009224","-77.013178"
"06/29/2025","AQS","110010043","1","11.1","ppb","10","MCMILLAN  NCore-PAMS","22","92.0000","42602","Nitrogen dioxide (NO2)","074","47900","Washington-Arlington-Alexandria, DC-VA-MD-WV","11","District Of Columbia","001","District of Columbia","38.9218470009224","-77.013178"
"06/30/2025","AQS","110010043","1","12.4","ppb","11","MCMILLAN  NCore-PAMS","24","100.0000","42602","Nitrogen dioxide (NO2)","074","47900","Washington-Arlington-Alexandria, DC-VA-MD-WV","11","District Of Columbia","001","District of Columbia","38.9218470009224","-77.013178"
"01/01/2025","AQS","110010043","2","20.6","ppb","19","MCMILLAN  NCore-PAMS","24","100.0000","42602","Nitrogen dioxide (NO2)","212","47900","Washington-Arlington-Alexandria, DC-VA-MD-WV","11","District Of Columbia","001","District of Columbia","38.9218470009224","-77.013178"
"01/02/2025","AQS","110010043","2","14.2","ppb","13","MCMILLAN  NCore-PAMS","22","92.0000","42602","Nitrogen dioxide (NO2)","212","47900","Washington-Arlington-Alexandria, DC-VA-MD-WV","11","District Of Columbia","001","District of Columbia","38.9218470009224","-77.013178"
"01/03/2025","AQS","110010043","2","33.8","ppb","31","MCMILLAN  NCore-PAMS","22","92.0000","42602","Nitrogen dioxide (NO2)","212","47900","Washington-Arlington-Alexandria, DC-VA-MD-WV","11","District Of Columbia","001","District of Columbia","38.9218470009224","-77.013178"
"01/04/2025","AQS","110010043","2","6.3","ppb","6","MCMILLAN  NCore-PAMS","24","100.0000","42602","Nitrogen dioxide (NO2)","212","47900","Washington-Arlington-Alexandria, DC-VA-MD-WV","11","District Of Columbia","001","District of Columbia","38.9218470009224","-77.013178"
"01/05/2025","AQS","110010043","2","17.7","ppb","16","MCMILLAN  NCore-PAMS","24","100.0000","42602","Nitrogen dioxide (NO2)","212","47900","Washington-Arlington-Alexandria, DC-VA-MD-WV","11","District Of Columbia","001","District of Columbia","38.9218470009224","-77.013178"
"01/06/2025","AQS","110010043","2","13.7","ppb","12","MCMILLAN  NCore-PAMS","22","92.0000","42602","Nitrogen dioxide (NO2)","212","47900","Washington-Arlington-Alexandria, DC-VA-MD-WV","11","District Of Columbia","001","District of Columbia","38.9218470009224","-77.013178"
"01/07/2025","AQS","110010043","2","6.3","ppb","6","MCMILLAN  NCore-PAMS","24","100.0000","42602","Nitrogen dioxide (NO2)","212","47900","Washington-Arlington-Alexandria, DC-VA-MD-WV","11","District Of Columbia","001","District of Columbia","38.9218470009224","-77.013178"
"01/08/2025","AQS","110010043","2","12.5","ppb","11","MCMILLAN  NCore-PAMS","22","92.0000","42602","Nitrogen dioxide (NO2)","212","47900","Washington-Arlington-Alexandria, DC-VA-MD-WV","11","District Of Columbia","001","District of Columbia","38.9218470009224","-77.013178"
"01/09/2025","AQS","110010043","2","6","ppb","6","MCMILLAN  NCore-PAMS","22","92.0000","42602","Nitrogen dioxide (NO2)","212","47900","Washington-Arlington-Alexandria, DC-VA-MD-WV","11","District Of Columbia","001","District of Columbia","38.9218470009224","-77.013178"
"01/10/2025","AQS","110010043","2","37.2","ppb","35","MCMILLAN  NCore-PAMS","24","100.0000","42602","Nitrogen dioxide (NO2)","212","47900","Washington-Arlington-Alexandria, DC-VA-MD-WV","11","District Of Columbia","001","District of Columbia","38.9218470009224","-77.013178"
"01/11/2025","AQS","110010043","2","14.4","ppb","13","MCMILLAN  NCore-PAMS","24","100.0000","42602","Nitrogen dioxide (NO2)","212","47900","Washington-Arlington-Alexandria, DC-VA-MD-WV","11","District Of Columbia","001","District of Columbia","38.9218470009224","-77.013178"
"01/12/2025","AQS","110010043","2","39.6","ppb","37","MCMILLAN  NCore-PAMS","22","92.0000","42602","Nitrogen dioxide (NO2)","212","47900","Washington-Arlington-Alexandria, DC-VA-MD-WV","11","District Of Columbia","001","District of Columbia","38.9218470009224","-77.013178"
"01/13/2025","AQS","110010043","2","43.1","ppb","41","MCMILLAN  NCore-PAMS","24","100.0000","42602","Nitrogen dioxide (NO2)","212","47900","Washington-Arlington-Alexandria, DC-VA-MD-WV","11","District Of Columbia","001","District of Columbia","38.9218470009224","-77.013178"
"01/14/2025","AQS","110010043","2","11","ppb","10","MCMILLAN  NCore-PAMS","22","92.0000","42602","Nitrogen dioxide (NO2)","212","47900","Washington-Arlington-Alexandria, DC-VA-MD-WV","11","District Of Columbia","001","District of Columbia","38.9218470009224","-77.013178"
"01/15/2025","AQS","110010043","2","10","ppb","9","MCMILLAN  NCore-PAMS","22","92.0000","42602","Nitrogen dioxide (NO2)","212","47900","Washington-Arlington-Alexandria, DC-VA-MD-WV","11","District Of Columbia","001","District of Columbia","38.9218470009224","-77.013178"
"01/16/2025","AQS","110010043","2","32.9","ppb","30","MCMILLAN  NCore-PAMS","24","100.0000","42602","Nitrogen dioxide (NO2)","212","47900","Washington-Arlington-Alexandria, DC-VA-MD-WV","11","District Of Columbia","001","District of Columbia","38.9218470009224","-77.013178"
"01/17/2025","AQS","110010043","2","32.2","ppb","30","MCMILLAN  NCore-PAMS","24","100.0000","42602","Nitrogen dioxide (NO2)","212","47900","Washington-Arlington-Alexandria, DC-VA-MD-WV","11","District Of Columbia","001","District of Columbia","38.9218470009224","-77.013178"
"01/18/2025","AQS","110010043","2","35.5","ppb","33","MCMILLAN  NCore-PAMS","22","92.0000","42602","Nitrogen dioxide (NO2)","212","47900","Washington-Arlington-Alexandria, DC-VA-MD-WV","11","District Of Columbia","001","District of Columbia","38.9218470009224","-77.013178"
"01/19/2025","AQS","110010043","2","33.8","ppb","31","MCMILLAN  NCore-PAMS","24","100.0000","42602","Nitrogen dioxide (NO2)","212","47900","Washington-Arlington-Alexandria, DC-VA-MD-WV","11","District Of Columbia","001","District of Columbia","38.9218470009224","-77.013178"
"01/20/2025","AQS","110010043","2","12.6","ppb","11","MCMILLAN  NCore-PAMS","22","92.0000","42602","Nitrogen dioxide (NO2)","212","47900","Washington-Arlington-Alexandria, DC-VA-MD-WV","11","District Of Columbia","001","District of Columbia","38.9218470009224","-77.013178"
"01/21/2025","AQS","110010043","2","16.3","ppb","15","MCMILLAN  NCore-PAMS","22","92.0000","42602","Nitrogen dioxide (NO2)","212","47900","Washington-Arlington-Alexandria, DC-VA-MD-WV","11","District Of Columbia","001","District of Columbia","38.9218470009224","-77.013178"
"01/22/2025","AQS","110010043","2","30.7","ppb","28","MCMILLAN  NCore-PAMS","24","100.0000","42602","Nitrogen dioxide (NO2)","212","47900","Washington-Arlington-Alexandria, DC-VA-MD-WV","11","District Of Columbia","001","District of Columbia","38.9218470009224","-77.013178"
"01/23/2025","AQS","110010043","2","40","ppb","38","MCMILLAN  NCore-PAMS","24","100.0000","42602","Nitrogen dioxide (NO2)","212","47900","Washington-Arlington-Alexandria, DC-VA-MD-WV","11","District Of Columbia","001","District of Columbia","38.9218470009224","-77.013178"
"01/24/2025","AQS","110010043","2","49.7","ppb","46","MCMILLAN  NCore-PAMS","22","92.0000","42602","Nitrogen dioxide (NO2)","212","47900","Washington-Arlington-Alexandria, DC-VA-MD-WV","11","District Of Columbia","001","District of Columbia","38.9218470009224","-77.013178"
"01/25/2025","AQS","110010043","2","34.9","ppb","32","MCMILLAN  NCore-PAMS","24","100.0000","42602","Nitrogen dioxide (NO2)","212","47900","Washington-Arlington-Alexandria, DC-VA-MD-WV","11","District Of Columbia","001","District of Columbia","38.9218470009224","-77.013178"
"01/26/2025","AQS","110010043","2","42.3","ppb","40","MCMILLAN  NCore-PAMS","22","92.0000","42602","Nitrogen dioxide (NO2)","212","47900","Washington-Arlington-Alexandria, DC-VA-MD-WV","11","District Of Columbia","001","District of Columbia","38.9218470009224","-77.013178"
"01/27/2025","AQS","110010043","2","45.5","ppb","42","MCMILLAN  NCore-PAMS","22","92.0000","42602","Nitrogen dioxide (NO2)","212","47900","Washington-Arlington-Alexandria, DC-VA-MD-WV","11","District Of Columbia","001","District of Columbia","38.9218470009224","-77.013178"
"01/28/2025","AQS","110010043","2","34.1","ppb","32","MCMILLAN  NCore-PAMS","24","100.0000","42602","Nitrogen dioxide (NO2)","212","47900","Washington-Arlington-Alexandria, DC-VA-MD-WV","11","District Of Columbia","001","District of Columbia","38.9218470009224","-77.013178"
"01/29/2025","AQS","110010043","2","28.4","ppb","26","MCMILLAN  NCore-PAMS","24","100.0000","42602","Nitrogen dioxide (NO2)","212","47900","Washington-Arlington-Alexandria, DC-VA-MD-WV","11","District Of Columbia","001","District of Columbia","38.9218470009224","-77.013178"
"01/30/2025","AQS","110010043","2","37.4","ppb","35","MCMILLAN  NCore-PAMS","22","92.0000","42602","Nitrogen dioxide (NO2)","212","47900","Washington-Arlington-Alexandria, DC-VA-MD-WV","11","District Of Columbia","001","District of Columbia","38.9218470009224","-77.013178"
"01/31/2025","AQS","110010043","2","30.5","ppb","28","MCMILLAN  NCore-PAMS","24","100.0000","42602","Nitrogen dioxide (NO2)","212","47900","Washington-Arlington-Alexandria, DC-VA-MD-WV","11","District Of Columbia","001","District of Columbia","38.9218470009224","-77.013178"
"02/01/2025","AQS","110010043","2","17.9","ppb","16","MCMILLAN  NCore-PAMS","22","92.0000","42602","Nitrogen dioxide (NO2)","212","47900","Washington-Arlington-Alexandria, DC-VA-MD-WV","11","District Of Columbia","001","District of Columbia","38.9218470009224","-77.013178"
"02/02/2025","AQS","110010043","2","13.7","ppb","12","MCMILLAN  NCore-PAMS","22","92.0000","42602","Nitrogen dioxide (NO2)","212","47900","Washington-Arlington-Alexandria, DC-VA-MD-WV","11","District Of Columbia","001","District of Columbia","38.9218470009224","-77.013178"
"02/03/2025","AQS","110010043","2","37.7","ppb","35","MCMILLAN  NCore-PAMS","24","100.0000","42602","Nitrogen dioxide (NO2)","212","47900","Washington-Arlington-Alexandria, DC-VA-MD-WV","11","District Of Columbia","001","District of Columbia","38.9218470009224","-77.013178"
"02/04/2025","AQS","110010043","2","33.4","ppb","31","MCMILLAN  NCore-PAMS","22","92.0000","42602","Nitrogen dioxide (NO2)","212","47900","Washington-Arlington-Alexandria, DC-VA-MD-WV","11","District Of Columbia","001","District of Columbia","38.9218470009224","-77.013178"
"02/05/2025","AQS","110010043","2","12.2","ppb","11","MCMILLAN  NCore-PAMS","22","92.0000","42602","Nitrogen dioxide (NO2)","212","47900","Washington-Arlington-Alexandria, DC-VA-MD-WV","11","District Of Columbia","001","District of Columbia","38.9218470009224","-77.013178"
"02/06/2025","AQS","110010043","2","31","ppb","29","MCMILLAN  NCore-PAMS","24","100.0000","42602","Nitrogen dioxide (NO2)","212","47900","Washington-Arlington-Alexandria, DC-VA-MD-WV","11","District Of Columbia","001","District of Columbia","38.9218470009224","-77.013178"
"02/07/2025","AQS","110010043","2","22.9","ppb","21","MCMILLAN  NCore-PAMS","22","92.0000","42602","Nitrogen dioxide (NO2)","212","47900","Washington-Arlington-Alexandria, DC-VA-MD-WV","11","District Of Columbia","001","District of Columbia","38.9218470009224","-77.013178"
"02/08/2025","AQS","110010043","2","27.5","ppb","25","MCMILLAN  NCore-PAMS","22","92.0000","42602","Nitrogen dioxide (NO2)","212","47900","Washington-Arlington-Alexandria, DC-VA-MD-WV","11","District Of Columbia","001","District of Columbia","38.9218470009224","-77.013178"
"02/09/2025","AQS","110010043","2","17.7","ppb","16","MCMILLAN  NCore-PAMS","24","100.0000","42602","Nitrogen dioxide (NO2)","212","47900","Washington-Arlington-Alexandria, DC-VA-MD-WV","11","District Of Columbia","001","District of Columbia","38.9218470009224","-77.013178"
"02/10/2025","AQS","110010043","2","15.5","ppb","14","MCMILLAN  NCore-PAMS","24","100.0000","42602","Nitrogen dioxide (NO2)","212","47900","Washington-Arlington-Alexandria, DC-VA-MD-WV","11","District Of Columbia","001","District of Columbia","38.9218470009224","-77.013178"
"02/11/2025","AQS","110010043","2","31.6","ppb","29","MCMILLAN  NCore-PAMS","22","92.0000","42602","Nitrogen dioxide (NO2)","212","47900","Washington-Arlington-Alexandria, DC-VA-MD-WV","11","District Of Columbia","001","District of Columbia","38.9218470009224","-77.013178"
"02/12/2025","AQS","110010043","2","23","ppb","22","MCMILLAN  NCore-PAMS","24","100.0000","42602","Nitrogen dioxide (NO2)","212","47900","Washington-Arlington-Alexandria, DC-VA-MD-WV","11","District Of Columbia","001","District of Columbia","38.9218470009224","-77.013178"
"02/13/2025","AQS","110010043","2","30.8","ppb","28","MCMILLAN  NCore-PAMS","22","92.0000","42602","Nitrogen dioxide (NO2)","212","47900","Washington-Arlington-Alexandria, DC-VA-MD-WV","11","District Of Columbia","001","District of Columbia","38.9218470009224","-77.013178"
"02/14/2025","AQS","110010043","2","40.1","ppb","38","MCMILLAN  NCore-PAMS","22","92.0000","42602","Nitrogen dioxide (NO2)","212","47900","Washington-Arlington-Alexandria, DC-VA-MD-WV","11","District Of Columbia","001","District of Columbia","38.9218470009224","-77.013178"
"02/15/2025","AQS","110010043","2","29.7","ppb","27","MCMILLAN  NCore-PAMS","24","100.0000","42602","Nitrogen dioxide (NO2)","212","47900","Washington-Arlington-Alexandria, DC-VA-MD-WV","11","District Of Columbia","001","District of Columbia","38.9218470009224","-77.013178"
"02/16/2025","AQS","110010043","2","25.4","ppb","24","MCMILLAN  NCore-PAMS","24","100.0000","42602","Nitrogen dioxide (NO2)","212","47900","Washington-Arlington-Alexandria, DC-VA-MD-WV","11","District Of Columbia","001","District of Columbia","38.9218470009224","-77.013178"
"02/17/2025","AQS","110010043","2","5","ppb","5","MCMILLAN  NCore-PAMS","22","92.0000","42602","Nitrogen dioxide (NO2)","212","47900","Washington-Arlington-Alexandria, DC-VA-MD-WV","11","District Of Columbia","001","District of Columbia","38.9218470009224","-77.013178"
"02/18/2025","AQS","110010043","2","8.1","ppb","8","MCMILLAN  NCore-PAMS","24","100.0000","42602","Nitrogen dioxide (NO2)","212","47900","Washington-Arlington-Alexandria, DC-VA-MD-WV","11","District Of Columbia","001","District of Columbia","38.9218470009224","-77.013178"
"02/19/2025","AQS","110010043","2","21.9","ppb","20","MCMILLAN  NCore-PAMS","22","92.0000","42602","Nitrogen dioxide (NO2)","212","47900","Washington-Arlington-Alexandria, DC-VA-MD-WV","11","District Of Columbia","001","District of Columbia","38.9218470009224","-77.013178"
"02/20/2025","AQS","110010043","2","21.1","ppb","20","MCMILLAN  NCore-PAMS","22","92.0000","42602","Nitrogen dioxide (NO2)","212","47900","Washington-Arlington-Alexandria, DC-VA-MD-WV","11","District Of Columbia","001","District of Columbia","38.9218470009224","-77.013178"
"02/21/2025","AQS","110010043","2","6.4","ppb","6","MCMILLAN  NCore-PAMS","24","100.0000","42602","Nitrogen dioxide (NO2)","212","47900","Washington-Arlington-Alexandria, DC-VA-MD-WV","11","District Of Columbia","001","District of Columbia","38.9218470009224","-77.013178"
"02/22/2025","AQS","110010043","2","27.2","ppb","25","MCMILLAN  NCore-PAMS","24","100.0000","42602","Nitrogen dioxide (NO2)","212","47900","Washington-Arlington-Alexandria, DC-VA-MD-WV","11","District Of Columbia","001","District of Columbia","38.9218470009224","-77.013178"
"02/23/2025","AQS","110010043","2","41.9","ppb","39","MCMILLAN  NCore-PAMS","22","92.0000","42602","Nitrogen dioxide (NO2)","212","47900","Washington-Arlington-Alexandria, DC-VA-MD-WV","11","District Of Columbia","001","District of Columbia","38.9218470009224","-77.013178"
"02/24/2025","AQS","110010043","2","44.5","ppb","42","MCMILLAN  NCore-PAMS","24","100.0000","42602","Nitrogen dioxide (NO2)","212","47900","Washington-Arlington-Alexandria, DC-VA-MD-WV","11","District Of Columbia","001","District of Columbia","38.9218470009224","-77.013178"
"02/25/2025","AQS","110010043","2","35.5","ppb","33","MCMILLAN  NCore-PAMS","22","92.0000","42602","Nitrogen dioxide (NO2)","212","47900","Washington-Arlington-Alexandria, DC-VA-MD-WV","11","District Of Columbia","001","District of Columbia","38.9218470009224","-77.013178"
"02/26/2025","AQS","110010043","2","39.2","ppb","37","MCMILLAN  NCore-PAMS","22","92.0000","42602","Nitrogen dioxide (NO2)","212","47900","Washington-Arlington-Alexandria, DC-VA-MD-WV","11","District Of Columbia","001","District of Columbia","38.9218470009224","-77.013178"
"02/27/2025","AQS","110010043","2","37.4","ppb","35","MCMILLAN  NCore-PAMS","24","100.0000","42602","Nitrogen dioxide (NO2)","212","47900","Washington-Arlington-Alexandria, DC-VA-MD-WV","11","District Of Columbia","001","District of Columbia","38.9218470009224","-77.013178"
"02/28/2025","AQS","110010043","2","10","ppb","9","MCMILLAN  NCore-PAMS","24","100.0000","42602","Nitrogen dioxide (NO2)","212","47900","Washington-Arlington-Alexandria, DC-VA-MD-WV","11","District Of Columbia","001","District of Columbia","38.9218470009224","-77.013178"
"03/01/2025","AQS","110010043","2","14.2","ppb","13","MCMILLAN  NCore-PAMS","22","92.0000","42602","Nitrogen dioxide (NO2)","212","47900","Washington-Arlington-Alexandria, DC-VA-MD-WV","11","District Of Columbia","001","District of Columbia","38.9218470009224","-77.013178"
"03/02/2025","AQS","110010043","2","20.2","ppb","19","MCMILLAN  NCore-PAMS","24","100.0000","42602","Nitrogen dioxide (NO2)","212","47900","Washington-Arlington-Alexandria, DC-VA-MD-WV","11","District Of Columbia","001","District of Columbia","38.9218470009224","-77.013178"
"03/03/2025","AQS","110010043","2","27.9","ppb","25","MCMILLAN  NCore-PAMS","22","92.0000","42602","Nitrogen dioxide (NO2)","212","47900","Washington-Arlington-Alexandria, DC-VA-MD-WV","11","District Of Columbia","001","District of Columbia","38.9218470009224","-77.013178"
"03/04/2025","AQS","110010043","2","19.2","ppb","18","MCMILLAN  NCore-PAMS","22","92.0000","42602","Nitrogen dioxide (NO2)","212","47900","Washington-Arlington-Alexandria, DC-VA-MD-WV","11","District Of Columbia","001","District of Columbia","38.9218470009224","-77.013178"
"03/05/2025","AQS","110010043","2","16.4","ppb","15","MCMILLAN  NCore-PAMS","24","100.0000","42602","Nitrogen dioxide (NO2)","212","47900","Washington-Arlington-Alexandria, DC-VA-MD-WV","11","District Of Columbia","001","District of Columbia","38.9218470009224","-77.013178"
"03/06/2025","AQS","110010043","2","3.7","ppb","3","MCMILLAN  NCore-PAMS","24","100.0000","42602","Nitrogen dioxide (NO2)","212","47900","Washington-Arlington-Alexandria, DC-VA-MD-WV","11","District Of Columbia","001","District of Columbia","38.9218470009224","-77.013178"
"03/07/2025","AQS","110010043","2","13","ppb","12","MCMILLAN  NCore-PAMS","22","92.0000","42602","Nitrogen dioxide (NO2)","212","47900","Washington-Arlington-Alexandria, DC-VA-MD-WV","11","District Of Columbia","001","District of Columbia","38.9218470009224","-77.013178"
"03/08/2025","AQS","110010043","2","18.5","ppb","17","MCMILLAN  NCore-PAMS","24","100.0000","42602","Nitrogen dioxide (NO2)","212","47900","Washington-Arlington-Alexandria, DC-VA-MD-WV","11","District Of Columbia","001","District of Columbia","38.9218470009224","-77.013178"
"03/09/2025","AQS","110010043","2","17.8","ppb","16","MCMILLAN  NCore-PAMS","22","92.0000","42602","Nitrogen dioxide (NO2)","212","47900","Washington-Arlington-Alexandria, DC-VA-MD-WV","11","District Of Columbia","001","District of Columbia","38.9218470009224","-77.013178"
"03/10/2025","AQS","110010043","2","39.9","ppb","37","MCMILLAN  NCore-PAMS","22","92.0000","42602","Nitrogen dioxide (NO2)","212","47900","Washington-Arlington-Alexandria, DC-VA-MD-WV","11","District Of Columbia","001","District of Columbia","38.9218470009224","-77.013178"
"03/11/2025","AQS","110010043","2","41.5","ppb","39","MCMILLAN  NCore-PAMS","22","92.0000","42602","Nitrogen dioxide (NO2)","212","47900","Washington-Arlington-Alexandria, DC-VA-MD-WV","11","District Of Columbia","001","District of Columbia","38.9218470009224","-77.013178"
"03/12/2025","AQS","110010043","2","22","ppb","21","MCMILLAN  NCore-PAMS","21","88.0000","42602","Nitrogen dioxide (NO2)","212","47900","Washington-Arlington-Alexandria, DC-VA-MD-WV","11","District Of Columbia","001","District of Columbia","38.9218470009224","-77.013178"
"03/13/2025","AQS","110010043","2","24.6","ppb","23","MCMILLAN  NCore-PAMS","22","92.0000","42602","Nitrogen dioxide (NO2)","212","47900","Washington-Arlington-Alexandria, DC-VA-MD-WV","11","District Of Columbia","001","District of Columbia","38.9218470009224","-77.013178"
"03/14/2025","AQS","110010043","2","8.7","ppb","8","MCMILLAN  NCore-PAMS","24","100.0000","42602","Nitrogen dioxide (NO2)","212","47900","Washington-Arlington-Alexandria, DC-VA-MD-WV","11","District Of Columbia","001","District of Columbia","38.9218470009224","-77.013178"
"03/15/2025","AQS","110010043","2","14.4","ppb","13","MCMILLAN  NCore-PAMS","22","92.0000","42602","Nitrogen dioxide (NO2)","212","47900","Washington-Arlington-Alexandria, DC-VA-MD-WV","11","District Of Columbia","001","District of Columbia","38.9218470009224","-77.013178"
"03/16/2025","AQS","110010043","2","5.5","ppb","5","MCMILLAN  NCore-PAMS","22","92.0000","42602","Nitrogen dioxide (NO2)","212","47900","Washington-Arlington-Alexandria, DC-VA-MD-WV","11","District Of Columbia","001","District of Columbia","38.9218470009224","-77.013178"
"03/17/2025","AQS","110010043","2","5.6","ppb","5","MCMILLAN  NCore-PAMS","24","100.0000","42602","Nitrogen dioxide (NO2)","212","47900","Washington-Arlington-Alexandria, DC-VA-MD-WV","11","District Of Columbia","001","District of Columbia","38.9218470009224","-77.013178"
"03/18/2025","AQS","110010043","2","35.3","ppb","33","MCMILLAN  NCore-PAMS","21","88.0000","42602","Nitrogen dioxide (NO2)","212","47900","Washington-Arlington-Alexandria, DC-VA-MD-WV","11","District Of Columbia","001","District of Columbia","38.9218470009224","-77.013178"
"03/19/2025","AQS","110010043","2","37","ppb","35","MCMILLAN  NCore-PAMS","22","92.0000","42602","Nitrogen dioxide (NO2)","212","47900","Washington-Arlington-Alexandria, DC-VA-MD-WV","11","District Of Columbia","001","District of Columbia","38.9218470009224","-77.013178"
"03/20/2025","AQS","110010043","2","41.6","ppb","39","MCMILLAN  NCore-PAMS","24","100.0000","42602","Nitrogen dioxide (NO2)","212","47900","Washington-Arlington-Alexandria, DC-VA-MD-WV","11","District Of Columbia","001","District of Columbia","38.9218470009224","-77.013178"
"03/21/2025","AQS","110010043","2","27.3","ppb","25","MCMILLAN  NCore-PAMS","22","92.0000","42602","Nitrogen dioxide (NO2)","212","47900","Washington-Arlington-Alexandria, DC-VA-MD-WV","11","District Of Columbia","001","District of Columbia","38.9218470009224","-77.013178"
"03/22/2025","AQS","110010043","2","34.6","ppb","32","MCMILLAN  NCore-PAMS","22","92.0000","42602","Nitrogen dioxide (NO2)","212","47900","Washington-Arlington-Alexandria, DC-VA-MD-WV","11","District Of Columbia","001","District of Columbia","38.9218470009224","-77.013178"
"03/23/2025","AQS","110010043","2","4.9","ppb","4","MCMILLAN  NCore-PAMS","24","100.0000","42602","Nitrogen dioxide (NO2)","212","47900","Washington-Arlington-Alexandria, DC-VA-MD-WV","11","District Of Columbia","001","District of Columbia","38.9218470009224","-77.013178"
"03/24/2025","AQS","110010043","2","26.8","ppb","25","MCMILLAN  NCore-PAMS","24","100.0000","42602","Nitrogen dioxide (NO2)","212","47900","Washington-Arlington-Alexandria, DC-VA-MD-WV","11","District Of Columbia","001","District of Columbia","38.9218470009224","-77.013178"
"03/25/2025","AQS","110010043","2","18.3","ppb","17","MCMILLAN  NCore-PAMS","22","92.0000","42602","Nitrogen dioxide (NO2)","212","47900","Washington-Arlington-Alexandria, DC-VA-MD-WV","11","District Of Columbia","001","District of Columbia","38.9218470009224","-77.013178"
"03/26/2025","AQS","110010043","2","8.1","ppb","8","MCMILLAN  NCore-PAMS","21","88.0000","42602","Nitrogen dioxide (NO2)","212","47900","Washington-Arlington-Alexandria, DC-VA-MD-WV","11","District Of Columbia","001","District of Columbia","38.9218470009224","-77.013178"
"03/27/2025","AQS","110010043","2","18.3","ppb","17","MCMILLAN  NCore-PAMS","20","83.0000","42602","Nitrogen dioxide (NO2)","212","47900","Washington-Arlington-Alexandria, DC-VA-MD-WV","11","District Of Columbia","001","District of Columbia","38.9218470009224","-77.013178"
"03/28/2025","AQS","110010043","2","38.8","ppb","36","MCMILLAN  NCore-PAMS","22","92.0000","42602","Nitrogen dioxide (NO2)","212","47900","Washington-Arlington-Alexandria, DC-VA-MD-WV","11","District Of Columbia","001","District of Columbia","38.9218470009224","-77.013178"
"03/29/2025","AQS","110010043","2","29.6","ppb","27","MCMILLAN  NCore-PAMS","24","100.0000","42602","Nitrogen dioxide (NO2)","212","47900","Washington-Arlington-Alexandria, DC-VA-MD-WV","11","District Of Columbia","001","District of Columbia","38.9218470009224","-77.013178"
"03/30/2025","AQS","110010043","2","8.5","ppb","8","MCMILLAN  NCore-PAMS","24","100.0000","42602","Nitrogen dioxide (NO2)","212","47900","Washington-Arlington-Alexandria, DC-VA-MD-WV","11","District Of Columbia","001","District of Columbia","38.9218470009224","-77.013178"
"03/31/2025","AQS","110010043","2","7.8","ppb","7","MCMILLAN  NCore-PAMS","22","92.0000","42602","Nitrogen dioxide (NO2)","212","47900","Washington-Arlington-Alexandria, DC-VA-MD-WV","11","District Of Columbia","001","District of Columbia","38.9218470009224","-77.013178"
"04/01/2025","AQS","110010043","2","28.1","ppb","26","MCMILLAN  NCore-PAMS","24","100.0000","42602","Nitrogen dioxide (NO2)","212","47900","Washington-Arlington-Alexandria, DC-VA-MD-WV","11","District Of Columbia","001","District of Columbia","38.9218470009224","-77.013178"
"04/02/2025","AQS","110010043","2","25.8","ppb","24","MCMILLAN  NCore-PAMS","22","92.0000","42602","Nitrogen dioxide (NO2)","212","47900","Washington-Arlington-Alexandria, DC-VA-MD-WV","11","District Of Columbia","001","District of Columbia","38.9218470009224","-77.013178"
"04/03/2025","AQS","110010043","2","22.7","ppb","21","MCMILLAN  NCore-PAMS","22","92.0000","42602","Nitrogen dioxide (NO2)","212","47900","Washington-Arlington-Alexandria, DC-VA-MD-WV","11","District Of Columbia","001","District of Columbia","38.9218470009224","-77.013178"
"04/04/2025","AQS","110010043","2","18.3","ppb","17","MCMILLAN  NCore-PAMS","24","100.0000","42602","Nitrogen dioxide (NO2)","212","47900","Washington-Arlington-Alexandria, DC-VA-MD-WV","11","District Of Columbia","001","District of Columbia","38.9218470009224","-77.013178"
"04/05/2025","AQS","110010043","2","8.3","ppb","8","MCMILLAN  NCore-PAMS","24","100.0000","42602","Nitrogen dioxide (NO2)","212","47900","Washington-Arlington-Alexandria, DC-VA-MD-WV","11","District Of Columbia","001","District of Columbia","38.9218470009224","-77.013178"
"04/06/2025","AQS","110010043","2","9.9","ppb","8","MCMILLAN  NCore-PAMS","22","92.0000","42602","Nitrogen dioxide (NO2)","212","47900","Washington-Arlington-Alexandria, DC-VA-MD-WV","11","District Of Columbia","001","District of Columbia","38.9218470009224","-77.013178"
"04/07/2025","AQS","110010043","2","14.9","ppb","13","MCMILLAN  NCore-PAMS","24","100.0000","42602","Nitrogen dioxide (NO2)","212","47900","Washington-Arlington-Alexandria, DC-VA-MD-WV","11","District Of Columbia","001","District of Columbia","38.9218470009224","-77.013178"
"04/09/2025","AQS","110010043","2","22.5","ppb","21","MCMILLAN  NCore-PAMS","22","92.0000","42602","Nitrogen dioxide (NO2)","212","47900","Washington-Arlington-Alexandria, DC-VA-MD-WV","11","District Of Columbia","001","District of Columbia","38.9218470009224","-77.013178"
"04/10/2025","AQS","110010043","2","12.4","ppb","11","MCMILLAN  NCore-PAMS","24","100.0000","42602","Nitrogen dioxide (NO2)","212","47900","Washington-Arlington-Alexandria, DC-VA-MD-WV","11","District Of Columbia","001","District of Columbia","38.9218470009224","-77.013178"
"04/11/2025","AQS","110010043","2","7.8","ppb","7","MCMILLAN  NCore-PAMS","24","100.0000","42602","Nitrogen dioxide (NO2)","212","47900","Washington-Arlington-Alexandria, DC-VA-MD-WV","11","District Of Columbia","001","District of Columbia","38.9218470009224","-77.013178"
"04/12/2025","AQS","110010043","2","6.1","ppb","6","MCMILLAN  NCore-PAMS","22","92.0000","42602","Nitrogen dioxide (NO2)","212","47900","Washington-Arlington-Alexandria, DC-VA-MD-WV","11","District Of Columbia","001","District of Columbia","38.9218470009224","-77.013178"
"04/13/2025","AQS","110010043","2","40.1","ppb","38","MCMILLAN  NCore-PAMS","24","100.0000","42602","Nitrogen dioxide (NO2)","212","47900","Washington-Arlington-Alexandria, DC-VA-MD-WV","11","District Of Columbia","001","District of Columbia","38.9218470009224","-77.013178"
"04/14/2025","AQS","110010043","2","32.5","ppb","30","MCMILLAN  NCore-PAMS","22","92.0000","42602","Nitrogen dioxide (NO2)","212","47900","Washington-Arlington-Alexandria, DC-VA-MD-WV","11","District Of Columbia","001","District of Columbia","38.9218470009224","-77.013178"
"04/15/2025","AQS","110010043","2","29.8","ppb","27","MCMILLAN  NCore-PAMS","22","92.0000","42602","Nitrogen dioxide (NO2)","212","47900","Washington-Arlington-Alexandria, DC-VA-MD-WV","11","District Of Columbia","001","District of Columbia","38.9218470009224","-77.013178"
"04/16/2025","AQS","110010043","2","8.7","ppb","8","MCMILLAN  NCore-PAMS","24","100.0000","42602","Nitrogen dioxide (NO2)","212","47900","Washington-Arlington-Alexandria, DC-VA-MD-WV","11","District Of Columbia","001","District of Columbia","38.9218470009224","-77.013178"
"04/17/2025","AQS","110010043","2","43.8","ppb","41","MCMILLAN  NCore-PAMS","24","100.0000","42602","Nitrogen dioxide (NO2)","212","47900","Washington-Arlington-Alexandria, DC-VA-MD-WV","11","District Of Columbia","001","District of Columbia","38.9218470009224","-77.013178"
"04/18/2025","AQS","110010043","2","12.4","ppb","11","MCMILLAN  NCore-PAMS","22","92.0000","42602","Nitrogen dioxide (NO2)","212","47900","Washington-Arlington-Alexandria, DC-VA-MD-WV","11","District Of Columbia","001","District of Columbia","38.9218470009224","-77.013178"
"04/19/2025","AQS","110010043","2","16.4","ppb","15","MCMILLAN  NCore-PAMS","24","100.0000","42602","Nitrogen dioxide (NO2)","212","47900","Washington-Arlington-Alexandria, DC-VA-MD-WV","11","District Of Columbia","001","District of Columbia","38.9218470009224","-77.013178"
"04/20/2025","AQS","110010043","2","12.6","ppb","11","MCMILLAN  NCore-PAMS","22","92.0000","42602","Nitrogen dioxide (NO2)","212","47900","Washington-Arlington-Alexandria, DC-VA-MD-WV","11","District Of Columbia","001","District of Columbia","38.9218470009224","-77.013178"
"04/21/2025","AQS","110010043","2","12.1","ppb","11","MCMILLAN  NCore-PAMS","22","92.0000","42602","Nitrogen dioxide (NO2)","212","47900","Washington-Arlington-Alexandria, DC-VA-MD-WV","11","District Of Columbia","001","District of Columbia","38.9218470009224","-77.013178"
"04/22/2025","AQS","110010043","2","20.5","ppb","19","MCMILLAN  NCore-PAMS","21","88.0000","42602","Nitrogen dioxide (NO2)","212","47900","Washington-Arlington-Alexandria, DC-VA-MD-WV","11","District Of Columbia","001","District of Columbia","38.9218470009224","-77.013178"
"04/23/2025","AQS","110010043","2","10.3","ppb","9","MCMILLAN  NCore-PAMS","24","100.0000","42602","Nitrogen dioxide (NO2)","212","47900","Washington-Arlington-Alexandria, DC-VA-MD-WV","11","District Of Columbia","001","District of Columbia","38.9218470009224","-77.013178"
"04/24/2025","AQS","110010043","2","18.7","ppb","17","MCMILLAN  NCore-PAMS","24","100.0000","42602","Nitrogen dioxide (NO2)","212","47900","Washington-Arlington-Alexandria, DC-VA-MD-WV","11","District Of Columbia","001","District of Columbia","38.9218470009224","-77.013178"
"04/25/2025","AQS","110010043","2","27","ppb","25","MCMILLAN  NCore-PAMS","24","100.0000","42602","Nitrogen dioxide (NO2)","212","47900","Washington-Arlington-Alexandria, DC-VA-MD-WV","11","District Of Columbia","001","District of Columbia","38.9218470009224","-77.013178"
"04/26/2025","AQS","110010043","2","5.8","ppb","5","MCMILLAN  NCore-PAMS","24","100.0000","42602","Nitrogen dioxide (NO2)","212","47900","Washington-Arlington-Alexandria, DC-VA-MD-WV","11","District Of Columbia","001","District of Columbia","38.9218470009224","-77.013178"
"04/27/2025","AQS","110010043","2","5.2","ppb","5","MCMILLAN  NCore-PAMS","24","100.0000","42602","Nitrogen dioxide (NO2)","212","47900","Washington-Arlington-Alexandria, DC-VA-MD-WV","11","District Of Columbia","001","District of Columbia","38.9218470009224","-77.013178"
"04/28/2025","AQS","110010043","2","19.9","ppb","18","MCMILLAN  NCore-PAMS","24","100.0000","42602","Nitrogen dioxide (NO2)","212","47900","Washington-Arlington-Alexandria, DC-VA-MD-WV","11","District Of Columbia","001","District of Columbia","38.9218470009224","-77.013178"
"04/29/2025","AQS","110010043","2","8.6","ppb","8","MCMILLAN  NCore-PAMS","24","100.0000","42602","Nitrogen dioxide (NO2)","212","47900","Washington-Arlington-Alexandria, DC-VA-MD-WV","11","District Of Columbia","001","District of Columbia","38.9218470009224","-77.013178"
"04/30/2025","AQS","110010043","2","13.7","ppb","12","MCMILLAN  NCore-PAMS","22","92.0000","42602","Nitrogen dioxide (NO2)","212","47900","Washington-Arlington-Alexandria, DC-VA-MD-WV","11","District Of Columbia","001","District of Columbia","38.9218470009224","-77.013178"
"05/01/2025","AQS","110010043","2","12","ppb","11","MCMILLAN  NCore-PAMS","21","88.0000","42602","Nitrogen dioxide (NO2)","212","47900","Washington-Arlington-Alexandria, DC-VA-MD-WV","11","District Of Columbia","001","District of Columbia","38.9218470009224","-77.013178"
"05/02/2025","AQS","110010043","2","11.5","ppb","10","MCMILLAN  NCore-PAMS","20","83.0000","42602","Nitrogen dioxide (NO2)","212","47900","Washington-Arlington-Alexandria, DC-VA-MD-WV","11","District Of Columbia","001","District of Columbia","38.9218470009224","-77.013178"
"05/03/2025","AQS","110010043","2","5.9","ppb","5","MCMILLAN  NCore-PAMS","22","92.0000","42602","Nitrogen dioxide (NO2)","212","47900","Washington-Arlington-Alexandria, DC-VA-MD-WV","11","District Of Columbia","001","District of Columbia","38.9218470009224","-77.013178"
"05/04/2025","AQS","110010043","2","7.3","ppb","7","MCMILLAN  NCore-PAMS","24","100.0000","42602","Nitrogen dioxide (NO2)","212","47900","Washington-Arlington-Alexandria, DC-VA-MD-WV","11","District Of Columbia","001","District of Columbia","38.9218470009224","-77.013178"
"05/05/2025","AQS","110010043","2","6.9","ppb","6","MCMILLAN  NCore-PAMS","24","100.0000","42602","Nitrogen dioxide (NO2)","212","47900","Washington-Arlington-Alexandria, DC-VA-MD-WV","11","District Of Columbia","001","District of Columbia","38.9218470009224","-77.013178"
"05/06/2025","AQS","110010043","2","8.8","ppb","8","MCMILLAN  NCore-PAMS","22","92.0000","42602","Nitrogen dioxide (NO2)","212","47900","Washington-Arlington-Alexandria, DC-VA-MD-WV","11","District Of Columbia","001","District of Columbia","38.9218470009224","-77.013178"
"05/07/2025","AQS","110010043","2","31","ppb","29","MCMILLAN  NCore-PAMS","24","100.0000","42602","Nitrogen dioxide (NO2)","212","47900","Washington-Arlington-Alexandria, DC-VA-MD-WV","11","District Of Columbia","001","District of Columbia","38.9218470009224","-77.013178"
"05/08/2025","AQS","110010043","2","13.3","ppb","12","MCMILLAN  NCore-PAMS","21","88.0000","42602","Nitrogen dioxide (NO2)","212","47900","Washington-Arlington-Alexandria, DC-VA-MD-WV","11","District Of Columbia","001","District of Columbia","38.9218470009224","-77.013178"
"05/09/2025","AQS","110010043","2","11.3","ppb","10","MCMILLAN  NCore-PAMS","22","92.0000","42602","Nitrogen dioxide (NO2)","212","47900","Washington-Arlington-Alexandria, DC-VA-MD-WV","11","District Of Columbia","001","District of Columbia","38.9218470009224","-77.013178"
"05/10/2025","AQS","110010043","2","12","ppb","11","MCMILLAN  NCore-PAMS","24","100.0000","42602","Nitrogen dioxide (NO2)","212","47900","Washington-Arlington-Alexandria, DC-VA-MD-WV","11","District Of Columbia","001","District of Columbia","38.9218470009224","-77.013178"
"05/11/2025","AQS","110010043","2","13.1","ppb","12","MCMILLAN  NCore-PAMS","24","100.0000","42602","Nitrogen dioxide (NO2)","212","47900","Washington-Arlington-Alexandria, DC-VA-MD-WV","11","District Of Columbia","001","District of Columbia","38.9218470009224","-77.013178"
"05/12/2025","AQS","110010043","2","25.4","ppb","24","MCMILLAN  NCore-PAMS","22","92.0000","42602","Nitrogen dioxide (NO2)","212","47900","Washington-Arlington-Alexandria, DC-VA-MD-WV","11","District Of Columbia","001","District of Columbia","38.9218470009224","-77.013178"
"05/13/2025","AQS","110010043","2","6.9","ppb","6","MCMILLAN  NCore-PAMS","24","100.0000","42602","Nitrogen dioxide (NO2)","212","47900","Washington-Arlington-Alexandria, DC-VA-MD-WV","11","District Of Columbia","001","District of Columbia","38.9218470009224","-77.013178"
"05/14/2025","AQS","110010043","2","7.7","ppb","7","MCMILLAN  NCore-PAMS","22","92.0000","42602","Nitrogen dioxide (NO2)","212","47900","Washington-Arlington-Alexandria, DC-VA-MD-WV","11","District Of Columbia","001","District of Columbia","38.9218470009224","-77.013178"
"05/15/2025","AQS","110010043","2","12.2","ppb","11","MCMILLAN  NCore-PAMS","22","92.0000","42602","Nitrogen dioxide (NO2)","212","47900","Washington-Arlington-Alexandria, DC-VA-MD-WV","11","District Of Columbia","001","District of Columbia","38.9218470009224","-77.013178"
"05/16/2025","AQS","110010043","2","12.3","ppb","11","MCMILLAN  NCore-PAMS","24","100.0000","42602","Nitrogen dioxide (NO2)","212","47900","Washington-Arlington-Alexandria, DC-VA-MD-WV","11","District Of Columbia","001","District of Columbia","38.9218470009224","-77.013178"
"05/17/2025","AQS","110010043","2","11.3","ppb","10","MCMILLAN  NCore-PAMS","24","100.0000","42602","Nitrogen dioxide (NO2)","212","47900","Washington-Arlington-Alexandria, DC-VA-MD-WV","11","District Of Columbia","001","District of Columbia","38.9218470009224","-77.013178"
"05/18/2025","AQS","110010043","2","2.8","ppb","2","MCMILLAN  NCore-PAMS","22","92.0000","42602","Nitrogen dioxide (NO2)","212","47900","Washington-Arlington-Alexandria, DC-VA-MD-WV","11","District Of Columbia","001","District of Columbia","38.9218470009224","-77.013178"
"05/19/2025","AQS","110010043","2","2.8","ppb","2","MCMILLAN  NCore-PAMS","24","100.0000","42602","Nitrogen dioxide (NO2)","212","47900","Washington-Arlington-Alexandria, DC-VA-MD-WV","11","District Of Columbia","001","District of Columbia","38.9218470009224","-77.013178"
"05/20/2025","AQS","110010043","2","7.3","ppb","7","MCMILLAN  NCore-PAMS","22","92.0000","42602","Nitrogen dioxide (NO2)","212","47900","Washington-Arlington-Alexandria, DC-VA-MD-WV","11","District Of Columbia","001","District of Columbia","38.9218470009224","-77.013178"
"05/21/2025","AQS","110010043","2","7.6","ppb","7","MCMILLAN  NCore-PAMS","22","92.0000","42602","Nitrogen dioxide (NO2)","212","47900","Washington-Arlington-Alexandria, DC-VA-MD-WV","11","District Of Columbia","001","District of Columbia","38.9218470009224","-77.013178"
"05/22/2025","AQS","110010043","2","10.9","ppb","9","MCMILLAN  NCore-PAMS","24","100.0000","42602","Nitrogen dioxide (NO2)","212","47900","Washington-Arlington-Alexandria, DC-VA-MD-WV","11","District Of Columbia","001","District of Columbia","38.9218470009224","-77.013178"
"05/23/2025","AQS","110010043","2","7.4","ppb","7","MCMILLAN  NCore-PAMS","24","100.0000","42602","Nitrogen dioxide (NO2)","212","47900","Washington-Arlington-Alexandria, DC-VA-MD-WV","11","District Of Columbia","001","District of Columbia","38.9218470009224","-77.013178"
"05/24/2025","AQS","110010043","2","12.5","ppb","11","MCMILLAN  NCore-PAMS","22","92.0000","42602","Nitrogen dioxide (NO2)","212","47900","Washington-Arlington-Alexandria, DC-VA-MD-WV","11","District Of Columbia","001","District of Columbia","38.9218470009224","-77.013178"
"05/25/2025","AQS","110010043","2","5.2","ppb","5","MCMILLAN  NCore-PAMS","24","100.0000","42602","Nitrogen dioxide (NO2)","212","47900","Washington-Arlington-Alexandria, DC-VA-MD-WV","11","District Of Columbia","001","District of Columbia","38.9218470009224","-77.013178"
"05/26/2025","AQS","110010043","2","14.9","ppb","13","MCMILLAN  NCore-PAMS","22","92.0000","42602","Nitrogen dioxide (NO2)","212","47900","Washington-Arlington-Alexandria, DC-VA-MD-WV","11","District Of Columbia","001","District of Columbia","38.9218470009224","-77.013178"
"05/27/2025","AQS","110010043","2","20.5","ppb","19","MCMILLAN  NCore-PAMS","22","92.0000","42602","Nitrogen dioxide (NO2)","212","47900","Washington-Arlington-Alexandria, DC-VA-MD-WV","11","District Of Columbia","001","District of Columbia","38.9218470009224","-77.013178"
"05/28/2025","AQS","110010043","2","7.2","ppb","7","MCMILLAN  NCore-PAMS","24","100.0000","42602","Nitrogen dioxide (NO2)","212","47900","Washington-Arlington-Alexandria, DC-VA-MD-WV","11","District Of Columbia","001","District of Columbia","38.9218470009224","-77.013178"
"05/29/2025","AQS","110010043","2","12.5","ppb","11","MCMILLAN  NCore-PAMS","24","100.0000","42602","Nitrogen dioxide (NO2)","212","47900","Washington-Arlington-Alexandria, DC-VA-MD-WV","11","District Of Columbia","001","District of Columbia","38.9218470009224","-77.013178"
"05/30/2025","AQS","110010043","2","6.7","ppb","6","MCMILLAN  NCore-PAMS","22","92.0000","42602","Nitrogen dioxide (NO2)","212","47900","Washington-Arlington-Alexandria, DC-VA-MD-WV","11","District Of Columbia","001","District of Columbia","38.9218470009224","-77.013178"
"05/31/2025","AQS","110010043","2","4.2","ppb","4","MCMILLAN  NCore-PAMS","24","100.0000","42602","Nitrogen dioxide (NO2)","212","47900","Washington-Arlington-Alexandria, DC-VA-MD-WV","11","District Of Columbia","001","District of Columbia","38.9218470009224","-77.013178"
"06/01/2025","AQS","110010043","2","16","ppb","15","MCMILLAN  NCore-PAMS","22","92.0000","42602","Nitrogen dioxide (NO2)","212","47900","Washington-Arlington-Alexandria, DC-VA-MD-WV","11","District Of Columbia","001","District of Columbia","38.9218470009224","-77.013178"
"06/02/2025","AQS","110010043","2","22.5","ppb","21","MCMILLAN  NCore-PAMS","22","92.0000","42602","Nitrogen dioxide (NO2)","212","47900","Washington-Arlington-Alexandria, DC-VA-MD-WV","11","District Of Columbia","001","District of Columbia","38.9218470009224","-77.013178"
"06/03/2025","AQS","110010043","2","20","ppb","19","MCMILLAN  NCore-PAMS","24","100.0000","42602","Nitrogen dioxide (NO2)","212","47900","Washington-Arlington-Alexandria, DC-VA-MD-WV","11","District Of Columbia","001","District of Columbia","38.9218470009224","-77.013178"
"06/04/2025","AQS","110010043","2","15.8","ppb","14","MCMILLAN  NCore-PAMS","24","100.0000","42602","Nitrogen dioxide (NO2)","212","47900","Washington-Arlington-Alexandria, DC-VA-MD-WV","11","District Of Columbia","001","District of Columbia","38.9218470009224","-77.013178"
"06/05/2025","AQS","110010043","2","11.4","ppb","10","MCMILLAN  NCore-PAMS","22","92.0000","42602","Nitrogen dioxide (NO2)","212","47900","Washington-Arlington-Alexandria, DC-VA-MD-WV","11","District Of Columbia","001","District of Columbia","38.9218470009224","-77.013178"
"06/06/2025","AQS","110010043","2","19.8","ppb","18","MCMILLAN  NCore-PAMS","24","100.0000","42602","Nitrogen dioxide (NO2)","212","47900","Washington-Arlington-Alexandria, DC-VA-MD-WV","11","District Of Columbia","001","District of Columbia","38.9218470009224","-77.013178"
"06/07/2025","AQS","110010043","2","12.2","ppb","11","MCMILLAN  NCore-PAMS","22","92.0000","42602","Nitrogen dioxide (NO2)","212","47900","Washington-Arlington-Alexandria, DC-VA-MD-WV","11","District Of Columbia","001","District of Columbia","38.9218470009224","-77.013178"
"06/08/2025","AQS","110010043","2","8.9","ppb","8","MCMILLAN  NCore-PAMS","22","92.0000","42602","Nitrogen dioxide (NO2)","212","47900","Washington-Arlington-Alexandria, DC-VA-MD-WV","11","District Of Columbia","001","District of Columbia","38.9218470009224","-77.013178"
"06/09/2025","AQS","110010043","2","7.9","ppb","7","MCMILLAN  NCore-PAMS","24","100.0000","42602","Nitrogen dioxide (NO2)","212","47900","Washington-Arlington-Alexandria, DC-VA-MD-WV","11","District Of Columbia","001","District of Columbia","38.9218470009224","-77.013178"
"06/10/2025","AQS","110010043","2","8.5","ppb","8","MCMILLAN  NCore-PAMS","24","100.0000","42602","Nitrogen dioxide (NO2)","212","47900","Washington-Arlington-Alexandria, DC-VA-MD-WV","11","District Of Columbia","001","District of Columbia","38.9218470009224","-77.013178"
"06/11/2025","AQS","110010043","2","10.8","ppb","9","MCMILLAN  NCore-PAMS","22","92.0000","42602","Nitrogen dioxide (NO2)","212","47900","Washington-Arlington-Alexandria, DC-VA-MD-WV","11","District Of Columbia","001","District of Columbia","38.9218470009224","-77.013178"
"06/12/2025","AQS","110010043","2","19.3","ppb","18","MCMILLAN  NCore-PAMS","24","100.0000","42602","Nitrogen dioxide (NO2)","212","47900","Washington-Arlington-Alexandria, DC-VA-MD-WV","11","District Of Columbia","001","District of Columbia","38.9218470009224","-77.013178"
"06/13/2025","AQS","110010043","2","17.7","ppb","16","MCMILLAN  NCore-PAMS","22","92.0000","42602","Nitrogen dioxide (NO2)","212","47900","Washington-Arlington-Alexandria, DC-VA-MD-WV","11","District Of Columbia","001","District of Columbia","38.9218470009224","-77.013178"
"06/14/2025","AQS","110010043","2","8.5","ppb","8","MCMILLAN  NCore-PAMS","22","92.0000","42602","Nitrogen dioxide (NO2)","212","47900","Washington-Arlington-Alexandria, DC-VA-MD-WV","11","District Of Columbia","001","District of Columbia","38.9218470009224","-77.013178"
"06/15/2025","AQS","110010043","2","3","ppb","3","MCMILLAN  NCore-PAMS","24","100.0000","42602","Nitrogen dioxide (NO2)","212","47900","Washington-Arlington-Alexandria, DC-VA-MD-WV","11","District Of Columbia","001","District of Columbia","38.9218470009224","-77.013178"
"06/16/2025","AQS","110010043","2","9.5","ppb","8","MCMILLAN  NCore-PAMS","24","100.0000","42602","Nitrogen dioxide (NO2)","212","47900","Washington-Arlington-Alexandria, DC-VA-MD-WV","11","District Of Columbia","001","District of Columbia","38.9218470009224","-77.013178"
"06/17/2025","AQS","110010043","2","10","ppb","9","MCMILLAN  NCore-PAMS","22","92.0000","42602","Nitrogen dioxide (NO2)","212","47900","Washington-Arlington-Alexandria, DC-VA-MD-WV","11","District Of Columbia","001","District of Columbia","38.9218470009224","-77.013178"
"06/18/2025","AQS","110010043","2","27.4","ppb","25","MCMILLAN  NCore-PAMS","24","100.0000","42602","Nitrogen dioxide (NO2)","212","47900","Washington-Arlington-Alexandria, DC-VA-MD-WV","11","District Of Columbia","001","District of Columbia","38.9218470009224","-77.013178"
"06/19/2025","AQS","110010043","2","10.7","ppb","9","MCMILLAN  NCore-PAMS","22","92.0000","42602","Nitrogen dioxide (NO2)","212","47900","Washington-Arlington-Alexandria, DC-VA-MD-WV","11","District Of Columbia","001","District of Columbia","38.9218470009224","-77.013178"
"06/20/2025","AQS","110010043","2","8.1","ppb","8","MCMILLAN  NCore-PAMS","22","92.0000","42602","Nitrogen dioxide (NO2)","212","47900","Washington-Arlington-Alexandria, DC-VA-MD-WV","11","District Of Columbia","001","District of Columbia","38.9218470009224","-77.013178"
"06/21/2025","AQS","110010043","2","11.6","ppb","10","MCMILLAN  NCore-PAMS","24","100.0000","42602","Nitrogen dioxide (NO2)","212","47900","Washington-Arlington-Alexandria, DC-VA-MD-WV","11","District Of Columbia","001","District of Columbia","38.9218470009224","-77.013178"
"06/22/2025","AQS","110010043","2","6.8","ppb","6","MCMILLAN  NCore-PAMS","24","100.0000","42602","Nitrogen dioxide (NO2)","212","47900","Washington-Arlington-Alexandria, DC-VA-MD-WV","11","District Of Columbia","001","District of Columbia","38.9218470009224","-77.013178"
"06/25/2025","AQS","110010043","2","15.3","ppb","14","MCMILLAN  NCore-PAMS","18","75.0000","42602","Nitrogen dioxide (NO2)","212","47900","Washington-Arlington-Alexandria, DC-VA-MD-WV","11","District Of Columbia","001","District of Columbia","38.9218470009224","-77.013178"
"06/27/2025","AQS","110010043","2","7.6","ppb","7","MCMILLAN  NCore-PAMS","20","83.0000","42602","Nitrogen dioxide (NO2)","212","47900","Washington-Arlington-Alexandria, DC-VA-MD-WV","11","District Of Columbia","001","District of Columbia","38.9218470009224","-77.013178"
"06/28/2025","AQS","110010043","2","8.4","ppb","8","MCMILLAN  NCore-PAMS","24","100.0000","42602","Nitrogen dioxide (NO2)","212","47900","Washington-Arlington-Alexandria, DC-VA-MD-WV","11","District Of Columbia","001","District of Columbia","38.9218470009224","-77.013178"
"06/29/2025","AQS","110010043","2","11.2","ppb","10","MCMILLAN  NCore-PAMS","22","92.0000","42602","Nitrogen dioxide (NO2)","212","47900","Washington-Arlington-Alexandria, DC-VA-MD-WV","11","District Of Columbia","001","District of Columbia","38.9218470009224","-77.013178"
"06/30/2025","AQS","110010043","2","13.4","ppb","12","MCMILLAN  NCore-PAMS","24","100.0000","42602","Nitrogen dioxide (NO2)","212","47900","Washington-Arlington-Alexandria, DC-VA-MD-WV","11","District Of Columbia","001","District of Columbia","38.9218470009224","-77.013178"
"01/01/2025","AQS","110010050","1","20.9","ppb","19","Takoma Rec Center","24","100.0000","42602","Nitrogen dioxide (NO2)","599","47900","Washington-Arlington-Alexandria, DC-VA-MD-WV","11","District Of Columbia","001","District of Columbia","38.970092","-77.016715"
"01/02/2025","AQS","110010050","1","17.1","ppb","16","Takoma Rec Center","22","92.0000","42602","Nitrogen dioxide (NO2)","599","47900","Washington-Arlington-Alexandria, DC-VA-MD-WV","11","District Of Columbia","001","District of Columbia","38.970092","-77.016715"
"01/03/2025","AQS","110010050","1","24.6","ppb","23","Takoma Rec Center","24","100.0000","42602","Nitrogen dioxide (NO2)","599","47900","Washington-Arlington-Alexandria, DC-VA-MD-WV","11","District Of Columbia","001","District of Columbia","38.970092","-77.016715"
"01/04/2025","AQS","110010050","1","4.3","ppb","4","Takoma Rec Center","24","100.0000","42602","Nitrogen dioxide (NO2)","599","47900","Washington-Arlington-Alexandria, DC-VA-MD-WV","11","District Of Columbia","001","District of Columbia","38.970092","-77.016715"
"01/05/2025","AQS","110010050","1","14.8","ppb","13","Takoma Rec Center","22","92.0000","42602","Nitrogen dioxide (NO2)","599","47900","Washington-Arlington-Alexandria, DC-VA-MD-WV","11","District Of Columbia","001","District of Columbia","38.970092","-77.016715"
"01/06/2025","AQS","110010050","1","11.9","ppb","10","Takoma Rec Center","22","92.0000","42602","Nitrogen dioxide (NO2)","599","47900","Washington-Arlington-Alexandria, DC-VA-MD-WV","11","District Of Columbia","001","District of Columbia","38.970092","-77.016715"
"01/07/2025","AQS","110010050","1","4.5","ppb","4","Takoma Rec Center","24","100.0000","42602","Nitrogen dioxide (NO2)","599","47900","Washington-Arlington-Alexandria, DC-VA-MD-WV","11","District Of Columbia","001","District of Columbia","38.970092","-77.016715"
"01/09/2025","AQS","110010050","1","5.5","ppb","5","Takoma Rec Center","24","100.0000","42602","Nitrogen dioxide (NO2)","599","47900","Washington-Arlington-Alexandria, DC-VA-MD-WV","11","District Of Columbia","001","District of Columbia","38.970092","-77.016715"
"01/10/2025","AQS","110010050","1","29.9","ppb","27","Takoma Rec Center","24","100.0000","42602","Nitrogen dioxide (NO2)","599","47900","Washington-Arlington-Alexandria, DC-VA-MD-WV","11","District Of Columbia","001","District of Columbia","38.970092","-77.016715"
"01/11/2025","AQS","110010050","1","15.8","ppb","14","Takoma Rec Center","22","92.0000","42602","Nitrogen dioxide (NO2)","599","47900","Washington-Arlington-Alexandria, DC-VA-MD-WV","11","District Of Columbia","001","District of Columbia","38.970092","-77.016715"
"01/12/2025","AQS","110010050","1","38.1","ppb","36","Takoma Rec Center","22","92.0000","42602","Nitrogen dioxide (NO2)","599","47900","Washington-Arlington-Alexandria, DC-VA-MD-WV","11","District Of Columbia","001","District of Columbia","38.970092","-77.016715"
"01/13/2025","AQS","110010050","1","34.8","ppb","32","Takoma Rec Center","24","100.0000","42602","Nitrogen dioxide (NO2)","599","47900","Washington-Arlington-Alexandria, DC-VA-MD-WV","11","District Of Columbia","001","District of Columbia","38.970092","-77.016715"
"01/14/2025","AQS","110010050","1","12.9","ppb","11","Takoma Rec Center","22","92.0000","42602","Nitrogen dioxide (NO2)","599","47900","Washington-Arlington-Alexandria, DC-VA-MD-WV","11","District Of Columbia","001","District of Columbia","38.970092","-77.016715"
"01/15/2025","AQS","110010050","1","9.7","ppb","8","Takoma Rec Center","24","100.0000","42602","Nitrogen dioxide (NO2)","599","47900","Washington-Arlington-Alexandria, DC-VA-MD-WV","11","District Of Columbia","001","District of Columbia","38.970092","-77.016715"
"01/16/2025","AQS","110010050","1","31.9","ppb","29","Takoma Rec Center","24","100.0000","42602","Nitrogen dioxide (NO2)","599","47900","Washington-Arlington-Alexandria, DC-VA-MD-WV","11","District Of Columbia","001","District of Columbia","38.970092","-77.016715"
"01/17/2025","AQS","110010050","1","32","ppb","30","Takoma Rec Center","22","92.0000","42602","Nitrogen dioxide (NO2)","599","47900","Washington-Arlington-Alexandria, DC-VA-MD-WV","11","District Of Columbia","001","District of Columbia","38.970092","-77.016715"
"01/18/2025","AQS","110010050","1","32.4","ppb","30","Takoma Rec Center","22","92.0000","42602","Nitrogen dioxide (NO2)","599","47900","Washington-Arlington-Alexandria, DC-VA-MD-WV","11","District Of Columbia","001","District of Columbia","38.970092","-77.016715"
"01/19/2025","AQS","110010050","1","28.7","ppb","26","Takoma Rec Center","24","100.0000","42602","Nitrogen dioxide (NO2)","599","47900","Washington-Arlington-Alexandria, DC-VA-MD-WV","11","District Of Columbia","001","District of Columbia","38.970092","-77.016715"
"01/20/2025","AQS","110010050","1","10.6","ppb","9","Takoma Rec Center","22","92.0000","42602","Nitrogen dioxide (NO2)","599","47900","Washington-Arlington-Alexandria, DC-VA-MD-WV","11","District Of Columbia","001","District of Columbia","38.970092","-77.016715"
"01/21/2025","AQS","110010050","1","20.3","ppb","19","Takoma Rec Center","24","100.0000","42602","Nitrogen dioxide (NO2)","599","47900","Washington-Arlington-Alexandria, DC-VA-MD-WV","11","District Of Columbia","001","District of Columbia","38.970092","-77.016715"
"01/22/2025","AQS","110010050","1","34.8","ppb","32","Takoma Rec Center","24","100.0000","42602","Nitrogen dioxide (NO2)","599","47900","Washington-Arlington-Alexandria, DC-VA-MD-WV","11","District Of Columbia","001","District of Columbia","38.970092","-77.016715"
"01/23/2025","AQS","110010050","1","39.1","ppb","37","Takoma Rec Center","22","92.0000","42602","Nitrogen dioxide (NO2)","599","47900","Washington-Arlington-Alexandria, DC-VA-MD-WV","11","District Of Columbia","001","District of Columbia","38.970092","-77.016715"
"01/24/2025","AQS","110010050","1","39.6","ppb","37","Takoma Rec Center","22","92.0000","42602","Nitrogen dioxide (NO2)","599","47900","Washington-Arlington-Alexandria, DC-VA-MD-WV","11","District Of Columbia","001","District of Columbia","38.970092","-77.016715"
"01/25/2025","AQS","110010050","1","34.6","ppb","32","Takoma Rec Center","24","100.0000","42602","Nitrogen dioxide (NO2)","599","47900","Washington-Arlington-Alexandria, DC-VA-MD-WV","11","District Of Columbia","001","District of Columbia","38.970092","-77.016715"
"01/26/2025","AQS","110010050","1","41.8","ppb","39","Takoma Rec Center","22","92.0000","42602","Nitrogen dioxide (NO2)","599","47900","Washington-Arlington-Alexandria, DC-VA-MD-WV","11","District Of Columbia","001","District of Columbia","38.970092","-77.016715"
"01/27/2025","AQS","110010050","1","43.2","ppb","41","Takoma Rec Center","24","100.0000","42602","Nitrogen dioxide (NO2)","599","47900","Washington-Arlington-Alexandria, DC-VA-MD-WV","11","District Of Columbia","001","District of Columbia","38.970092","-77.016715"
"01/28/2025","AQS","110010050","1","39.3","ppb","37","Takoma Rec Center","24","100.0000","42602","Nitrogen dioxide (NO2)","599","47900","Washington-Arlington-Alexandria, DC-VA-MD-WV","11","District Of Columbia","001","District of Columbia","38.970092","-77.016715"
"01/29/2025","AQS","110010050","1","34.8","ppb","32","Takoma Rec Center","22","92.0000","42602","Nitrogen dioxide (NO2)","599","47900","Washington-Arlington-Alexandria, DC-VA-MD-WV","11","District Of Columbia","001","District of Columbia","38.970092","-77.016715"
"01/30/2025","AQS","110010050","1","32.8","ppb","30","Takoma Rec Center","22","92.0000","42602","Nitrogen dioxide (NO2)","599","47900","Washington-Arlington-Alexandria, DC-VA-MD-WV","11","District Of Columbia","001","District of Columbia","38.970092","-77.016715"
"01/31/2025","AQS","110010050","1","20","ppb","19","Takoma Rec Center","24","100.0000","42602","Nitrogen dioxide (NO2)","599","47900","Washington-Arlington-Alexandria, DC-VA-MD-WV","11","District Of Columbia","001","District of Columbia","38.970092","-77.016715"
"02/01/2025","AQS","110010050","1","15.3","ppb","14","Takoma Rec Center","22","92.0000","42602","Nitrogen dioxide (NO2)","599","47900","Washington-Arlington-Alexandria, DC-VA-MD-WV","11","District Of Columbia","001","District of Columbia","38.970092","-77.016715"
"02/02/2025","AQS","110010050","1","12.9","ppb","11","Takoma Rec Center","24","100.0000","42602","Nitrogen dioxide (NO2)","599","47900","Washington-Arlington-Alexandria, DC-VA-MD-WV","11","District Of Columbia","001","District of Columbia","38.970092","-77.016715"
"02/03/2025","AQS","110010050","1","27.7","ppb","25","Takoma Rec Center","24","100.0000","42602","Nitrogen dioxide (NO2)","599","47900","Washington-Arlington-Alexandria, DC-VA-MD-WV","11","District Of Columbia","001","District of Columbia","38.970092","-77.016715"
"02/04/2025","AQS","110010050","1","28.6","ppb","26","Takoma Rec Center","22","92.0000","42602","Nitrogen dioxide (NO2)","599","47900","Washington-Arlington-Alexandria, DC-VA-MD-WV","11","District Of Columbia","001","District of Columbia","38.970092","-77.016715"
"02/05/2025","AQS","110010050","1","10.9","ppb","9","Takoma Rec Center","22","92.0000","42602","Nitrogen dioxide (NO2)","599","47900","Washington-Arlington-Alexandria, DC-VA-MD-WV","11","District Of Columbia","001","District of Columbia","38.970092","-77.016715"
"02/06/2025","AQS","110010050","1","21.7","ppb","20","Takoma Rec Center","24","100.0000","42602","Nitrogen dioxide (NO2)","599","47900","Washington-Arlington-Alexandria, DC-VA-MD-WV","11","District Of Columbia","001","District of Columbia","38.970092","-77.016715"
"02/07/2025","AQS","110010050","1","19.3","ppb","18","Takoma Rec Center","22","92.0000","42602","Nitrogen dioxide (NO2)","599","47900","Washington-Arlington-Alexandria, DC-VA-MD-WV","11","District Of Columbia","001","District of Columbia","38.970092","-77.016715"
"02/08/2025","AQS","110010050","1","27.2","ppb","25","Takoma Rec Center","24","100.0000","42602","Nitrogen dioxide (NO2)","599","47900","Washington-Arlington-Alexandria, DC-VA-MD-WV","11","District Of Columbia","001","District of Columbia","38.970092","-77.016715"
"02/09/2025","AQS","110010050","1","11.1","ppb","10","Takoma Rec Center","24","100.0000","42602","Nitrogen dioxide (NO2)","599","47900","Washington-Arlington-Alexandria, DC-VA-MD-WV","11","District Of Columbia","001","District of Columbia","38.970092","-77.016715"
"02/10/2025","AQS","110010050","1","24.2","ppb","23","Takoma Rec Center","22","92.0000","42602","Nitrogen dioxide (NO2)","599","47900","Washington-Arlington-Alexandria, DC-VA-MD-WV","11","District Of Columbia","001","District of Columbia","38.970092","-77.016715"
"02/11/2025","AQS","110010050","1","27","ppb","25","Takoma Rec Center","22","92.0000","42602","Nitrogen dioxide (NO2)","599","47900","Washington-Arlington-Alexandria, DC-VA-MD-WV","11","District Of Columbia","001","District of Columbia","38.970092","-77.016715"
"02/12/2025","AQS","110010050","1","22.4","ppb","21","Takoma Rec Center","23","96.0000","42602","Nitrogen dioxide (NO2)","599","47900","Washington-Arlington-Alexandria, DC-VA-MD-WV","11","District Of Columbia","001","District of Columbia","38.970092","-77.016715"
"02/13/2025","AQS","110010050","1","26.8","ppb","25","Takoma Rec Center","22","92.0000","42602","Nitrogen dioxide (NO2)","599","47900","Washington-Arlington-Alexandria, DC-VA-MD-WV","11","District Of Columbia","001","District of Columbia","38.970092","-77.016715"
"02/14/2025","AQS","110010050","1","39.3","ppb","37","Takoma Rec Center","24","100.0000","42602","Nitrogen dioxide (NO2)","599","47900","Washington-Arlington-Alexandria, DC-VA-MD-WV","11","District Of Columbia","001","District of Columbia","38.970092","-77.016715"
"02/15/2025","AQS","110010050","1","33.2","ppb","31","Takoma Rec Center","23","96.0000","42602","Nitrogen dioxide (NO2)","599","47900","Washington-Arlington-Alexandria, DC-VA-MD-WV","11","District Of Columbia","001","District of Columbia","38.970092","-77.016715"
"02/16/2025","AQS","110010050","1","22.8","ppb","21","Takoma Rec Center","22","92.0000","42602","Nitrogen dioxide (NO2)","599","47900","Washington-Arlington-Alexandria, DC-VA-MD-WV","11","District Of Columbia","001","District of Columbia","38.970092","-77.016715"
"02/17/2025","AQS","110010050","1","3.4","ppb","3","Takoma Rec Center","22","92.0000","42602","Nitrogen dioxide (NO2)","599","47900","Washington-Arlington-Alexandria, DC-VA-MD-WV","11","District Of Columbia","001","District of Columbia","38.970092","-77.016715"
"02/18/2025","AQS","110010050","1","8.1","ppb","8","Takoma Rec Center","24","100.0000","42602","Nitrogen dioxide (NO2)","599","47900","Washington-Arlington-Alexandria, DC-VA-MD-WV","11","District Of Columbia","001","District of Columbia","38.970092","-77.016715"
"02/19/2025","AQS","110010050","1","23.5","ppb","22","Takoma Rec Center","22","92.0000","42602","Nitrogen dioxide (NO2)","599","47900","Washington-Arlington-Alexandria, DC-VA-MD-WV","11","District Of Columbia","001","District of Columbia","38.970092","-77.016715"
"02/20/2025","AQS","110010050","1","8","ppb","8","Takoma Rec Center","24","100.0000","42602","Nitrogen dioxide (NO2)","599","47900","Washington-Arlington-Alexandria, DC-VA-MD-WV","11","District Of Columbia","001","District of Columbia","38.970092","-77.016715"
"02/21/2025","AQS","110010050","1","6.2","ppb","6","Takoma Rec Center","24","100.0000","42602","Nitrogen dioxide (NO2)","599","47900","Washington-Arlington-Alexandria, DC-VA-MD-WV","11","District Of Columbia","001","District of Columbia","38.970092","-77.016715"
"02/22/2025","AQS","110010050","1","32.5","ppb","30","Takoma Rec Center","22","92.0000","42602","Nitrogen dioxide (NO2)","599","47900","Washington-Arlington-Alexandria, DC-VA-MD-WV","11","District Of Columbia","001","District of Columbia","38.970092","-77.016715"
"02/23/2025","AQS","110010050","1","41.3","ppb","39","Takoma Rec Center","22","92.0000","42602","Nitrogen dioxide (NO2)","599","47900","Washington-Arlington-Alexandria, DC-VA-MD-WV","11","District Of Columbia","001","District of Columbia","38.970092","-77.016715"
"02/24/2025","AQS","110010050","1","38.2","ppb","36","Takoma Rec Center","24","100.0000","42602","Nitrogen dioxide (NO2)","599","47900","Washington-Arlington-Alexandria, DC-VA-MD-WV","11","District Of Columbia","001","District of Columbia","38.970092","-77.016715"
"02/25/2025","AQS","110010050","1","33.2","ppb","31","Takoma Rec Center","21","88.0000","42602","Nitrogen dioxide (NO2)","599","47900","Washington-Arlington-Alexandria, DC-VA-MD-WV","11","District Of Columbia","001","District of Columbia","38.970092","-77.016715"
"02/26/2025","AQS","110010050","1","36.3","ppb","34","Takoma Rec Center","24","100.0000","42602","Nitrogen dioxide (NO2)","599","47900","Washington-Arlington-Alexandria, DC-VA-MD-WV","11","District Of Columbia","001","District of Columbia","38.970092","-77.016715"
"02/27/2025","AQS","110010050","1","32.3","ppb","30","Takoma Rec Center","24","100.0000","42602","Nitrogen dioxide (NO2)","599","47900","Washington-Arlington-Alexandria, DC-VA-MD-WV","11","District Of Columbia","001","District of Columbia","38.970092","-77.016715"
"02/28/2025","AQS","110010050","1","11.8","ppb","10","Takoma Rec Center","21","88.0000","42602","Nitrogen dioxide (NO2)","599","47900","Washington-Arlington-Alexandria, DC-VA-MD-WV","11","District Of Columbia","001","District of Columbia","38.970092","-77.016715"
"03/01/2025","AQS","110010050","1","10.9","ppb","9","Takoma Rec Center","22","92.0000","42602","Nitrogen dioxide (NO2)","599","47900","Washington-Arlington-Alexandria, DC-VA-MD-WV","11","District Of Columbia","001","District of Columbia","38.970092","-77.016715"
"03/02/2025","AQS","110010050","1","27.5","ppb","25","Takoma Rec Center","24","100.0000","42602","Nitrogen dioxide (NO2)","599","47900","Washington-Arlington-Alexandria, DC-VA-MD-WV","11","District Of Columbia","001","District of Columbia","38.970092","-77.016715"
"03/03/2025","AQS","110010050","1","37.6","ppb","35","Takoma Rec Center","22","92.0000","42602","Nitrogen dioxide (NO2)","599","47900","Washington-Arlington-Alexandria, DC-VA-MD-WV","11","District Of Columbia","001","District of Columbia","38.970092","-77.016715"
"03/04/2025","AQS","110010050","1","15.8","ppb","14","Takoma Rec Center","24","100.0000","42602","Nitrogen dioxide (NO2)","599","47900","Washington-Arlington-Alexandria, DC-VA-MD-WV","11","District Of Columbia","001","District of Columbia","38.970092","-77.016715"
"03/05/2025","AQS","110010050","1","14.7","ppb","13","Takoma Rec Center","24","100.0000","42602","Nitrogen dioxide (NO2)","599","47900","Washington-Arlington-Alexandria, DC-VA-MD-WV","11","District Of Columbia","001","District of Columbia","38.970092","-77.016715"
"03/06/2025","AQS","110010050","1","2.7","ppb","2","Takoma Rec Center","21","88.0000","42602","Nitrogen dioxide (NO2)","599","47900","Washington-Arlington-Alexandria, DC-VA-MD-WV","11","District Of Columbia","001","District of Columbia","38.970092","-77.016715"
"03/07/2025","AQS","110010050","1","11.6","ppb","10","Takoma Rec Center","22","92.0000","42602","Nitrogen dioxide (NO2)","599","47900","Washington-Arlington-Alexandria, DC-VA-MD-WV","11","District Of Columbia","001","District of Columbia","38.970092","-77.016715"
"03/08/2025","AQS","110010050","1","28.3","ppb","26","Takoma Rec Center","24","100.0000","42602","Nitrogen dioxide (NO2)","599","47900","Washington-Arlington-Alexandria, DC-VA-MD-WV","11","District Of Columbia","001","District of Columbia","38.970092","-77.016715"
"03/09/2025","AQS","110010050","1","32","ppb","30","Takoma Rec Center","21","88.0000","42602","Nitrogen dioxide (NO2)","599","47900","Washington-Arlington-Alexandria, DC-VA-MD-WV","11","District Of Columbia","001","District of Columbia","38.970092","-77.016715"
"03/10/2025","AQS","110010050","1","34.8","ppb","32","Takoma Rec Center","24","100.0000","42602","Nitrogen dioxide (NO2)","599","47900","Washington-Arlington-Alexandria, DC-VA-MD-WV","11","District Of Columbia","001","District of Columbia","38.970092","-77.016715"
"03/13/2025","AQS","110010050","1","28.8","ppb","26","Takoma Rec Center","22","92.0000","42602","Nitrogen dioxide (NO2)","599","47900","Washington-Arlington-Alexandria, DC-VA-MD-WV","11","District Of Columbia","001","District of Columbia","38.970092","-77.016715"
"03/14/2025","AQS","110010050","1","5.7","ppb","5","Takoma Rec Center","24","100.0000","42602","Nitrogen dioxide (NO2)","599","47900","Washington-Arlington-Alexandria, DC-VA-MD-WV","11","District Of Columbia","001","District of Columbia","38.970092","-77.016715"
"03/15/2025","AQS","110010050","1","7.4","ppb","7","Takoma Rec Center","22","92.0000","42602","Nitrogen dioxide (NO2)","599","47900","Washington-Arlington-Alexandria, DC-VA-MD-WV","11","District Of Columbia","001","District of Columbia","38.970092","-77.016715"
"03/16/2025","AQS","110010050","1","5.8","ppb","5","Takoma Rec Center","24","100.0000","42602","Nitrogen dioxide (NO2)","599","47900","Washington-Arlington-Alexandria, DC-VA-MD-WV","11","District Of Columbia","001","District of Columbia","38.970092","-77.016715"
"03/17/2025","AQS","110010050","1","5.3","ppb","5","Takoma Rec Center","24","100.0000","42602","Nitrogen dioxide (NO2)","599","47900","Washington-Arlington-Alexandria, DC-VA-MD-WV","11","District Of Columbia","001","District of Columbia","38.970092","-77.016715"
"03/18/2025","AQS","110010050","1","32.6","ppb","30","Takoma Rec Center","22","92.0000","42602","Nitrogen dioxide (NO2)","599","47900","Washington-Arlington-Alexandria, DC-VA-MD-WV","11","District Of Columbia","001","District of Columbia","38.970092","-77.016715"
"03/19/2025","AQS","110010050","1","33","ppb","31","Takoma Rec Center","22","92.0000","42602","Nitrogen dioxide (NO2)","599","47900","Washington-Arlington-Alexandria, DC-VA-MD-WV","11","District Of Columbia","001","District of Columbia","38.970092","-77.016715"
"03/20/2025","AQS","110010050","1","31.1","ppb","29","Takoma Rec Center","24","100.0000","42602","Nitrogen dioxide (NO2)","599","47900","Washington-Arlington-Alexandria, DC-VA-MD-WV","11","District Of Columbia","001","District of Columbia","38.970092","-77.016715"
"03/21/2025","AQS","110010050","1","16.3","ppb","15","Takoma Rec Center","22","92.0000","42602","Nitrogen dioxide (NO2)","599","47900","Washington-Arlington-Alexandria, DC-VA-MD-WV","11","District Of Columbia","001","District of Columbia","38.970092","-77.016715"
"03/22/2025","AQS","110010050","1","30.1","ppb","28","Takoma Rec Center","24","100.0000","42602","Nitrogen dioxide (NO2)","599","47900","Washington-Arlington-Alexandria, DC-VA-MD-WV","11","District Of Columbia","001","District of Columbia","38.970092","-77.016715"
"03/23/2025","AQS","110010050","1","5.5","ppb","5","Takoma Rec Center","24","100.0000","42602","Nitrogen dioxide (NO2)","599","47900","Washington-Arlington-Alexandria, DC-VA-MD-WV","11","District Of Columbia","001","District of Columbia","38.970092","-77.016715"
"03/24/2025","AQS","110010050","1","19.4","ppb","18","Takoma Rec Center","22","92.0000","42602","Nitrogen dioxide (NO2)","599","47900","Washington-Arlington-Alexandria, DC-VA-MD-WV","11","District Of Columbia","001","District of Columbia","38.970092","-77.016715"
"03/25/2025","AQS","110010050","1","9.6","ppb","8","Takoma Rec Center","22","92.0000","42602","Nitrogen dioxide (NO2)","599","47900","Washington-Arlington-Alexandria, DC-VA-MD-WV","11","District Of Columbia","001","District of Columbia","38.970092","-77.016715"
"03/26/2025","AQS","110010050","1","8.4","ppb","8","Takoma Rec Center","20","83.0000","42602","Nitrogen dioxide (NO2)","599","47900","Washington-Arlington-Alexandria, DC-VA-MD-WV","11","District Of Columbia","001","District of Columbia","38.970092","-77.016715"
"03/27/2025","AQS","110010050","1","25.5","ppb","24","Takoma Rec Center","22","92.0000","42602","Nitrogen dioxide (NO2)","599","47900","Washington-Arlington-Alexandria, DC-VA-MD-WV","11","District Of Columbia","001","District of Columbia","38.970092","-77.016715"
"03/28/2025","AQS","110010050","1","31.4","ppb","29","Takoma Rec Center","24","100.0000","42602","Nitrogen dioxide (NO2)","599","47900","Washington-Arlington-Alexandria, DC-VA-MD-WV","11","District Of Columbia","001","District of Columbia","38.970092","-77.016715"
"03/29/2025","AQS","110010050","1","25.4","ppb","24","Takoma Rec Center","24","100.0000","42602","Nitrogen dioxide (NO2)","599","47900","Washington-Arlington-Alexandria, DC-VA-MD-WV","11","District Of Columbia","001","District of Columbia","38.970092","-77.016715"
"03/30/2025","AQS","110010050","1","8.8","ppb","8","Takoma Rec Center","22","92.0000","42602","Nitrogen dioxide (NO2)","599","47900","Washington-Arlington-Alexandria, DC-VA-MD-WV","11","District Of Columbia","001","District of Columbia","38.970092","-77.016715"
"03/31/2025","AQS","110010050","1","3.5","ppb","3","Takoma Rec Center","22","92.0000","42602","Nitrogen dioxide (NO2)","599","47900","Washington-Arlington-Alexandria, DC-VA-MD-WV","11","District Of Columbia","001","District of Columbia","38.970092","-77.016715"
"04/01/2025","AQS","110010050","1","19.7","ppb","18","Takoma Rec Center","24","100.0000","42602","Nitrogen dioxide (NO2)","599","47900","Washington-Arlington-Alexandria, DC-VA-MD-WV","11","District Of Columbia","001","District of Columbia","38.970092","-77.016715"
"04/02/2025","AQS","110010050","1","23.7","ppb","22","Takoma Rec Center","22","92.0000","42602","Nitrogen dioxide (NO2)","599","47900","Washington-Arlington-Alexandria, DC-VA-MD-WV","11","District Of Columbia","001","District of Columbia","38.970092","-77.016715"
"04/03/2025","AQS","110010050","1","10.3","ppb","9","Takoma Rec Center","24","100.0000","42602","Nitrogen dioxide (NO2)","599","47900","Washington-Arlington-Alexandria, DC-VA-MD-WV","11","District Of Columbia","001","District of Columbia","38.970092","-77.016715"
"04/04/2025","AQS","110010050","1","14","ppb","13","Takoma Rec Center","24","100.0000","42602","Nitrogen dioxide (NO2)","599","47900","Washington-Arlington-Alexandria, DC-VA-MD-WV","11","District Of Columbia","001","District of Columbia","38.970092","-77.016715"
"04/05/2025","AQS","110010050","1","10","ppb","9","Takoma Rec Center","22","92.0000","42602","Nitrogen dioxide (NO2)","599","47900","Washington-Arlington-Alexandria, DC-VA-MD-WV","11","District Of Columbia","001","District of Columbia","38.970092","-77.016715"
"04/06/2025","AQS","110010050","1","8.6","ppb","8","Takoma Rec Center","22","92.0000","42602","Nitrogen dioxide (NO2)","599","47900","Washington-Arlington-Alexandria, DC-VA-MD-WV","11","District Of Columbia","001","District of Columbia","38.970092","-77.016715"
"04/07/2025","AQS","110010050","1","12.4","ppb","11","Takoma Rec Center","24","100.0000","42602","Nitrogen dioxide (NO2)","599","47900","Washington-Arlington-Alexandria, DC-VA-MD-WV","11","District Of Columbia","001","District of Columbia","38.970092","-77.016715"
"04/08/2025","AQS","110010050","1","13.4","ppb","12","Takoma Rec Center","22","92.0000","42602","Nitrogen dioxide (NO2)","599","47900","Washington-Arlington-Alexandria, DC-VA-MD-WV","11","District Of Columbia","001","District of Columbia","38.970092","-77.016715"
"04/09/2025","AQS","110010050","1","32.7","ppb","30","Takoma Rec Center","24","100.0000","42602","Nitrogen dioxide (NO2)","599","47900","Washington-Arlington-Alexandria, DC-VA-MD-WV","11","District Of Columbia","001","District of Columbia","38.970092","-77.016715"
"04/10/2025","AQS","110010050","1","10.5","ppb","9","Takoma Rec Center","24","100.0000","42602","Nitrogen dioxide (NO2)","599","47900","Washington-Arlington-Alexandria, DC-VA-MD-WV","11","District Of Columbia","001","District of Columbia","38.970092","-77.016715"
"04/11/2025","AQS","110010050","1","9.6","ppb","8","Takoma Rec Center","22","92.0000","42602","Nitrogen dioxide (NO2)","599","47900","Washington-Arlington-Alexandria, DC-VA-MD-WV","11","District Of Columbia","001","District of Columbia","38.970092","-77.016715"
"04/12/2025","AQS","110010050","1","7.9","ppb","7","Takoma Rec Center","22","92.0000","42602","Nitrogen dioxide (NO2)","599","47900","Washington-Arlington-Alexandria, DC-VA-MD-WV","11","District Of Columbia","001","District of Columbia","38.970092","-77.016715"
"04/13/2025","AQS","110010050","1","28.7","ppb","26","Takoma Rec Center","24","100.0000","42602","Nitrogen dioxide (NO2)","599","47900","Washington-Arlington-Alexandria, DC-VA-MD-WV","11","District Of Columbia","001","District of Columbia","38.970092","-77.016715"
"04/14/2025","AQS","110010050","1","27.1","ppb","25","Takoma Rec Center","22","92.0000","42602","Nitrogen dioxide (NO2)","599","47900","Washington-Arlington-Alexandria, DC-VA-MD-WV","11","District Of Columbia","001","District of Columbia","38.970092","-77.016715"
"04/15/2025","AQS","110010050","1","13.5","ppb","12","Takoma Rec Center","24","100.0000","42602","Nitrogen dioxide (NO2)","599","47900","Washington-Arlington-Alexandria, DC-VA-MD-WV","11","District Of Columbia","001","District of Columbia","38.970092","-77.016715"
"04/16/2025","AQS","110010050","1","8.6","ppb","8","Takoma Rec Center","24","100.0000","42602","Nitrogen dioxide (NO2)","599","47900","Washington-Arlington-Alexandria, DC-VA-MD-WV","11","District Of Columbia","001","District of Columbia","38.970092","-77.016715"
"04/17/2025","AQS","110010050","1","31.3","ppb","29","Takoma Rec Center","22","92.0000","42602","Nitrogen dioxide (NO2)","599","47900","Washington-Arlington-Alexandria, DC-VA-MD-WV","11","District Of Columbia","001","District of Columbia","38.970092","-77.016715"
"04/18/2025","AQS","110010050","1","29.5","ppb","27","Takoma Rec Center","22","92.0000","42602","Nitrogen dioxide (NO2)","599","47900","Washington-Arlington-Alexandria, DC-VA-MD-WV","11","District Of Columbia","001","District of Columbia","38.970092","-77.016715"
"04/19/2025","AQS","110010050","1","7.7","ppb","7","Takoma Rec Center","24","100.0000","42602","Nitrogen dioxide (NO2)","599","47900","Washington-Arlington-Alexandria, DC-VA-MD-WV","11","District Of Columbia","001","District of Columbia","38.970092","-77.016715"
"04/20/2025","AQS","110010050","1","6.7","ppb","6","Takoma Rec Center","22","92.0000","42602","Nitrogen dioxide (NO2)","599","47900","Washington-Arlington-Alexandria, DC-VA-MD-WV","11","District Of Columbia","001","District of Columbia","38.970092","-77.016715"
"04/21/2025","AQS","110010050","1","7.3","ppb","7","Takoma Rec Center","24","100.0000","42602","Nitrogen dioxide (NO2)","599","47900","Washington-Arlington-Alexandria, DC-VA-MD-WV","11","District Of Columbia","001","District of Columbia","38.970092","-77.016715"
"04/22/2025","AQS","110010050","1","13.5","ppb","12","Takoma Rec Center","24","100.0000","42602","Nitrogen dioxide (NO2)","599","47900","Washington-Arlington-Alexandria, DC-VA-MD-WV","11","District Of Columbia","001","District of Columbia","38.970092","-77.016715"
"04/23/2025","AQS","110010050","1","9.3","ppb","8","Takoma Rec Center","22","92.0000","42602","Nitrogen dioxide (NO2)","599","47900","Washington-Arlington-Alexandria, DC-VA-MD-WV","11","District Of Columbia","001","District of Columbia","38.970092","-77.016715"
"04/24/2025","AQS","110010050","1","18.1","ppb","17","Takoma Rec Center","22","92.0000","42602","Nitrogen dioxide (NO2)","599","47900","Washington-Arlington-Alexandria, DC-VA-MD-WV","11","District Of Columbia","001","District of Columbia","38.970092","-77.016715"
"04/25/2025","AQS","110010050","1","19.5","ppb","18","Takoma Rec Center","24","100.0000","42602","Nitrogen dioxide (NO2)","599","47900","Washington-Arlington-Alexandria, DC-VA-MD-WV","11","District Of Columbia","001","District of Columbia","38.970092","-77.016715"
"04/26/2025","AQS","110010050","1","3.8","ppb","3","Takoma Rec Center","22","92.0000","42602","Nitrogen dioxide (NO2)","599","47900","Washington-Arlington-Alexandria, DC-VA-MD-WV","11","District Of Columbia","001","District of Columbia","38.970092","-77.016715"
"04/27/2025","AQS","110010050","1","4.2","ppb","4","Takoma Rec Center","24","100.0000","42602","Nitrogen dioxide (NO2)","599","47900","Washington-Arlington-Alexandria, DC-VA-MD-WV","11","District Of Columbia","001","District of Columbia","38.970092","-77.016715"
"04/28/2025","AQS","110010050","1","19.8","ppb","18","Takoma Rec Center","24","100.0000","42602","Nitrogen dioxide (NO2)","599","47900","Washington-Arlington-Alexandria, DC-VA-MD-WV","11","District Of Columbia","001","District of Columbia","38.970092","-77.016715"
"04/29/2025","AQS","110010050","1","7.6","ppb","7","Takoma Rec Center","22","92.0000","42602","Nitrogen dioxide (NO2)","599","47900","Washington-Arlington-Alexandria, DC-VA-MD-WV","11","District Of Columbia","001","District of Columbia","38.970092","-77.016715"
"04/30/2025","AQS","110010050","1","11.4","ppb","10","Takoma Rec Center","22","92.0000","42602","Nitrogen dioxide (NO2)","599","47900","Washington-Arlington-Alexandria, DC-VA-MD-WV","11","District Of Columbia","001","District of Columbia","38.970092","-77.016715"
"05/01/2025","AQS","110010050","1","18.1","ppb","17","Takoma Rec Center","24","100.0000","42602","Nitrogen dioxide (NO2)","599","47900","Washington-Arlington-Alexandria, DC-VA-MD-WV","11","District Of Columbia","001","District of Columbia","38.970092","-77.016715"
"05/02/2025","AQS","110010050","1","8.2","ppb","8","Takoma Rec Center","22","92.0000","42602","Nitrogen dioxide (NO2)","599","47900","Washington-Arlington-Alexandria, DC-VA-MD-WV","11","District Of Columbia","001","District of Columbia","38.970092","-77.016715"
"05/03/2025","AQS","110010050","1","3.8","ppb","3","Takoma Rec Center","24","100.0000","42602","Nitrogen dioxide (NO2)","599","47900","Washington-Arlington-Alexandria, DC-VA-MD-WV","11","District Of Columbia","001","District of Columbia","38.970092","-77.016715"
"05/04/2025","AQS","110010050","1","5","ppb","5","Takoma Rec Center","24","100.0000","42602","Nitrogen dioxide (NO2)","599","47900","Washington-Arlington-Alexandria, DC-VA-MD-WV","11","District Of Columbia","001","District of Columbia","38.970092","-77.016715"
"05/05/2025","AQS","110010050","1","5.2","ppb","5","Takoma Rec Center","22","92.0000","42602","Nitrogen dioxide (NO2)","599","47900","Washington-Arlington-Alexandria, DC-VA-MD-WV","11","District Of Columbia","001","District of Columbia","38.970092","-77.016715"
"05/06/2025","AQS","110010050","1","7.8","ppb","7","Takoma Rec Center","22","92.0000","42602","Nitrogen dioxide (NO2)","599","47900","Washington-Arlington-Alexandria, DC-VA-MD-WV","11","District Of Columbia","001","District of Columbia","38.970092","-77.016715"
"05/07/2025","AQS","110010050","1","22.9","ppb","21","Takoma Rec Center","24","100.0000","42602","Nitrogen dioxide (NO2)","599","47900","Washington-Arlington-Alexandria, DC-VA-MD-WV","11","District Of Columbia","001","District of Columbia","38.970092","-77.016715"
"05/08/2025","AQS","110010050","1","16.6","ppb","15","Takoma Rec Center","22","92.0000","42602","Nitrogen dioxide (NO2)","599","47900","Washington-Arlington-Alexandria, DC-VA-MD-WV","11","District Of Columbia","001","District of Columbia","38.970092","-77.016715"
"05/09/2025","AQS","110010050","1","11.1","ppb","10","Takoma Rec Center","24","100.0000","42602","Nitrogen dioxide (NO2)","599","47900","Washington-Arlington-Alexandria, DC-VA-MD-WV","11","District Of Columbia","001","District of Columbia","38.970092","-77.016715"
"05/10/2025","AQS","110010050","1","12","ppb","11","Takoma Rec Center","24","100.0000","42602","Nitrogen dioxide (NO2)","599","47900","Washington-Arlington-Alexandria, DC-VA-MD-WV","11","District Of Columbia","001","District of Columbia","38.970092","-77.016715"
"05/11/2025","AQS","110010050","1","9","ppb","8","Takoma Rec Center","22","92.0000","42602","Nitrogen dioxide (NO2)","599","47900","Washington-Arlington-Alexandria, DC-VA-MD-WV","11","District Of Columbia","001","District of Columbia","38.970092","-77.016715"
"05/12/2025","AQS","110010050","1","18.7","ppb","17","Takoma Rec Center","22","92.0000","42602","Nitrogen dioxide (NO2)","599","47900","Washington-Arlington-Alexandria, DC-VA-MD-WV","11","District Of Columbia","001","District of Columbia","38.970092","-77.016715"
"05/13/2025","AQS","110010050","1","4.6","ppb","4","Takoma Rec Center","24","100.0000","42602","Nitrogen dioxide (NO2)","599","47900","Washington-Arlington-Alexandria, DC-VA-MD-WV","11","District Of Columbia","001","District of Columbia","38.970092","-77.016715"
"05/14/2025","AQS","110010050","1","9.2","ppb","8","Takoma Rec Center","22","92.0000","42602","Nitrogen dioxide (NO2)","599","47900","Washington-Arlington-Alexandria, DC-VA-MD-WV","11","District Of Columbia","001","District of Columbia","38.970092","-77.016715"
"05/15/2025","AQS","110010050","1","12.8","ppb","11","Takoma Rec Center","23","96.0000","42602","Nitrogen dioxide (NO2)","599","47900","Washington-Arlington-Alexandria, DC-VA-MD-WV","11","District Of Columbia","001","District of Columbia","38.970092","-77.016715"
"05/16/2025","AQS","110010050","1","7.5","ppb","7","Takoma Rec Center","24","100.0000","42602","Nitrogen dioxide (NO2)","599","47900","Washington-Arlington-Alexandria, DC-VA-MD-WV","11","District Of Columbia","001","District of Columbia","38.970092","-77.016715"
"05/17/2025","AQS","110010050","1","5.2","ppb","5","Takoma Rec Center","22","92.0000","42602","Nitrogen dioxide (NO2)","599","47900","Washington-Arlington-Alexandria, DC-VA-MD-WV","11","District Of Columbia","001","District of Columbia","38.970092","-77.016715"
"05/18/2025","AQS","110010050","1","1.4","ppb","1","Takoma Rec Center","22","92.0000","42602","Nitrogen dioxide (NO2)","599","47900","Washington-Arlington-Alexandria, DC-VA-MD-WV","11","District Of Columbia","001","District of Columbia","38.970092","-77.016715"
"05/19/2025","AQS","110010050","1","2.9","ppb","2","Takoma Rec Center","24","100.0000","42602","Nitrogen dioxide (NO2)","599","47900","Washington-Arlington-Alexandria, DC-VA-MD-WV","11","District Of Columbia","001","District of Columbia","38.970092","-77.016715"
"05/20/2025","AQS","110010050","1","6.9","ppb","6","Takoma Rec Center","22","92.0000","42602","Nitrogen dioxide (NO2)","599","47900","Washington-Arlington-Alexandria, DC-VA-MD-WV","11","District Of Columbia","001","District of Columbia","38.970092","-77.016715"
"05/21/2025","AQS","110010050","1","4.5","ppb","4","Takoma Rec Center","24","100.0000","42602","Nitrogen dioxide (NO2)","599","47900","Washington-Arlington-Alexandria, DC-VA-MD-WV","11","District Of Columbia","001","District of Columbia","38.970092","-77.016715"
"05/22/2025","AQS","110010050","1","7","ppb","7","Takoma Rec Center","23","96.0000","42602","Nitrogen dioxide (NO2)","599","47900","Washington-Arlington-Alexandria, DC-VA-MD-WV","11","District Of Columbia","001","District of Columbia","38.970092","-77.016715"
"05/23/2025","AQS","110010050","1","3","ppb","3","Takoma Rec Center","22","92.0000","42602","Nitrogen dioxide (NO2)","599","47900","Washington-Arlington-Alexandria, DC-VA-MD-WV","11","District Of Columbia","001","District of Columbia","38.970092","-77.016715"
"05/24/2025","AQS","110010050","1","7.3","ppb","7","Takoma Rec Center","22","92.0000","42602","Nitrogen dioxide (NO2)","599","47900","Washington-Arlington-Alexandria, DC-VA-MD-WV","11","District Of Columbia","001","District of Columbia","38.970092","-77.016715"
"05/25/2025","AQS","110010050","1","4.2","ppb","4","Takoma Rec Center","23","96.0000","42602","Nitrogen dioxide (NO2)","599","47900","Washington-Arlington-Alexandria, DC-VA-MD-WV","11","District Of Columbia","001","District of Columbia","38.970092","-77.016715"
"05/26/2025","AQS","110010050","1","5.1","ppb","5","Takoma Rec Center","22","92.0000","42602","Nitrogen dioxide (NO2)","599","47900","Washington-Arlington-Alexandria, DC-VA-MD-WV","11","District Of Columbia","001","District of Columbia","38.970092","-77.016715"
"05/27/2025","AQS","110010050","1","16.9","ppb","15","Takoma Rec Center","24","100.0000","42602","Nitrogen dioxide (NO2)","599","47900","Washington-Arlington-Alexandria, DC-VA-MD-WV","11","District Of Columbia","001","District of Columbia","38.970092","-77.016715"
"05/28/2025","AQS","110010050","1","6.8","ppb","6","Takoma Rec Center","22","92.0000","42602","Nitrogen dioxide (NO2)","599","47900","Washington-Arlington-Alexandria, DC-VA-MD-WV","11","District Of Columbia","001","District of Columbia","38.970092","-77.016715"
"05/29/2025","AQS","110010050","1","5.4","ppb","5","Takoma Rec Center","22","92.0000","42602","Nitrogen dioxide (NO2)","599","47900","Washington-Arlington-Alexandria, DC-VA-MD-WV","11","District Of Columbia","001","District of Columbia","38.970092","-77.016715"
"05/30/2025","AQS","110010050","1","6.3","ppb","6","Takoma Rec Center","22","92.0000","42602","Nitrogen dioxide (NO2)","599","47900","Washington-Arlington-Alexandria, DC-VA-MD-WV","11","District Of Columbia","001","District of Columbia","38.970092","-77.016715"
"05/31/2025","AQS","110010050","1","1.7","ppb","1","Takoma Rec Center","24","100.0000","42602","Nitrogen dioxide (NO2)","599","47900","Washington-Arlington-Alexandria, DC-VA-MD-WV","11","District Of Columbia","001","District of Columbia","38.970092","-77.016715"
"06/01/2025","AQS","110010050","1","12.8","ppb","11","Takoma Rec Center","22","92.0000","42602","Nitrogen dioxide (NO2)","599","47900","Washington-Arlington-Alexandria, DC-VA-MD-WV","11","District Of Columbia","001","District of Columbia","38.970092","-77.016715"
"06/02/2025","AQS","110010050","1","14.1","ppb","13","Takoma Rec Center","24","100.0000","42602","Nitrogen dioxide (NO2)","599","47900","Washington-Arlington-Alexandria, DC-VA-MD-WV","11","District Of Columbia","001","District of Columbia","38.970092","-77.016715"
"06/03/2025","AQS","110010050","1","13.5","ppb","12","Takoma Rec Center","23","96.0000","42602","Nitrogen dioxide (NO2)","599","47900","Washington-Arlington-Alexandria, DC-VA-MD-WV","11","District Of Columbia","001","District of Columbia","38.970092","-77.016715"
"06/04/2025","AQS","110010050","1","10.4","ppb","9","Takoma Rec Center","22","92.0000","42602","Nitrogen dioxide (NO2)","599","47900","Washington-Arlington-Alexandria, DC-VA-MD-WV","11","District Of Columbia","001","District of Columbia","38.970092","-77.016715"
"06/05/2025","AQS","110010050","1","9.6","ppb","8","Takoma Rec Center","22","92.0000","42602","Nitrogen dioxide (NO2)","599","47900","Washington-Arlington-Alexandria, DC-VA-MD-WV","11","District Of Columbia","001","District of Columbia","38.970092","-77.016715"
"06/06/2025","AQS","110010050","1","14.1","ppb","13","Takoma Rec Center","23","96.0000","42602","Nitrogen dioxide (NO2)","599","47900","Washington-Arlington-Alexandria, DC-VA-MD-WV","11","District Of Columbia","001","District of Columbia","38.970092","-77.016715"
"06/07/2025","AQS","110010050","1","8.4","ppb","8","Takoma Rec Center","22","92.0000","42602","Nitrogen dioxide (NO2)","599","47900","Washington-Arlington-Alexandria, DC-VA-MD-WV","11","District Of Columbia","001","District of Columbia","38.970092","-77.016715"
"06/08/2025","AQS","110010050","1","7.6","ppb","7","Takoma Rec Center","24","100.0000","42602","Nitrogen dioxide (NO2)","599","47900","Washington-Arlington-Alexandria, DC-VA-MD-WV","11","District Of Columbia","001","District of Columbia","38.970092","-77.016715"
"06/09/2025","AQS","110010050","1","6.4","ppb","6","Takoma Rec Center","23","96.0000","42602","Nitrogen dioxide (NO2)","599","47900","Washington-Arlington-Alexandria, DC-VA-MD-WV","11","District Of Columbia","001","District of Columbia","38.970092","-77.016715"
"06/10/2025","AQS","110010050","1","8.3","ppb","8","Takoma Rec Center","22","92.0000","42602","Nitrogen dioxide (NO2)","599","47900","Washington-Arlington-Alexandria, DC-VA-MD-WV","11","District Of Columbia","001","District of Columbia","38.970092","-77.016715"
"06/11/2025","AQS","110010050","1","10.2","ppb","9","Takoma Rec Center","22","92.0000","42602","Nitrogen dioxide (NO2)","599","47900","Washington-Arlington-Alexandria, DC-VA-MD-WV","11","District Of Columbia","001","District of Columbia","38.970092","-77.016715"
"06/12/2025","AQS","110010050","1","10.7","ppb","9","Takoma Rec Center","23","96.0000","42602","Nitrogen dioxide (NO2)","599","47900","Washington-Arlington-Alexandria, DC-VA-MD-WV","11","District Of Columbia","001","District of Columbia","38.970092","-77.016715"
"06/14/2025","AQS","110010050","1","5.5","ppb","5","Takoma Rec Center","24","100.0000","42602","Nitrogen dioxide (NO2)","599","47900","Washington-Arlington-Alexandria, DC-VA-MD-WV","11","District Of Columbia","001","District of Columbia","38.970092","-77.016715"
"06/15/2025","AQS","110010050","1","4.2","ppb","4","Takoma Rec Center","23","96.0000","42602","Nitrogen dioxide (NO2)","599","47900","Washington-Arlington-Alexandria, DC-VA-MD-WV","11","District Of Columbia","001","District of Columbia","38.970092","-77.016715"
"06/16/2025","AQS","110010050","1","8.7","ppb","8","Takoma Rec Center","22","92.0000","42602","Nitrogen dioxide (NO2)","599","47900","Washington-Arlington-Alexandria, DC-VA-MD-WV","11","District Of Columbia","001","District of Columbia","38.970092","-77.016715"
"06/17/2025","AQS","110010050","1","7.4","ppb","7","Takoma Rec Center","22","92.0000","42602","Nitrogen dioxide (NO2)","599","47900","Washington-Arlington-Alexandria, DC-VA-MD-WV","11","District Of Columbia","001","District of Columbia","38.970092","-77.016715"
"06/18/2025","AQS","110010050","1","11.3","ppb","10","Takoma Rec Center","23","96.0000","42602","Nitrogen dioxide (NO2)","599","47900","Washington-Arlington-Alexandria, DC-VA-MD-WV","11","District Of Columbia","001","District of Columbia","38.970092","-77.016715"
"06/19/2025","AQS","110010050","1","13.6","ppb","12","Takoma Rec Center","22","92.0000","42602","Nitrogen dioxide (NO2)","599","47900","Washington-Arlington-Alexandria, DC-VA-MD-WV","11","District Of Columbia","001","District of Columbia","38.970092","-77.016715"
"06/20/2025","AQS","110010050","1","4.3","ppb","4","Takoma Rec Center","24","100.0000","42602","Nitrogen dioxide (NO2)","599","47900","Washington-Arlington-Alexandria, DC-VA-MD-WV","11","District Of Columbia","001","District of Columbia","38.970092","-77.016715"
"06/21/2025","AQS","110010050","1","7.2","ppb","7","Takoma Rec Center","22","92.0000","42602","Nitrogen dioxide (NO2)","599","47900","Washington-Arlington-Alexandria, DC-VA-MD-WV","11","District Of Columbia","001","District of Columbia","38.970092","-77.016715"
"06/22/2025","AQS","110010050","1","3.2","ppb","3","Takoma Rec Center","22","92.0000","42602","Nitrogen dioxide (NO2)","599","47900","Washington-Arlington-Alexandria, DC-VA-MD-WV","11","District Of Columbia","001","District of Columbia","38.970092","-77.016715"
"06/25/2025","AQS","110010050","1","10.9","ppb","9","Takoma Rec Center","22","92.0000","42602","Nitrogen dioxide (NO2)","599","47900","Washington-Arlington-Alexandria, DC-VA-MD-WV","11","District Of Columbia","001","District of Columbia","38.970092","-77.016715"
"06/26/2025","AQS","110010050","1","8","ppb","8","Takoma Rec Center","24","100.0000","42602","Nitrogen dioxide (NO2)","599","47900","Washington-Arlington-Alexandria, DC-VA-MD-WV","11","District Of Columbia","001","District of Columbia","38.970092","-77.016715"
"06/27/2025","AQS","110010050","1","6","ppb","6","Takoma Rec Center","24","100.0000","42602","Nitrogen dioxide (NO2)","599","47900","Washington-Arlington-Alexandria, DC-VA-MD-WV","11","District Of Columbia","001","District of Columbia","38.970092","-77.016715"
"06/28/2025","AQS","110010050","1","5.3","ppb","5","Takoma Rec Center","22","92.0000","42602","Nitrogen dioxide (NO2)","599","47900","Washington-Arlington-Alexandria, DC-VA-MD-WV","11","District Of Columbia","001","District of Columbia","38.970092","-77.016715"
"06/29/2025","AQS","110010050","1","8.5","ppb","8","Takoma Rec Center","22","92.0000","42602","Nitrogen dioxide (NO2)","599","47900","Washington-Arlington-Alexandria, DC-VA-MD-WV","11","District Of Columbia","001","District of Columbia","38.970092","-77.016715"
"06/30/2025","AQS","110010050","1","7.9","ppb","7","Takoma Rec Center","24","100.0000","42602","Nitrogen dioxide (NO2)","599","47900","Washington-Arlington-Alexandria, DC-VA-MD-WV","11","District Of Columbia","001","District of Columbia","38.970092","-77.016715"
"01/01/2025","AQS","110010051","1","24.5","ppb","23","Near Road","24","100.0000","42602","Nitrogen dioxide (NO2)","599","47900","Washington-Arlington-Alexandria, DC-VA-MD-WV","11","District Of Columbia","001","District of Columbia","38.8947700009222","-76.953426"
"01/02/2025","AQS","110010051","1","15.1","ppb","14","Near Road","22","92.0000","42602","Nitrogen dioxide (NO2)","599","47900","Washington-Arlington-Alexandria, DC-VA-MD-WV","11","District Of Columbia","001","District of Columbia","38.8947700009222","-76.953426"
"01/03/2025","AQS","110010051","1","28.8","ppb","26","Near Road","24","100.0000","42602","Nitrogen dioxide (NO2)","599","47900","Washington-Arlington-Alexandria, DC-VA-MD-WV","11","District Of Columbia","001","District of Columbia","38.8947700009222","-76.953426"
"01/04/2025","AQS","110010051","1","6","ppb","6","Near Road","24","100.0000","42602","Nitrogen dioxide (NO2)","599","47900","Washington-Arlington-Alexandria, DC-VA-MD-WV","11","District Of Columbia","001","District of Columbia","38.8947700009222","-76.953426"
"01/05/2025","AQS","110010051","1","20.5","ppb","19","Near Road","20","83.0000","42602","Nitrogen dioxide (NO2)","599","47900","Washington-Arlington-Alexandria, DC-VA-MD-WV","11","District Of Columbia","001","District of Columbia","38.8947700009222","-76.953426"
"01/06/2025","AQS","110010051","1","17.6","ppb","16","Near Road","24","100.0000","42602","Nitrogen dioxide (NO2)","599","47900","Washington-Arlington-Alexandria, DC-VA-MD-WV","11","District Of Columbia","001","District of Columbia","38.8947700009222","-76.953426"
"01/07/2025","AQS","110010051","1","6.3","ppb","6","Near Road","24","100.0000","42602","Nitrogen dioxide (NO2)","599","47900","Washington-Arlington-Alexandria, DC-VA-MD-WV","11","District Of Columbia","001","District of Columbia","38.8947700009222","-76.953426"
"01/08/2025","AQS","110010051","1","9.7","ppb","8","Near Road","22","92.0000","42602","Nitrogen dioxide (NO2)","599","47900","Washington-Arlington-Alexandria, DC-VA-MD-WV","11","District Of Columbia","001","District of Columbia","38.8947700009222","-76.953426"
"01/09/2025","AQS","110010051","1","6.8","ppb","6","Near Road","24","100.0000","42602","Nitrogen dioxide (NO2)","599","47900","Washington-Arlington-Alexandria, DC-VA-MD-WV","11","District Of Columbia","001","District of Columbia","38.8947700009222","-76.953426"
"01/10/2025","AQS","110010051","1","36.5","ppb","34","Near Road","24","100.0000","42602","Nitrogen dioxide (NO2)","599","47900","Washington-Arlington-Alexandria, DC-VA-MD-WV","11","District Of Columbia","001","District of Columbia","38.8947700009222","-76.953426"
"01/11/2025","AQS","110010051","1","17.7","ppb","16","Near Road","22","92.0000","42602","Nitrogen dioxide (NO2)","599","47900","Washington-Arlington-Alexandria, DC-VA-MD-WV","11","District Of Columbia","001","District of Columbia","38.8947700009222","-76.953426"
"01/12/2025","AQS","110010051","1","34.7","ppb","32","Near Road","22","92.0000","42602","Nitrogen dioxide (NO2)","599","47900","Washington-Arlington-Alexandria, DC-VA-MD-WV","11","District Of Columbia","001","District of Columbia","38.8947700009222","-76.953426"
"01/13/2025","AQS","110010051","1","34.4","ppb","32","Near Road","24","100.0000","42602","Nitrogen dioxide (NO2)","599","47900","Washington-Arlington-Alexandria, DC-VA-MD-WV","11","District Of Columbia","001","District of Columbia","38.8947700009222","-76.953426"
"01/14/2025","AQS","110010051","1","16.1","ppb","15","Near Road","22","92.0000","42602","Nitrogen dioxide (NO2)","599","47900","Washington-Arlington-Alexandria, DC-VA-MD-WV","11","District Of Columbia","001","District of Columbia","38.8947700009222","-76.953426"
"01/15/2025","AQS","110010051","1","10.8","ppb","9","Near Road","24","100.0000","42602","Nitrogen dioxide (NO2)","599","47900","Washington-Arlington-Alexandria, DC-VA-MD-WV","11","District Of Columbia","001","District of Columbia","38.8947700009222","-76.953426"
"01/16/2025","AQS","110010051","1","32.7","ppb","30","Near Road","24","100.0000","42602","Nitrogen dioxide (NO2)","599","47900","Washington-Arlington-Alexandria, DC-VA-MD-WV","11","District Of Columbia","001","District of Columbia","38.8947700009222","-76.953426"
"01/17/2025","AQS","110010051","1","33.9","ppb","31","Near Road","22","92.0000","42602","Nitrogen dioxide (NO2)","599","47900","Washington-Arlington-Alexandria, DC-VA-MD-WV","11","District Of Columbia","001","District of Columbia","38.8947700009222","-76.953426"
"01/18/2025","AQS","110010051","1","34.9","ppb","32","Near Road","24","100.0000","42602","Nitrogen dioxide (NO2)","599","47900","Washington-Arlington-Alexandria, DC-VA-MD-WV","11","District Of Columbia","001","District of Columbia","38.8947700009222","-76.953426"
"01/19/2025","AQS","110010051","1","29.9","ppb","27","Near Road","22","92.0000","42602","Nitrogen dioxide (NO2)","599","47900","Washington-Arlington-Alexandria, DC-VA-MD-WV","11","District Of Columbia","001","District of Columbia","38.8947700009222","-76.953426"
"01/20/2025","AQS","110010051","1","9.5","ppb","8","Near Road","22","92.0000","42602","Nitrogen dioxide (NO2)","599","47900","Washington-Arlington-Alexandria, DC-VA-MD-WV","11","District Of Columbia","001","District of Columbia","38.8947700009222","-76.953426"
"01/21/2025","AQS","110010051","1","22.2","ppb","21","Near Road","20","83.0000","42602","Nitrogen dioxide (NO2)","599","47900","Washington-Arlington-Alexandria, DC-VA-MD-WV","11","District Of Columbia","001","District of Columbia","38.8947700009222","-76.953426"
"01/22/2025","AQS","110010051","1","29.1","ppb","27","Near Road","24","100.0000","42602","Nitrogen dioxide (NO2)","599","47900","Washington-Arlington-Alexandria, DC-VA-MD-WV","11","District Of Columbia","001","District of Columbia","38.8947700009222","-76.953426"
"01/23/2025","AQS","110010051","1","36.7","ppb","34","Near Road","22","92.0000","42602","Nitrogen dioxide (NO2)","599","47900","Washington-Arlington-Alexandria, DC-VA-MD-WV","11","District Of Columbia","001","District of Columbia","38.8947700009222","-76.953426"
"01/24/2025","AQS","110010051","1","37.6","ppb","35","Near Road","24","100.0000","42602","Nitrogen dioxide (NO2)","599","47900","Washington-Arlington-Alexandria, DC-VA-MD-WV","11","District Of Columbia","001","District of Columbia","38.8947700009222","-76.953426"
"01/25/2025","AQS","110010051","1","39.1","ppb","37","Near Road","24","100.0000","42602","Nitrogen dioxide (NO2)","599","47900","Washington-Arlington-Alexandria, DC-VA-MD-WV","11","District Of Columbia","001","District of Columbia","38.8947700009222","-76.953426"
"01/26/2025","AQS","110010051","1","39","ppb","37","Near Road","20","83.0000","42602","Nitrogen dioxide (NO2)","599","47900","Washington-Arlington-Alexandria, DC-VA-MD-WV","11","District Of Columbia","001","District of Columbia","38.8947700009222","-76.953426"
"01/27/2025","AQS","110010051","1","44.5","ppb","42","Near Road","24","100.0000","42602","Nitrogen dioxide (NO2)","599","47900","Washington-Arlington-Alexandria, DC-VA-MD-WV","11","District Of Columbia","001","District of Columbia","38.8947700009222","-76.953426"
"01/28/2025","AQS","110010051","1","40.8","ppb","38","Near Road","24","100.0000","42602","Nitrogen dioxide (NO2)","599","47900","Washington-Arlington-Alexandria, DC-VA-MD-WV","11","District Of Columbia","001","District of Columbia","38.8947700009222","-76.953426"
"01/29/2025","AQS","110010051","1","25.8","ppb","24","Near Road","22","92.0000","42602","Nitrogen dioxide (NO2)","599","47900","Washington-Arlington-Alexandria, DC-VA-MD-WV","11","District Of Columbia","001","District of Columbia","38.8947700009222","-76.953426"
"01/30/2025","AQS","110010051","1","44.4","ppb","42","Near Road","19","79.0000","42602","Nitrogen dioxide (NO2)","599","47900","Washington-Arlington-Alexandria, DC-VA-MD-WV","11","District Of Columbia","001","District of Columbia","38.8947700009222","-76.953426"
"01/31/2025","AQS","110010051","1","25.3","ppb","24","Near Road","24","100.0000","42602","Nitrogen dioxide (NO2)","599","47900","Washington-Arlington-Alexandria, DC-VA-MD-WV","11","District Of Columbia","001","District of Columbia","38.8947700009222","-76.953426"
"02/01/2025","AQS","110010051","1","19.9","ppb","18","Near Road","24","100.0000","42602","Nitrogen dioxide (NO2)","599","47900","Washington-Arlington-Alexandria, DC-VA-MD-WV","11","District Of Columbia","001","District of Columbia","38.8947700009222","-76.953426"
"02/02/2025","AQS","110010051","1","21.1","ppb","20","Near Road","20","83.0000","42602","Nitrogen dioxide (NO2)","599","47900","Washington-Arlington-Alexandria, DC-VA-MD-WV","11","District Of Columbia","001","District of Columbia","38.8947700009222","-76.953426"
"02/03/2025","AQS","110010051","1","32.1","ppb","30","Near Road","24","100.0000","42602","Nitrogen dioxide (NO2)","599","47900","Washington-Arlington-Alexandria, DC-VA-MD-WV","11","District Of Columbia","001","District of Columbia","38.8947700009222","-76.953426"
"02/04/2025","AQS","110010051","1","35.4","ppb","33","Near Road","22","92.0000","42602","Nitrogen dioxide (NO2)","599","47900","Washington-Arlington-Alexandria, DC-VA-MD-WV","11","District Of Columbia","001","District of Columbia","38.8947700009222","-76.953426"
"02/05/2025","AQS","110010051","1","21.5","ppb","20","Near Road","22","92.0000","42602","Nitrogen dioxide (NO2)","599","47900","Washington-Arlington-Alexandria, DC-VA-MD-WV","11","District Of Columbia","001","District of Columbia","38.8947700009222","-76.953426"
"02/06/2025","AQS","110010051","1","23.3","ppb","22","Near Road","24","100.0000","42602","Nitrogen dioxide (NO2)","599","47900","Washington-Arlington-Alexandria, DC-VA-MD-WV","11","District Of Columbia","001","District of Columbia","38.8947700009222","-76.953426"
"02/07/2025","AQS","110010051","1","26.7","ppb","25","Near Road","22","92.0000","42602","Nitrogen dioxide (NO2)","599","47900","Washington-Arlington-Alexandria, DC-VA-MD-WV","11","District Of Columbia","001","District of Columbia","38.8947700009222","-76.953426"
"02/08/2025","AQS","110010051","1","29.4","ppb","27","Near Road","22","92.0000","42602","Nitrogen dioxide (NO2)","599","47900","Washington-Arlington-Alexandria, DC-VA-MD-WV","11","District Of Columbia","001","District of Columbia","38.8947700009222","-76.953426"
"02/09/2025","AQS","110010051","1","19.5","ppb","18","Near Road","24","100.0000","42602","Nitrogen dioxide (NO2)","599","47900","Washington-Arlington-Alexandria, DC-VA-MD-WV","11","District Of Columbia","001","District of Columbia","38.8947700009222","-76.953426"
"02/10/2025","AQS","110010051","1","31.6","ppb","29","Near Road","24","100.0000","42602","Nitrogen dioxide (NO2)","599","47900","Washington-Arlington-Alexandria, DC-VA-MD-WV","11","District Of Columbia","001","District of Columbia","38.8947700009222","-76.953426"
"02/11/2025","AQS","110010051","1","38.1","ppb","36","Near Road","21","88.0000","42602","Nitrogen dioxide (NO2)","599","47900","Washington-Arlington-Alexandria, DC-VA-MD-WV","11","District Of Columbia","001","District of Columbia","38.8947700009222","-76.953426"
"02/12/2025","AQS","110010051","1","27.9","ppb","25","Near Road","24","100.0000","42602","Nitrogen dioxide (NO2)","599","47900","Washington-Arlington-Alexandria, DC-VA-MD-WV","11","District Of Columbia","001","District of Columbia","38.8947700009222","-76.953426"
"02/13/2025","AQS","110010051","1","29.7","ppb","27","Near Road","24","100.0000","42602","Nitrogen dioxide (NO2)","599","47900","Washington-Arlington-Alexandria, DC-VA-MD-WV","11","District Of Columbia","001","District of Columbia","38.8947700009222","-76.953426"
"02/14/2025","AQS","110010051","1","37.2","ppb","35","Near Road","22","92.0000","42602","Nitrogen dioxide (NO2)","599","47900","Washington-Arlington-Alexandria, DC-VA-MD-WV","11","District Of Columbia","001","District of Columbia","38.8947700009222","-76.953426"
"02/15/2025","AQS","110010051","1","27.3","ppb","25","Near Road","24","100.0000","42602","Nitrogen dioxide (NO2)","599","47900","Washington-Arlington-Alexandria, DC-VA-MD-WV","11","District Of Columbia","001","District of Columbia","38.8947700009222","-76.953426"
"02/16/2025","AQS","110010051","1","24.7","ppb","23","Near Road","24","100.0000","42602","Nitrogen dioxide (NO2)","599","47900","Washington-Arlington-Alexandria, DC-VA-MD-WV","11","District Of Columbia","001","District of Columbia","38.8947700009222","-76.953426"
"02/17/2025","AQS","110010051","1","5.8","ppb","5","Near Road","22","92.0000","42602","Nitrogen dioxide (NO2)","599","47900","Washington-Arlington-Alexandria, DC-VA-MD-WV","11","District Of Columbia","001","District of Columbia","38.8947700009222","-76.953426"
"02/18/2025","AQS","110010051","1","9.9","ppb","8","Near Road","22","92.0000","42602","Nitrogen dioxide (NO2)","599","47900","Washington-Arlington-Alexandria, DC-VA-MD-WV","11","District Of Columbia","001","District of Columbia","38.8947700009222","-76.953426"
"02/19/2025","AQS","110010051","1","30","ppb","28","Near Road","24","100.0000","42602","Nitrogen dioxide (NO2)","599","47900","Washington-Arlington-Alexandria, DC-VA-MD-WV","11","District Of Columbia","001","District of Columbia","38.8947700009222","-76.953426"
"02/20/2025","AQS","110010051","1","20.5","ppb","19","Near Road","22","92.0000","42602","Nitrogen dioxide (NO2)","599","47900","Washington-Arlington-Alexandria, DC-VA-MD-WV","11","District Of Columbia","001","District of Columbia","38.8947700009222","-76.953426"
"02/21/2025","AQS","110010051","1","8.2","ppb","8","Near Road","24","100.0000","42602","Nitrogen dioxide (NO2)","599","47900","Washington-Arlington-Alexandria, DC-VA-MD-WV","11","District Of Columbia","001","District of Columbia","38.8947700009222","-76.953426"
"02/22/2025","AQS","110010051","1","33.1","ppb","31","Near Road","24","100.0000","42602","Nitrogen dioxide (NO2)","599","47900","Washington-Arlington-Alexandria, DC-VA-MD-WV","11","District Of Columbia","001","District of Columbia","38.8947700009222","-76.953426"
"02/23/2025","AQS","110010051","1","37.8","ppb","35","Near Road","22","92.0000","42602","Nitrogen dioxide (NO2)","599","47900","Washington-Arlington-Alexandria, DC-VA-MD-WV","11","District Of Columbia","001","District of Columbia","38.8947700009222","-76.953426"
"02/24/2025","AQS","110010051","1","42.3","ppb","40","Near Road","22","92.0000","42602","Nitrogen dioxide (NO2)","599","47900","Washington-Arlington-Alexandria, DC-VA-MD-WV","11","District Of Columbia","001","District of Columbia","38.8947700009222","-76.953426"
"02/25/2025","AQS","110010051","1","44.4","ppb","42","Near Road","24","100.0000","42602","Nitrogen dioxide (NO2)","599","47900","Washington-Arlington-Alexandria, DC-VA-MD-WV","11","District Of Columbia","001","District of Columbia","38.8947700009222","-76.953426"
"02/26/2025","AQS","110010051","1","38.3","ppb","36","Near Road","22","92.0000","42602","Nitrogen dioxide (NO2)","599","47900","Washington-Arlington-Alexandria, DC-VA-MD-WV","11","District Of Columbia","001","District of Columbia","38.8947700009222","-76.953426"
"02/27/2025","AQS","110010051","1","34.6","ppb","32","Near Road","24","100.0000","42602","Nitrogen dioxide (NO2)","599","47900","Washington-Arlington-Alexandria, DC-VA-MD-WV","11","District Of Columbia","001","District of Columbia","38.8947700009222","-76.953426"
"02/28/2025","AQS","110010051","1","18.6","ppb","17","Near Road","21","88.0000","42602","Nitrogen dioxide (NO2)","599","47900","Washington-Arlington-Alexandria, DC-VA-MD-WV","11","District Of Columbia","001","District of Columbia","38.8947700009222","-76.953426"
"03/01/2025","AQS","110010051","1","16.1","ppb","15","Near Road","22","92.0000","42602","Nitrogen dioxide (NO2)","599","47900","Washington-Arlington-Alexandria, DC-VA-MD-WV","11","District Of Columbia","001","District of Columbia","38.8947700009222","-76.953426"
"03/02/2025","AQS","110010051","1","32.8","ppb","30","Near Road","22","92.0000","42602","Nitrogen dioxide (NO2)","599","47900","Washington-Arlington-Alexandria, DC-VA-MD-WV","11","District Of Columbia","001","District of Columbia","38.8947700009222","-76.953426"
"03/03/2025","AQS","110010051","1","35.2","ppb","33","Near Road","24","100.0000","42602","Nitrogen dioxide (NO2)","599","47900","Washington-Arlington-Alexandria, DC-VA-MD-WV","11","District Of Columbia","001","District of Columbia","38.8947700009222","-76.953426"
"03/04/2025","AQS","110010051","1","26.3","ppb","25","Near Road","22","92.0000","42602","Nitrogen dioxide (NO2)","599","47900","Washington-Arlington-Alexandria, DC-VA-MD-WV","11","District Of Columbia","001","District of Columbia","38.8947700009222","-76.953426"
"03/05/2025","AQS","110010051","1","25.3","ppb","24","Near Road","24","100.0000","42602","Nitrogen dioxide (NO2)","599","47900","Washington-Arlington-Alexandria, DC-VA-MD-WV","11","District Of Columbia","001","District of Columbia","38.8947700009222","-76.953426"
"03/06/2025","AQS","110010051","1","7.6","ppb","7","Near Road","24","100.0000","42602","Nitrogen dioxide (NO2)","599","47900","Washington-Arlington-Alexandria, DC-VA-MD-WV","11","District Of Columbia","001","District of Columbia","38.8947700009222","-76.953426"
"03/07/2025","AQS","110010051","1","22.4","ppb","21","Near Road","22","92.0000","42602","Nitrogen dioxide (NO2)","599","47900","Washington-Arlington-Alexandria, DC-VA-MD-WV","11","District Of Columbia","001","District of Columbia","38.8947700009222","-76.953426"
"03/08/2025","AQS","110010051","1","34.9","ppb","32","Near Road","22","92.0000","42602","Nitrogen dioxide (NO2)","599","47900","Washington-Arlington-Alexandria, DC-VA-MD-WV","11","District Of Columbia","001","District of Columbia","38.8947700009222","-76.953426"
"03/09/2025","AQS","110010051","1","34.4","ppb","32","Near Road","24","100.0000","42602","Nitrogen dioxide (NO2)","599","47900","Washington-Arlington-Alexandria, DC-VA-MD-WV","11","District Of Columbia","001","District of Columbia","38.8947700009222","-76.953426"
"03/10/2025","AQS","110010051","1","37.9","ppb","35","Near Road","22","92.0000","42602","Nitrogen dioxide (NO2)","599","47900","Washington-Arlington-Alexandria, DC-VA-MD-WV","11","District Of Columbia","001","District of Columbia","38.8947700009222","-76.953426"
"03/11/2025","AQS","110010051","1","41.4","ppb","39","Near Road","24","100.0000","42602","Nitrogen dioxide (NO2)","599","47900","Washington-Arlington-Alexandria, DC-VA-MD-WV","11","District Of Columbia","001","District of Columbia","38.8947700009222","-76.953426"
"03/12/2025","AQS","110010051","1","45.3","ppb","42","Near Road","24","100.0000","42602","Nitrogen dioxide (NO2)","599","47900","Washington-Arlington-Alexandria, DC-VA-MD-WV","11","District Of Columbia","001","District of Columbia","38.8947700009222","-76.953426"
"03/13/2025","AQS","110010051","1","26.8","ppb","25","Near Road","19","79.0000","42602","Nitrogen dioxide (NO2)","599","47900","Washington-Arlington-Alexandria, DC-VA-MD-WV","11","District Of Columbia","001","District of Columbia","38.8947700009222","-76.953426"
"03/14/2025","AQS","110010051","1","20.6","ppb","19","Near Road","22","92.0000","42602","Nitrogen dioxide (NO2)","599","47900","Washington-Arlington-Alexandria, DC-VA-MD-WV","11","District Of Columbia","001","District of Columbia","38.8947700009222","-76.953426"
"03/15/2025","AQS","110010051","1","17.9","ppb","16","Near Road","24","100.0000","42602","Nitrogen dioxide (NO2)","599","47900","Washington-Arlington-Alexandria, DC-VA-MD-WV","11","District Of Columbia","001","District of Columbia","38.8947700009222","-76.953426"
"03/16/2025","AQS","110010051","1","10.6","ppb","9","Near Road","22","92.0000","42602","Nitrogen dioxide (NO2)","599","47900","Washington-Arlington-Alexandria, DC-VA-MD-WV","11","District Of Columbia","001","District of Columbia","38.8947700009222","-76.953426"
"03/17/2025","AQS","110010051","1","14.9","ppb","13","Near Road","24","100.0000","42602","Nitrogen dioxide (NO2)","599","47900","Washington-Arlington-Alexandria, DC-VA-MD-WV","11","District Of Columbia","001","District of Columbia","38.8947700009222","-76.953426"
"03/18/2025","AQS","110010051","1","37","ppb","35","Near Road","24","100.0000","42602","Nitrogen dioxide (NO2)","599","47900","Washington-Arlington-Alexandria, DC-VA-MD-WV","11","District Of Columbia","001","District of Columbia","38.8947700009222","-76.953426"
"03/19/2025","AQS","110010051","1","33.4","ppb","31","Near Road","22","92.0000","42602","Nitrogen dioxide (NO2)","599","47900","Washington-Arlington-Alexandria, DC-VA-MD-WV","11","District Of Columbia","001","District of Columbia","38.8947700009222","-76.953426"
"03/20/2025","AQS","110010051","1","40.6","ppb","38","Near Road","22","92.0000","42602","Nitrogen dioxide (NO2)","599","47900","Washington-Arlington-Alexandria, DC-VA-MD-WV","11","District Of Columbia","001","District of Columbia","38.8947700009222","-76.953426"
"03/21/2025","AQS","110010051","1","34.2","ppb","32","Near Road","21","88.0000","42602","Nitrogen dioxide (NO2)","599","47900","Washington-Arlington-Alexandria, DC-VA-MD-WV","11","District Of Columbia","001","District of Columbia","38.8947700009222","-76.953426"
"03/22/2025","AQS","110010051","1","35.5","ppb","33","Near Road","22","92.0000","42602","Nitrogen dioxide (NO2)","599","47900","Washington-Arlington-Alexandria, DC-VA-MD-WV","11","District Of Columbia","001","District of Columbia","38.8947700009222","-76.953426"
"03/23/2025","AQS","110010051","1","16.2","ppb","15","Near Road","24","100.0000","42602","Nitrogen dioxide (NO2)","599","47900","Washington-Arlington-Alexandria, DC-VA-MD-WV","11","District Of Columbia","001","District of Columbia","38.8947700009222","-76.953426"
"03/24/2025","AQS","110010051","1","29.6","ppb","27","Near Road","24","100.0000","42602","Nitrogen dioxide (NO2)","599","47900","Washington-Arlington-Alexandria, DC-VA-MD-WV","11","District Of Columbia","001","District of Columbia","38.8947700009222","-76.953426"
"03/25/2025","AQS","110010051","1","11.5","ppb","10","Near Road","22","92.0000","42602","Nitrogen dioxide (NO2)","599","47900","Washington-Arlington-Alexandria, DC-VA-MD-WV","11","District Of Columbia","001","District of Columbia","38.8947700009222","-76.953426"
"03/26/2025","AQS","110010051","1","21.9","ppb","20","Near Road","22","92.0000","42602","Nitrogen dioxide (NO2)","599","47900","Washington-Arlington-Alexandria, DC-VA-MD-WV","11","District Of Columbia","001","District of Columbia","38.8947700009222","-76.953426"
"03/27/2025","AQS","110010051","1","30.6","ppb","28","Near Road","24","100.0000","42602","Nitrogen dioxide (NO2)","599","47900","Washington-Arlington-Alexandria, DC-VA-MD-WV","11","District Of Columbia","001","District of Columbia","38.8947700009222","-76.953426"
"03/28/2025","AQS","110010051","1","34.4","ppb","32","Near Road","22","92.0000","42602","Nitrogen dioxide (NO2)","599","47900","Washington-Arlington-Alexandria, DC-VA-MD-WV","11","District Of Columbia","001","District of Columbia","38.8947700009222","-76.953426"
"03/29/2025","AQS","110010051","1","26.7","ppb","25","Near Road","24","100.0000","42602","Nitrogen dioxide (NO2)","599","47900","Washington-Arlington-Alexandria, DC-VA-MD-WV","11","District Of Columbia","001","District of Columbia","38.8947700009222","-76.953426"
"03/30/2025","AQS","110010051","1","10.8","ppb","9","Near Road","24","100.0000","42602","Nitrogen dioxide (NO2)","599","47900","Washington-Arlington-Alexandria, DC-VA-MD-WV","11","District Of Columbia","001","District of Columbia","38.8947700009222","-76.953426"
"03/31/2025","AQS","110010051","1","9.3","ppb","8","Near Road","20","83.0000","42602","Nitrogen dioxide (NO2)","599","47900","Washington-Arlington-Alexandria, DC-VA-MD-WV","11","District Of Columbia","001","District of Columbia","38.8947700009222","-76.953426"
"04/01/2025","AQS","110010051","1","30.3","ppb","28","Near Road","21","88.0000","42602","Nitrogen dioxide (NO2)","599","47900","Washington-Arlington-Alexandria, DC-VA-MD-WV","11","District Of Columbia","001","District of Columbia","38.8947700009222","-76.953426"
"04/02/2025","AQS","110010051","1","27.5","ppb","25","Near Road","24","100.0000","42602","Nitrogen dioxide (NO2)","599","47900","Washington-Arlington-Alexandria, DC-VA-MD-WV","11","District Of Columbia","001","District of Columbia","38.8947700009222","-76.953426"
"04/03/2025","AQS","110010051","1","18.5","ppb","17","Near Road","22","92.0000","42602","Nitrogen dioxide (NO2)","599","47900","Washington-Arlington-Alexandria, DC-VA-MD-WV","11","District Of Columbia","001","District of Columbia","38.8947700009222","-76.953426"
"04/04/2025","AQS","110010051","1","21.3","ppb","20","Near Road","24","100.0000","42602","Nitrogen dioxide (NO2)","599","47900","Washington-Arlington-Alexandria, DC-VA-MD-WV","11","District Of Columbia","001","District of Columbia","38.8947700009222","-76.953426"
"04/05/2025","AQS","110010051","1","19.5","ppb","18","Near Road","24","100.0000","42602","Nitrogen dioxide (NO2)","599","47900","Washington-Arlington-Alexandria, DC-VA-MD-WV","11","District Of Columbia","001","District of Columbia","38.8947700009222","-76.953426"
"04/06/2025","AQS","110010051","1","13.6","ppb","12","Near Road","22","92.0000","42602","Nitrogen dioxide (NO2)","599","47900","Washington-Arlington-Alexandria, DC-VA-MD-WV","11","District Of Columbia","001","District of Columbia","38.8947700009222","-76.953426"
"04/07/2025","AQS","110010051","1","15.7","ppb","14","Near Road","22","92.0000","42602","Nitrogen dioxide (NO2)","599","47900","Washington-Arlington-Alexandria, DC-VA-MD-WV","11","District Of Columbia","001","District of Columbia","38.8947700009222","-76.953426"
"04/08/2025","AQS","110010051","1","15.3","ppb","14","Near Road","24","100.0000","42602","Nitrogen dioxide (NO2)","599","47900","Washington-Arlington-Alexandria, DC-VA-MD-WV","11","District Of Columbia","001","District of Columbia","38.8947700009222","-76.953426"
"04/09/2025","AQS","110010051","1","32.9","ppb","30","Near Road","22","92.0000","42602","Nitrogen dioxide (NO2)","599","47900","Washington-Arlington-Alexandria, DC-VA-MD-WV","11","District Of Columbia","001","District of Columbia","38.8947700009222","-76.953426"
"04/10/2025","AQS","110010051","1","25.4","ppb","24","Near Road","24","100.0000","42602","Nitrogen dioxide (NO2)","599","47900","Washington-Arlington-Alexandria, DC-VA-MD-WV","11","District Of Columbia","001","District of Columbia","38.8947700009222","-76.953426"
"04/11/2025","AQS","110010051","1","20.5","ppb","19","Near Road","24","100.0000","42602","Nitrogen dioxide (NO2)","599","47900","Washington-Arlington-Alexandria, DC-VA-MD-WV","11","District Of Columbia","001","District of Columbia","38.8947700009222","-76.953426"
"04/12/2025","AQS","110010051","1","7","ppb","7","Near Road","22","92.0000","42602","Nitrogen dioxide (NO2)","599","47900","Washington-Arlington-Alexandria, DC-VA-MD-WV","11","District Of Columbia","001","District of Columbia","38.8947700009222","-76.953426"
"04/13/2025","AQS","110010051","1","30.9","ppb","28","Near Road","22","92.0000","42602","Nitrogen dioxide (NO2)","599","47900","Washington-Arlington-Alexandria, DC-VA-MD-WV","11","District Of Columbia","001","District of Columbia","38.8947700009222","-76.953426"
"04/14/2025","AQS","110010051","1","29.6","ppb","27","Near Road","24","100.0000","42602","Nitrogen dioxide (NO2)","599","47900","Washington-Arlington-Alexandria, DC-VA-MD-WV","11","District Of Columbia","001","District of Columbia","38.8947700009222","-76.953426"
"04/15/2025","AQS","110010051","1","22.5","ppb","21","Near Road","22","92.0000","42602","Nitrogen dioxide (NO2)","599","47900","Washington-Arlington-Alexandria, DC-VA-MD-WV","11","District Of Columbia","001","District of Columbia","38.8947700009222","-76.953426"
"04/16/2025","AQS","110010051","1","9","ppb","8","Near Road","24","100.0000","42602","Nitrogen dioxide (NO2)","599","47900","Washington-Arlington-Alexandria, DC-VA-MD-WV","11","District Of Columbia","001","District of Columbia","38.8947700009222","-76.953426"
"04/17/2025","AQS","110010051","1","37.4","ppb","35","Near Road","24","100.0000","42602","Nitrogen dioxide (NO2)","599","47900","Washington-Arlington-Alexandria, DC-VA-MD-WV","11","District Of Columbia","001","District of Columbia","38.8947700009222","-76.953426"
"04/18/2025","AQS","110010051","1","33.1","ppb","31","Near Road","22","92.0000","42602","Nitrogen dioxide (NO2)","599","47900","Washington-Arlington-Alexandria, DC-VA-MD-WV","11","District Of Columbia","001","District of Columbia","38.8947700009222","-76.953426"
"04/19/2025","AQS","110010051","1","17.1","ppb","16","Near Road","22","92.0000","42602","Nitrogen dioxide (NO2)","599","47900","Washington-Arlington-Alexandria, DC-VA-MD-WV","11","District Of Columbia","001","District of Columbia","38.8947700009222","-76.953426"
"04/20/2025","AQS","110010051","1","26.7","ppb","25","Near Road","24","100.0000","42602","Nitrogen dioxide (NO2)","599","47900","Washington-Arlington-Alexandria, DC-VA-MD-WV","11","District Of Columbia","001","District of Columbia","38.8947700009222","-76.953426"
"04/21/2025","AQS","110010051","1","26.1","ppb","25","Near Road","22","92.0000","42602","Nitrogen dioxide (NO2)","599","47900","Washington-Arlington-Alexandria, DC-VA-MD-WV","11","District Of Columbia","001","District of Columbia","38.8947700009222","-76.953426"
"04/22/2025","AQS","110010051","1","26.6","ppb","25","Near Road","24","100.0000","42602","Nitrogen dioxide (NO2)","599","47900","Washington-Arlington-Alexandria, DC-VA-MD-WV","11","District Of Columbia","001","District of Columbia","38.8947700009222","-76.953426"
"04/23/2025","AQS","110010051","1","34.5","ppb","32","Near Road","24","100.0000","42602","Nitrogen dioxide (NO2)","599","47900","Washington-Arlington-Alexandria, DC-VA-MD-WV","11","District Of Columbia","001","District of Columbia","38.8947700009222","-76.953426"
"04/24/2025","AQS","110010051","1","28.5","ppb","26","Near Road","22","92.0000","42602","Nitrogen dioxide (NO2)","599","47900","Washington-Arlington-Alexandria, DC-VA-MD-WV","11","District Of Columbia","001","District of Columbia","38.8947700009222","-76.953426"
"04/25/2025","AQS","110010051","1","25.2","ppb","24","Near Road","22","92.0000","42602","Nitrogen dioxide (NO2)","599","47900","Washington-Arlington-Alexandria, DC-VA-MD-WV","11","District Of Columbia","001","District of Columbia","38.8947700009222","-76.953426"
"04/26/2025","AQS","110010051","1","10.2","ppb","9","Near Road","24","100.0000","42602","Nitrogen dioxide (NO2)","599","47900","Washington-Arlington-Alexandria, DC-VA-MD-WV","11","District Of Columbia","001","District of Columbia","38.8947700009222","-76.953426"
"04/27/2025","AQS","110010051","1","14.5","ppb","13","Near Road","22","92.0000","42602","Nitrogen dioxide (NO2)","599","47900","Washington-Arlington-Alexandria, DC-VA-MD-WV","11","District Of Columbia","001","District of Columbia","38.8947700009222","-76.953426"
"04/28/2025","AQS","110010051","1","25","ppb","24","Near Road","21","88.0000","42602","Nitrogen dioxide (NO2)","599","47900","Washington-Arlington-Alexandria, DC-VA-MD-WV","11","District Of Columbia","001","District of Columbia","38.8947700009222","-76.953426"
"04/29/2025","AQS","110010051","1","22.3","ppb","21","Near Road","24","100.0000","42602","Nitrogen dioxide (NO2)","599","47900","Washington-Arlington-Alexandria, DC-VA-MD-WV","11","District Of Columbia","001","District of Columbia","38.8947700009222","-76.953426"
"04/30/2025","AQS","110010051","1","28.1","ppb","26","Near Road","22","92.0000","42602","Nitrogen dioxide (NO2)","599","47900","Washington-Arlington-Alexandria, DC-VA-MD-WV","11","District Of Columbia","001","District of Columbia","38.8947700009222","-76.953426"
"05/01/2025","AQS","110010051","1","28","ppb","26","Near Road","22","92.0000","42602","Nitrogen dioxide (NO2)","599","47900","Washington-Arlington-Alexandria, DC-VA-MD-WV","11","District Of Columbia","001","District of Columbia","38.8947700009222","-76.953426"
"05/02/2025","AQS","110010051","1","20.9","ppb","19","Near Road","24","100.0000","42602","Nitrogen dioxide (NO2)","599","47900","Washington-Arlington-Alexandria, DC-VA-MD-WV","11","District Of Columbia","001","District of Columbia","38.8947700009222","-76.953426"
"05/03/2025","AQS","110010051","1","14.1","ppb","13","Near Road","22","92.0000","42602","Nitrogen dioxide (NO2)","599","47900","Washington-Arlington-Alexandria, DC-VA-MD-WV","11","District Of Columbia","001","District of Columbia","38.8947700009222","-76.953426"
"05/04/2025","AQS","110010051","1","11.5","ppb","10","Near Road","24","100.0000","42602","Nitrogen dioxide (NO2)","599","47900","Washington-Arlington-Alexandria, DC-VA-MD-WV","11","District Of Columbia","001","District of Columbia","38.8947700009222","-76.953426"
"05/05/2025","AQS","110010051","1","19","ppb","18","Near Road","24","100.0000","42602","Nitrogen dioxide (NO2)","599","47900","Washington-Arlington-Alexandria, DC-VA-MD-WV","11","District Of Columbia","001","District of Columbia","38.8947700009222","-76.953426"
"05/06/2025","AQS","110010051","1","17.8","ppb","16","Near Road","22","92.0000","42602","Nitrogen dioxide (NO2)","599","47900","Washington-Arlington-Alexandria, DC-VA-MD-WV","11","District Of Columbia","001","District of Columbia","38.8947700009222","-76.953426"
"05/07/2025","AQS","110010051","1","28","ppb","26","Near Road","22","92.0000","42602","Nitrogen dioxide (NO2)","599","47900","Washington-Arlington-Alexandria, DC-VA-MD-WV","11","District Of Columbia","001","District of Columbia","38.8947700009222","-76.953426"
"05/08/2025","AQS","110010051","1","25.9","ppb","24","Near Road","24","100.0000","42602","Nitrogen dioxide (NO2)","599","47900","Washington-Arlington-Alexandria, DC-VA-MD-WV","11","District Of Columbia","001","District of Columbia","38.8947700009222","-76.953426"
"05/09/2025","AQS","110010051","1","13.3","ppb","12","Near Road","22","92.0000","42602","Nitrogen dioxide (NO2)","599","47900","Washington-Arlington-Alexandria, DC-VA-MD-WV","11","District Of Columbia","001","District of Columbia","38.8947700009222","-76.953426"
"05/10/2025","AQS","110010051","1","32.5","ppb","30","Near Road","24","100.0000","42602","Nitrogen dioxide (NO2)","599","47900","Washington-Arlington-Alexandria, DC-VA-MD-WV","11","District Of Columbia","001","District of Columbia","38.8947700009222","-76.953426"
"05/11/2025","AQS","110010051","1","26.4","ppb","25","Near Road","24","100.0000","42602","Nitrogen dioxide (NO2)","599","47900","Washington-Arlington-Alexandria, DC-VA-MD-WV","11","District Of Columbia","001","District of Columbia","38.8947700009222","-76.953426"
"05/12/2025","AQS","110010051","1","22.6","ppb","21","Near Road","22","92.0000","42602","Nitrogen dioxide (NO2)","599","47900","Washington-Arlington-Alexandria, DC-VA-MD-WV","11","District Of Columbia","001","District of Columbia","38.8947700009222","-76.953426"
"05/13/2025","AQS","110010051","1","14.9","ppb","13","Near Road","22","92.0000","42602","Nitrogen dioxide (NO2)","599","47900","Washington-Arlington-Alexandria, DC-VA-MD-WV","11","District Of Columbia","001","District of Columbia","38.8947700009222","-76.953426"
"05/14/2025","AQS","110010051","1","18.4","ppb","17","Near Road","24","100.0000","42602","Nitrogen dioxide (NO2)","599","47900","Washington-Arlington-Alexandria, DC-VA-MD-WV","11","District Of Columbia","001","District of Columbia","38.8947700009222","-76.953426"
"05/15/2025","AQS","110010051","1","16.8","ppb","15","Near Road","22","92.0000","42602","Nitrogen dioxide (NO2)","599","47900","Washington-Arlington-Alexandria, DC-VA-MD-WV","11","District Of Columbia","001","District of Columbia","38.8947700009222","-76.953426"
"05/16/2025","AQS","110010051","1","17.7","ppb","16","Near Road","24","100.0000","42602","Nitrogen dioxide (NO2)","599","47900","Washington-Arlington-Alexandria, DC-VA-MD-WV","11","District Of Columbia","001","District of Columbia","38.8947700009222","-76.953426"
"05/17/2025","AQS","110010051","1","13.7","ppb","12","Near Road","24","100.0000","42602","Nitrogen dioxide (NO2)","599","47900","Washington-Arlington-Alexandria, DC-VA-MD-WV","11","District Of Columbia","001","District of Columbia","38.8947700009222","-76.953426"
"05/18/2025","AQS","110010051","1","3.2","ppb","3","Near Road","22","92.0000","42602","Nitrogen dioxide (NO2)","599","47900","Washington-Arlington-Alexandria, DC-VA-MD-WV","11","District Of Columbia","001","District of Columbia","38.8947700009222","-76.953426"
"05/19/2025","AQS","110010051","1","5.7","ppb","5","Near Road","22","92.0000","42602","Nitrogen dioxide (NO2)","599","47900","Washington-Arlington-Alexandria, DC-VA-MD-WV","11","District Of Columbia","001","District of Columbia","38.8947700009222","-76.953426"
"05/20/2025","AQS","110010051","1","24","ppb","23","Near Road","24","100.0000","42602","Nitrogen dioxide (NO2)","599","47900","Washington-Arlington-Alexandria, DC-VA-MD-WV","11","District Of Columbia","001","District of Columbia","38.8947700009222","-76.953426"
"05/21/2025","AQS","110010051","1","17.7","ppb","16","Near Road","22","92.0000","42602","Nitrogen dioxide (NO2)","599","47900","Washington-Arlington-Alexandria, DC-VA-MD-WV","11","District Of Columbia","001","District of Columbia","38.8947700009222","-76.953426"
"05/22/2025","AQS","110010051","1","13.6","ppb","12","Near Road","24","100.0000","42602","Nitrogen dioxide (NO2)","599","47900","Washington-Arlington-Alexandria, DC-VA-MD-WV","11","District Of Columbia","001","District of Columbia","38.8947700009222","-76.953426"
"05/23/2025","AQS","110010051","1","8","ppb","8","Near Road","24","100.0000","42602","Nitrogen dioxide (NO2)","599","47900","Washington-Arlington-Alexandria, DC-VA-MD-WV","11","District Of Columbia","001","District of Columbia","38.8947700009222","-76.953426"
"05/24/2025","AQS","110010051","1","13.1","ppb","12","Near Road","22","92.0000","42602","Nitrogen dioxide (NO2)","599","47900","Washington-Arlington-Alexandria, DC-VA-MD-WV","11","District Of Columbia","001","District of Columbia","38.8947700009222","-76.953426"
"05/25/2025","AQS","110010051","1","7.6","ppb","7","Near Road","22","92.0000","42602","Nitrogen dioxide (NO2)","599","47900","Washington-Arlington-Alexandria, DC-VA-MD-WV","11","District Of Columbia","001","District of Columbia","38.8947700009222","-76.953426"
"05/26/2025","AQS","110010051","1","22.7","ppb","21","Near Road","24","100.0000","42602","Nitrogen dioxide (NO2)","599","47900","Washington-Arlington-Alexandria, DC-VA-MD-WV","11","District Of Columbia","001","District of Columbia","38.8947700009222","-76.953426"
"05/27/2025","AQS","110010051","1","28.2","ppb","26","Near Road","22","92.0000","42602","Nitrogen dioxide (NO2)","599","47900","Washington-Arlington-Alexandria, DC-VA-MD-WV","11","District Of Columbia","001","District of Columbia","38.8947700009222","-76.953426"
"05/28/2025","AQS","110010051","1","18","ppb","17","Near Road","24","100.0000","42602","Nitrogen dioxide (NO2)","599","47900","Washington-Arlington-Alexandria, DC-VA-MD-WV","11","District Of Columbia","001","District of Columbia","38.8947700009222","-76.953426"
"05/29/2025","AQS","110010051","1","13.3","ppb","12","Near Road","24","100.0000","42602","Nitrogen dioxide (NO2)","599","47900","Washington-Arlington-Alexandria, DC-VA-MD-WV","11","District Of Columbia","001","District of Columbia","38.8947700009222","-76.953426"
"05/30/2025","AQS","110010051","1","15.3","ppb","14","Near Road","22","92.0000","42602","Nitrogen dioxide (NO2)","599","47900","Washington-Arlington-Alexandria, DC-VA-MD-WV","11","District Of Columbia","001","District of Columbia","38.8947700009222","-76.953426"
"05/31/2025","AQS","110010051","1","5.5","ppb","5","Near Road","22","92.0000","42602","Nitrogen dioxide (NO2)","599","47900","Washington-Arlington-Alexandria, DC-VA-MD-WV","11","District Of Columbia","001","District of Columbia","38.8947700009222","-76.953426"
"06/01/2025","AQS","110010051","1","21.4","ppb","20","Near Road","24","100.0000","42602","Nitrogen dioxide (NO2)","599","47900","Washington-Arlington-Alexandria, DC-VA-MD-WV","11","District Of Columbia","001","District of Columbia","38.8947700009222","-76.953426"
"06/02/2025","AQS","110010051","1","26.4","ppb","25","Near Road","22","92.0000","42602","Nitrogen dioxide (NO2)","599","47900","Washington-Arlington-Alexandria, DC-VA-MD-WV","11","District Of Columbia","001","District of Columbia","38.8947700009222","-76.953426"
"06/03/2025","AQS","110010051","1","25.1","ppb","24","Near Road","24","100.0000","42602","Nitrogen dioxide (NO2)","599","47900","Washington-Arlington-Alexandria, DC-VA-MD-WV","11","District Of Columbia","001","District of Columbia","38.8947700009222","-76.953426"
"06/04/2025","AQS","110010051","1","20","ppb","19","Near Road","24","100.0000","42602","Nitrogen dioxide (NO2)","599","47900","Washington-Arlington-Alexandria, DC-VA-MD-WV","11","District Of Columbia","001","District of Columbia","38.8947700009222","-76.953426"
"06/05/2025","AQS","110010051","1","19.7","ppb","18","Near Road","22","92.0000","42602","Nitrogen dioxide (NO2)","599","47900","Washington-Arlington-Alexandria, DC-VA-MD-WV","11","District Of Columbia","001","District of Columbia","38.8947700009222","-76.953426"
"06/06/2025","AQS","110010051","1","21.3","ppb","20","Near Road","22","92.0000","42602","Nitrogen dioxide (NO2)","599","47900","Washington-Arlington-Alexandria, DC-VA-MD-WV","11","District Of Columbia","001","District of Columbia","38.8947700009222","-76.953426"
"06/07/2025","AQS","110010051","1","16.2","ppb","15","Near Road","24","100.0000","42602","Nitrogen dioxide (NO2)","599","47900","Washington-Arlington-Alexandria, DC-VA-MD-WV","11","District Of Columbia","001","District of Columbia","38.8947700009222","-76.953426"
"06/08/2025","AQS","110010051","1","14.8","ppb","13","Near Road","22","92.0000","42602","Nitrogen dioxide (NO2)","599","47900","Washington-Arlington-Alexandria, DC-VA-MD-WV","11","District Of Columbia","001","District of Columbia","38.8947700009222","-76.953426"
"06/09/2025","AQS","110010051","1","15.6","ppb","14","Near Road","24","100.0000","42602","Nitrogen dioxide (NO2)","599","47900","Washington-Arlington-Alexandria, DC-VA-MD-WV","11","District Of Columbia","001","District of Columbia","38.8947700009222","-76.953426"
"06/10/2025","AQS","110010051","1","18.8","ppb","17","Near Road","24","100.0000","42602","Nitrogen dioxide (NO2)","599","47900","Washington-Arlington-Alexandria, DC-VA-MD-WV","11","District Of Columbia","001","District of Columbia","38.8947700009222","-76.953426"
"06/11/2025","AQS","110010051","1","24.1","ppb","23","Near Road","22","92.0000","42602","Nitrogen dioxide (NO2)","599","47900","Washington-Arlington-Alexandria, DC-VA-MD-WV","11","District Of Columbia","001","District of Columbia","38.8947700009222","-76.953426"
"06/12/2025","AQS","110010051","1","26.4","ppb","25","Near Road","22","92.0000","42602","Nitrogen dioxide (NO2)","599","47900","Washington-Arlington-Alexandria, DC-VA-MD-WV","11","District Of Columbia","001","District of Columbia","38.8947700009222","-76.953426"
"06/13/2025","AQS","110010051","1","21.9","ppb","20","Near Road","24","100.0000","42602","Nitrogen dioxide (NO2)","599","47900","Washington-Arlington-Alexandria, DC-VA-MD-WV","11","District Of Columbia","001","District of Columbia","38.8947700009222","-76.953426"
"06/14/2025","AQS","110010051","1","13.8","ppb","12","Near Road","22","92.0000","42602","Nitrogen dioxide (NO2)","599","47900","Washington-Arlington-Alexandria, DC-VA-MD-WV","11","District Of Columbia","001","District of Columbia","38.8947700009222","-76.953426"
"06/15/2025","AQS","110010051","1","10.2","ppb","9","Near Road","24","100.0000","42602","Nitrogen dioxide (NO2)","599","47900","Washington-Arlington-Alexandria, DC-VA-MD-WV","11","District Of Columbia","001","District of Columbia","38.8947700009222","-76.953426"
"06/16/2025","AQS","110010051","1","14.9","ppb","13","Near Road","24","100.0000","42602","Nitrogen dioxide (NO2)","599","47900","Washington-Arlington-Alexandria, DC-VA-MD-WV","11","District Of Columbia","001","District of Columbia","38.8947700009222","-76.953426"
"06/18/2025","AQS","110010051","1","21.8","ppb","20","Near Road","22","92.0000","42602","Nitrogen dioxide (NO2)","599","47900","Washington-Arlington-Alexandria, DC-VA-MD-WV","11","District Of Columbia","001","District of Columbia","38.8947700009222","-76.953426"
"06/19/2025","AQS","110010051","1","18.5","ppb","17","Near Road","24","100.0000","42602","Nitrogen dioxide (NO2)","599","47900","Washington-Arlington-Alexandria, DC-VA-MD-WV","11","District Of Columbia","001","District of Columbia","38.8947700009222","-76.953426"
"06/20/2025","AQS","110010051","1","25.1","ppb","24","Near Road","22","92.0000","42602","Nitrogen dioxide (NO2)","599","47900","Washington-Arlington-Alexandria, DC-VA-MD-WV","11","District Of Columbia","001","District of Columbia","38.8947700009222","-76.953426"
"06/21/2025","AQS","110010051","1","19.9","ppb","18","Near Road","24","100.0000","42602","Nitrogen dioxide (NO2)","599","47900","Washington-Arlington-Alexandria, DC-VA-MD-WV","11","District Of Columbia","001","District of Columbia","38.8947700009222","-76.953426"
"06/22/2025","AQS","110010051","1","18.3","ppb","17","Near Road","24","100.0000","42602","Nitrogen dioxide (NO2)","599","47900","Washington-Arlington-Alexandria, DC-VA-MD-WV","11","District Of Columbia","001","District of Columbia","38.8947700009222","-76.953426"
"06/23/2025","AQS","110010051","1","19.5","ppb","18","Near Road","22","92.0000","42602","Nitrogen dioxide (NO2)","599","47900","Washington-Arlington-Alexandria, DC-VA-MD-WV","11","District Of Columbia","001","District of Columbia","38.8947700009222","-76.953426"
"06/24/2025","AQS","110010051","1","32.1","ppb","30","Near Road","22","92.0000","42602","Nitrogen dioxide (NO2)","599","47900","Washington-Arlington-Alexandria, DC-VA-MD-WV","11","District Of Columbia","001","District of Columbia","38.8947700009222","-76.953426"
"06/25/2025","AQS","110010051","1","30.8","ppb","28","Near Road","24","100.0000","42602","Nitrogen dioxide (NO2)","599","47900","Washington-Arlington-Alexandria, DC-VA-MD-WV","11","District Of Columbia","001","District of Columbia","38.8947700009222","-76.953426"
"06/26/2025","AQS","110010051","1","22.6","ppb","21","Near Road","22","92.0000","42602","Nitrogen dioxide (NO2)","599","47900","Washington-Arlington-Alexandria, DC-VA-MD-WV","11","District Of Columbia","001","District of Columbia","38.8947700009222","-76.953426"
"06/27/2025","AQS","110010051","1","14.3","ppb","13","Near Road","24","100.0000","42602","Nitrogen dioxide (NO2)","599","47900","Washington-Arlington-Alexandria, DC-VA-MD-WV","11","District Of Columbia","001","District of Columbia","38.8947700009222","-76.953426"
"06/28/2025","AQS","110010051","1","12.6","ppb","11","Near Road","24","100.0000","42602","Nitrogen dioxide (NO2)","599","47900","Washington-Arlington-Alexandria, DC-VA-MD-WV","11","District Of Columbia","001","District of Columbia","38.8947700009222","-76.953426"
"06/29/2025","AQS","110010051","1","16.3","ppb","15","Near Road","22","92.0000","42602","Nitrogen dioxide (NO2)","599","47900","Washington-Arlington-Alexandria, DC-VA-MD-WV","11","District Of Columbia","001","District of Columbia","38.8947700009222","-76.953426"
"06/30/2025","AQS","110010051","1","15.8","ppb","14","Near Road","22","92.0000","42602","Nitrogen dioxide (NO2)","599","47900","Washington-Arlington-Alexandria, DC-VA-MD-WV","11","District Of Columbia","001","District of Columbia","38.8947700009222","-76.953426"
