"Date","Source","Site ID","POC","Daily Max 1-hour NO2 Concentration","Units","Daily AQI Value","Local Site Name","Daily Obs Count","Percent Complete","AQS Parameter Code","AQS Parameter Description","Method Code","CBSA Code","CBSA Name","State FIPS Code","State","County FIPS Code","County","Site Latitude","Site Longitude"
"01/01/2025","AQS","240050009","4","17","ppb","16","Baltimore County Near Road","23","96.0000","42602","Nitrogen dioxide (NO2)","212","12580","Baltimore-Columbia-Towson, MD","24","Maryland","005","Baltimore","39.371679","-76.746814"
"01/02/2025","AQS","240050009","4","19.7","ppb","18","Baltimore County Near Road","24","100.0000","42602","Nitrogen dioxide (NO2)","212","12580","Baltimore-Columbia-Towson, MD","24","Maryland","005","Baltimore","39.371679","-76.746814"
"01/03/2025","AQS","240050009","4","24.7","ppb","23","Baltimore County Near Road","23","96.0000","42602","Nitrogen dioxide (NO2)","212","12580","Baltimore-Columbia-Towson, MD","24","Maryland","005","Baltimore","39.371679","-76.746814"
"01/04/2025","AQS","240050009","4","8.1","ppb","8","Baltimore County Near Road","24","100.0000","42602","Nitrogen dioxide (NO2)","212","12580","Baltimore-Columbia-Towson, MD","24","Maryland","005","Baltimore","39.371679","-76.746814"
"01/05/2025","AQS","240050009","4","20.4","ppb","19","Baltimore County Near Road","24","100.0000","42602","Nitrogen dioxide (NO2)","212","12580","Baltimore-Columbia-Towson, MD","24","Maryland","005","Baltimore","39.371679","-76.746814"
"01/06/2025","AQS","240050009","4","12.6","ppb","11","Baltimore County Near Road","23","96.0000","42602","Nitrogen dioxide (NO2)","212","12580","Baltimore-Columbia-Towson, MD","24","Maryland","005","Baltimore","39.371679","-76.746814"
"01/07/2025","AQS","240050009","4","10.6","ppb","9","Baltimore County Near Road","23","96.0000","42602","Nitrogen dioxide (NO2)","212","12580","Baltimore-Columbia-Towson, MD","24","Maryland","005","Baltimore","39.371679","-76.746814"
"01/08/2025","AQS","240050009","4","18.8","ppb","17","Baltimore County Near Road","23","96.0000","42602","Nitrogen dioxide (NO2)","212","12580","Baltimore-Columbia-Towson, MD","24","Maryland","005","Baltimore","39.371679","-76.746814"
"01/09/2025","AQS","240050009","4","10.1","ppb","9","Baltimore County Near Road","24","100.0000","42602","Nitrogen dioxide (NO2)","212","12580","Baltimore-Columbia-Towson, MD","24","Maryland","005","Baltimore","39.371679","-76.746814"
"01/10/2025","AQS","240050009","4","27.8","ppb","25","Baltimore County Near Road","23","96.0000","42602","Nitrogen dioxide (NO2)","212","12580","Baltimore-Columbia-Towson, MD","24","Maryland","005","Baltimore","39.371679","-76.746814"
"01/11/2025","AQS","240050009","4","28.5","ppb","26","Baltimore County Near Road","24","100.0000","42602","Nitrogen dioxide (NO2)","212","12580","Baltimore-Columbia-Towson, MD","24","Maryland","005","Baltimore","39.371679","-76.746814"
"01/12/2025","AQS","240050009","4","35.5","ppb","33","Baltimore County Near Road","24","100.0000","42602","Nitrogen dioxide (NO2)","212","12580","Baltimore-Columbia-Towson, MD","24","Maryland","005","Baltimore","39.371679","-76.746814"
"01/13/2025","AQS","240050009","4","35.4","ppb","33","Baltimore County Near Road","23","96.0000","42602","Nitrogen dioxide (NO2)","212","12580","Baltimore-Columbia-Towson, MD","24","Maryland","005","Baltimore","39.371679","-76.746814"
"01/14/2025","AQS","240050009","4","22.5","ppb","21","Baltimore County Near Road","23","96.0000","42602","Nitrogen dioxide (NO2)","212","12580","Baltimore-Columbia-Towson, MD","24","Maryland","005","Baltimore","39.371679","-76.746814"
"01/15/2025","AQS","240050009","4","22.2","ppb","21","Baltimore County Near Road","23","96.0000","42602","Nitrogen dioxide (NO2)","212","12580","Baltimore-Columbia-Towson, MD","24","Maryland","005","Baltimore","39.371679","-76.746814"
"01/16/2025","AQS","240050009","4","33.9","ppb","31","Baltimore County Near Road","24","100.0000","42602","Nitrogen dioxide (NO2)","212","12580","Baltimore-Columbia-Towson, MD","24","Maryland","005","Baltimore","39.371679","-76.746814"
"01/17/2025","AQS","240050009","4","35.4","ppb","33","Baltimore County Near Road","23","96.0000","42602","Nitrogen dioxide (NO2)","212","12580","Baltimore-Columbia-Towson, MD","24","Maryland","005","Baltimore","39.371679","-76.746814"
"01/18/2025","AQS","240050009","4","32.2","ppb","30","Baltimore County Near Road","24","100.0000","42602","Nitrogen dioxide (NO2)","212","12580","Baltimore-Columbia-Towson, MD","24","Maryland","005","Baltimore","39.371679","-76.746814"
"01/19/2025","AQS","240050009","4","23.8","ppb","22","Baltimore County Near Road","24","100.0000","42602","Nitrogen dioxide (NO2)","212","12580","Baltimore-Columbia-Towson, MD","24","Maryland","005","Baltimore","39.371679","-76.746814"
"01/20/2025","AQS","240050009","4","26.6","ppb","25","Baltimore County Near Road","23","96.0000","42602","Nitrogen dioxide (NO2)","212","12580","Baltimore-Columbia-Towson, MD","24","Maryland","005","Baltimore","39.371679","-76.746814"
"01/21/2025","AQS","240050009","4","32.7","ppb","30","Baltimore County Near Road","23","96.0000","42602","Nitrogen dioxide (NO2)","212","12580","Baltimore-Columbia-Towson, MD","24","Maryland","005","Baltimore","39.371679","-76.746814"
"01/22/2025","AQS","240050009","4","37.1","ppb","35","Baltimore County Near Road","23","96.0000","42602","Nitrogen dioxide (NO2)","212","12580","Baltimore-Columbia-Towson, MD","24","Maryland","005","Baltimore","39.371679","-76.746814"
"01/23/2025","AQS","240050009","4","43.1","ppb","41","Baltimore County Near Road","24","100.0000","42602","Nitrogen dioxide (NO2)","212","12580","Baltimore-Columbia-Towson, MD","24","Maryland","005","Baltimore","39.371679","-76.746814"
"01/24/2025","AQS","240050009","4","34.8","ppb","32","Baltimore County Near Road","23","96.0000","42602","Nitrogen dioxide (NO2)","212","12580","Baltimore-Columbia-Towson, MD","24","Maryland","005","Baltimore","39.371679","-76.746814"
"01/25/2025","AQS","240050009","4","35.6","ppb","33","Baltimore County Near Road","24","100.0000","42602","Nitrogen dioxide (NO2)","212","12580","Baltimore-Columbia-Towson, MD","24","Maryland","005","Baltimore","39.371679","-76.746814"
"01/26/2025","AQS","240050009","4","37.5","ppb","35","Baltimore County Near Road","24","100.0000","42602","Nitrogen dioxide (NO2)","212","12580","Baltimore-Columbia-Towson, MD","24","Maryland","005","Baltimore","39.371679","-76.746814"
"01/27/2025","AQS","240050009","4","43.1","ppb","41","Baltimore County Near Road","23","96.0000","42602","Nitrogen dioxide (NO2)","212","12580","Baltimore-Columbia-Towson, MD","24","Maryland","005","Baltimore","39.371679","-76.746814"
"01/28/2025","AQS","240050009","4","37.7","ppb","35","Baltimore County Near Road","23","96.0000","42602","Nitrogen dioxide (NO2)","212","12580","Baltimore-Columbia-Towson, MD","24","Maryland","005","Baltimore","39.371679","-76.746814"
"01/29/2025","AQS","240050009","4","40.5","ppb","38","Baltimore County Near Road","23","96.0000","42602","Nitrogen dioxide (NO2)","212","12580","Baltimore-Columbia-Towson, MD","24","Maryland","005","Baltimore","39.371679","-76.746814"
"01/30/2025","AQS","240050009","4","37.6","ppb","35","Baltimore County Near Road","24","100.0000","42602","Nitrogen dioxide (NO2)","212","12580","Baltimore-Columbia-Towson, MD","24","Maryland","005","Baltimore","39.371679","-76.746814"
"01/31/2025","AQS","240050009","4","31.8","ppb","29","Baltimore County Near Road","23","96.0000","42602","Nitrogen dioxide (NO2)","212","12580","Baltimore-Columbia-Towson, MD","24","Maryland","005","Baltimore","39.371679","-76.746814"
"02/01/2025","AQS","240050009","4","16.6","ppb","15","Baltimore County Near Road","24","100.0000","42602","Nitrogen dioxide (NO2)","212","12580","Baltimore-Columbia-Towson, MD","24","Maryland","005","Baltimore","39.371679","-76.746814"
"02/02/2025","AQS","240050009","4","32.6","ppb","30","Baltimore County Near Road","24","100.0000","42602","Nitrogen dioxide (NO2)","212","12580","Baltimore-Columbia-Towson, MD","24","Maryland","005","Baltimore","39.371679","-76.746814"
"02/03/2025","AQS","240050009","4","32.6","ppb","30","Baltimore County Near Road","23","96.0000","42602","Nitrogen dioxide (NO2)","212","12580","Baltimore-Columbia-Towson, MD","24","Maryland","005","Baltimore","39.371679","-76.746814"
"02/04/2025","AQS","240050009","4","31.9","ppb","29","Baltimore County Near Road","23","96.0000","42602","Nitrogen dioxide (NO2)","212","12580","Baltimore-Columbia-Towson, MD","24","Maryland","005","Baltimore","39.371679","-76.746814"
"02/05/2025","AQS","240050009","4","23.4","ppb","22","Baltimore County Near Road","23","96.0000","42602","Nitrogen dioxide (NO2)","212","12580","Baltimore-Columbia-Towson, MD","24","Maryland","005","Baltimore","39.371679","-76.746814"
"02/06/2025","AQS","240050009","4","20.6","ppb","19","Baltimore County Near Road","24","100.0000","42602","Nitrogen dioxide (NO2)","212","12580","Baltimore-Columbia-Towson, MD","24","Maryland","005","Baltimore","39.371679","-76.746814"
"02/07/2025","AQS","240050009","4","24","ppb","23","Baltimore County Near Road","23","96.0000","42602","Nitrogen dioxide (NO2)","212","12580","Baltimore-Columbia-Towson, MD","24","Maryland","005","Baltimore","39.371679","-76.746814"
"02/08/2025","AQS","240050009","4","28.3","ppb","26","Baltimore County Near Road","24","100.0000","42602","Nitrogen dioxide (NO2)","212","12580","Baltimore-Columbia-Towson, MD","24","Maryland","005","Baltimore","39.371679","-76.746814"
"02/09/2025","AQS","240050009","4","15.4","ppb","14","Baltimore County Near Road","24","100.0000","42602","Nitrogen dioxide (NO2)","212","12580","Baltimore-Columbia-Towson, MD","24","Maryland","005","Baltimore","39.371679","-76.746814"
"02/10/2025","AQS","240050009","4","33.1","ppb","31","Baltimore County Near Road","23","96.0000","42602","Nitrogen dioxide (NO2)","212","12580","Baltimore-Columbia-Towson, MD","24","Maryland","005","Baltimore","39.371679","-76.746814"
"02/11/2025","AQS","240050009","4","34.5","ppb","32","Baltimore County Near Road","23","96.0000","42602","Nitrogen dioxide (NO2)","212","12580","Baltimore-Columbia-Towson, MD","24","Maryland","005","Baltimore","39.371679","-76.746814"
"02/13/2025","AQS","240050009","4","27.9","ppb","25","Baltimore County Near Road","24","100.0000","42602","Nitrogen dioxide (NO2)","212","12580","Baltimore-Columbia-Towson, MD","24","Maryland","005","Baltimore","39.371679","-76.746814"
"02/14/2025","AQS","240050009","4","35.1","ppb","33","Baltimore County Near Road","23","96.0000","42602","Nitrogen dioxide (NO2)","212","12580","Baltimore-Columbia-Towson, MD","24","Maryland","005","Baltimore","39.371679","-76.746814"
"02/15/2025","AQS","240050009","4","20.2","ppb","19","Baltimore County Near Road","24","100.0000","42602","Nitrogen dioxide (NO2)","212","12580","Baltimore-Columbia-Towson, MD","24","Maryland","005","Baltimore","39.371679","-76.746814"
"02/16/2025","AQS","240050009","4","18.9","ppb","17","Baltimore County Near Road","24","100.0000","42602","Nitrogen dioxide (NO2)","212","12580","Baltimore-Columbia-Towson, MD","24","Maryland","005","Baltimore","39.371679","-76.746814"
"02/17/2025","AQS","240050009","4","7.6","ppb","7","Baltimore County Near Road","23","96.0000","42602","Nitrogen dioxide (NO2)","212","12580","Baltimore-Columbia-Towson, MD","24","Maryland","005","Baltimore","39.371679","-76.746814"
"02/18/2025","AQS","240050009","4","14.5","ppb","13","Baltimore County Near Road","23","96.0000","42602","Nitrogen dioxide (NO2)","212","12580","Baltimore-Columbia-Towson, MD","24","Maryland","005","Baltimore","39.371679","-76.746814"
"02/19/2025","AQS","240050009","4","31","ppb","29","Baltimore County Near Road","23","96.0000","42602","Nitrogen dioxide (NO2)","212","12580","Baltimore-Columbia-Towson, MD","24","Maryland","005","Baltimore","39.371679","-76.746814"
"02/20/2025","AQS","240050009","4","27.7","ppb","25","Baltimore County Near Road","24","100.0000","42602","Nitrogen dioxide (NO2)","212","12580","Baltimore-Columbia-Towson, MD","24","Maryland","005","Baltimore","39.371679","-76.746814"
"02/21/2025","AQS","240050009","4","18.9","ppb","17","Baltimore County Near Road","23","96.0000","42602","Nitrogen dioxide (NO2)","212","12580","Baltimore-Columbia-Towson, MD","24","Maryland","005","Baltimore","39.371679","-76.746814"
"02/22/2025","AQS","240050009","4","32.9","ppb","30","Baltimore County Near Road","24","100.0000","42602","Nitrogen dioxide (NO2)","212","12580","Baltimore-Columbia-Towson, MD","24","Maryland","005","Baltimore","39.371679","-76.746814"
"02/23/2025","AQS","240050009","4","35.7","ppb","33","Baltimore County Near Road","24","100.0000","42602","Nitrogen dioxide (NO2)","212","12580","Baltimore-Columbia-Towson, MD","24","Maryland","005","Baltimore","39.371679","-76.746814"
"02/24/2025","AQS","240050009","4","35.4","ppb","33","Baltimore County Near Road","22","92.0000","42602","Nitrogen dioxide (NO2)","212","12580","Baltimore-Columbia-Towson, MD","24","Maryland","005","Baltimore","39.371679","-76.746814"
"02/25/2025","AQS","240050009","4","40.2","ppb","38","Baltimore County Near Road","23","96.0000","42602","Nitrogen dioxide (NO2)","212","12580","Baltimore-Columbia-Towson, MD","24","Maryland","005","Baltimore","39.371679","-76.746814"
"02/26/2025","AQS","240050009","4","31.6","ppb","29","Baltimore County Near Road","23","96.0000","42602","Nitrogen dioxide (NO2)","212","12580","Baltimore-Columbia-Towson, MD","24","Maryland","005","Baltimore","39.371679","-76.746814"
"02/27/2025","AQS","240050009","4","36.2","ppb","34","Baltimore County Near Road","19","79.0000","42602","Nitrogen dioxide (NO2)","212","12580","Baltimore-Columbia-Towson, MD","24","Maryland","005","Baltimore","39.371679","-76.746814"
"02/28/2025","AQS","240050009","4","27.9","ppb","25","Baltimore County Near Road","23","96.0000","42602","Nitrogen dioxide (NO2)","212","12580","Baltimore-Columbia-Towson, MD","24","Maryland","005","Baltimore","39.371679","-76.746814"
"03/01/2025","AQS","240050009","4","36.1","ppb","34","Baltimore County Near Road","24","100.0000","42602","Nitrogen dioxide (NO2)","212","12580","Baltimore-Columbia-Towson, MD","24","Maryland","005","Baltimore","39.371679","-76.746814"
"03/02/2025","AQS","240050009","4","27.7","ppb","25","Baltimore County Near Road","24","100.0000","42602","Nitrogen dioxide (NO2)","212","12580","Baltimore-Columbia-Towson, MD","24","Maryland","005","Baltimore","39.371679","-76.746814"
"03/03/2025","AQS","240050009","4","32.6","ppb","30","Baltimore County Near Road","23","96.0000","42602","Nitrogen dioxide (NO2)","212","12580","Baltimore-Columbia-Towson, MD","24","Maryland","005","Baltimore","39.371679","-76.746814"
"03/04/2025","AQS","240050009","4","33.5","ppb","31","Baltimore County Near Road","23","96.0000","42602","Nitrogen dioxide (NO2)","212","12580","Baltimore-Columbia-Towson, MD","24","Maryland","005","Baltimore","39.371679","-76.746814"
"03/05/2025","AQS","240050009","4","30.2","ppb","28","Baltimore County Near Road","23","96.0000","42602","Nitrogen dioxide (NO2)","212","12580","Baltimore-Columbia-Towson, MD","24","Maryland","005","Baltimore","39.371679","-76.746814"
"03/06/2025","AQS","240050009","4","21","ppb","20","Baltimore County Near Road","24","100.0000","42602","Nitrogen dioxide (NO2)","212","12580","Baltimore-Columbia-Towson, MD","24","Maryland","005","Baltimore","39.371679","-76.746814"
"03/07/2025","AQS","240050009","4","16.6","ppb","15","Baltimore County Near Road","23","96.0000","42602","Nitrogen dioxide (NO2)","212","12580","Baltimore-Columbia-Towson, MD","24","Maryland","005","Baltimore","39.371679","-76.746814"
"03/08/2025","AQS","240050009","4","26.4","ppb","25","Baltimore County Near Road","24","100.0000","42602","Nitrogen dioxide (NO2)","212","12580","Baltimore-Columbia-Towson, MD","24","Maryland","005","Baltimore","39.371679","-76.746814"
"03/09/2025","AQS","240050009","4","37.2","ppb","35","Baltimore County Near Road","24","100.0000","42602","Nitrogen dioxide (NO2)","212","12580","Baltimore-Columbia-Towson, MD","24","Maryland","005","Baltimore","39.371679","-76.746814"
"03/10/2025","AQS","240050009","4","39.7","ppb","37","Baltimore County Near Road","23","96.0000","42602","Nitrogen dioxide (NO2)","212","12580","Baltimore-Columbia-Towson, MD","24","Maryland","005","Baltimore","39.371679","-76.746814"
"03/11/2025","AQS","240050009","4","39.9","ppb","37","Baltimore County Near Road","23","96.0000","42602","Nitrogen dioxide (NO2)","212","12580","Baltimore-Columbia-Towson, MD","24","Maryland","005","Baltimore","39.371679","-76.746814"
"03/12/2025","AQS","240050009","4","30.8","ppb","28","Baltimore County Near Road","18","75.0000","42602","Nitrogen dioxide (NO2)","212","12580","Baltimore-Columbia-Towson, MD","24","Maryland","005","Baltimore","39.371679","-76.746814"
"03/13/2025","AQS","240050009","4","33.9","ppb","31","Baltimore County Near Road","24","100.0000","42602","Nitrogen dioxide (NO2)","212","12580","Baltimore-Columbia-Towson, MD","24","Maryland","005","Baltimore","39.371679","-76.746814"
"03/14/2025","AQS","240050009","4","28.4","ppb","26","Baltimore County Near Road","23","96.0000","42602","Nitrogen dioxide (NO2)","212","12580","Baltimore-Columbia-Towson, MD","24","Maryland","005","Baltimore","39.371679","-76.746814"
"03/15/2025","AQS","240050009","4","12.2","ppb","11","Baltimore County Near Road","24","100.0000","42602","Nitrogen dioxide (NO2)","212","12580","Baltimore-Columbia-Towson, MD","24","Maryland","005","Baltimore","39.371679","-76.746814"
"03/16/2025","AQS","240050009","4","14.2","ppb","13","Baltimore County Near Road","24","100.0000","42602","Nitrogen dioxide (NO2)","212","12580","Baltimore-Columbia-Towson, MD","24","Maryland","005","Baltimore","39.371679","-76.746814"
"03/17/2025","AQS","240050009","4","22.4","ppb","21","Baltimore County Near Road","23","96.0000","42602","Nitrogen dioxide (NO2)","212","12580","Baltimore-Columbia-Towson, MD","24","Maryland","005","Baltimore","39.371679","-76.746814"
"03/18/2025","AQS","240050009","4","36.1","ppb","34","Baltimore County Near Road","23","96.0000","42602","Nitrogen dioxide (NO2)","212","12580","Baltimore-Columbia-Towson, MD","24","Maryland","005","Baltimore","39.371679","-76.746814"
"03/19/2025","AQS","240050009","4","33","ppb","31","Baltimore County Near Road","23","96.0000","42602","Nitrogen dioxide (NO2)","212","12580","Baltimore-Columbia-Towson, MD","24","Maryland","005","Baltimore","39.371679","-76.746814"
"03/20/2025","AQS","240050009","4","17.7","ppb","16","Baltimore County Near Road","24","100.0000","42602","Nitrogen dioxide (NO2)","212","12580","Baltimore-Columbia-Towson, MD","24","Maryland","005","Baltimore","39.371679","-76.746814"
"03/21/2025","AQS","240050009","4","33.6","ppb","31","Baltimore County Near Road","23","96.0000","42602","Nitrogen dioxide (NO2)","212","12580","Baltimore-Columbia-Towson, MD","24","Maryland","005","Baltimore","39.371679","-76.746814"
"03/22/2025","AQS","240050009","4","30.9","ppb","28","Baltimore County Near Road","24","100.0000","42602","Nitrogen dioxide (NO2)","212","12580","Baltimore-Columbia-Towson, MD","24","Maryland","005","Baltimore","39.371679","-76.746814"
"03/23/2025","AQS","240050009","4","18.8","ppb","17","Baltimore County Near Road","24","100.0000","42602","Nitrogen dioxide (NO2)","212","12580","Baltimore-Columbia-Towson, MD","24","Maryland","005","Baltimore","39.371679","-76.746814"
"03/24/2025","AQS","240050009","4","34.4","ppb","32","Baltimore County Near Road","23","96.0000","42602","Nitrogen dioxide (NO2)","212","12580","Baltimore-Columbia-Towson, MD","24","Maryland","005","Baltimore","39.371679","-76.746814"
"03/25/2025","AQS","240050009","4","42.9","ppb","40","Baltimore County Near Road","23","96.0000","42602","Nitrogen dioxide (NO2)","212","12580","Baltimore-Columbia-Towson, MD","24","Maryland","005","Baltimore","39.371679","-76.746814"
"03/26/2025","AQS","240050009","4","31.2","ppb","29","Baltimore County Near Road","23","96.0000","42602","Nitrogen dioxide (NO2)","212","12580","Baltimore-Columbia-Towson, MD","24","Maryland","005","Baltimore","39.371679","-76.746814"
"03/27/2025","AQS","240050009","4","36.9","ppb","34","Baltimore County Near Road","24","100.0000","42602","Nitrogen dioxide (NO2)","212","12580","Baltimore-Columbia-Towson, MD","24","Maryland","005","Baltimore","39.371679","-76.746814"
"03/28/2025","AQS","240050009","4","38.5","ppb","36","Baltimore County Near Road","23","96.0000","42602","Nitrogen dioxide (NO2)","212","12580","Baltimore-Columbia-Towson, MD","24","Maryland","005","Baltimore","39.371679","-76.746814"
"03/29/2025","AQS","240050009","4","32.5","ppb","30","Baltimore County Near Road","24","100.0000","42602","Nitrogen dioxide (NO2)","212","12580","Baltimore-Columbia-Towson, MD","24","Maryland","005","Baltimore","39.371679","-76.746814"
"03/30/2025","AQS","240050009","4","19.6","ppb","18","Baltimore County Near Road","24","100.0000","42602","Nitrogen dioxide (NO2)","212","12580","Baltimore-Columbia-Towson, MD","24","Maryland","005","Baltimore","39.371679","-76.746814"
"03/31/2025","AQS","240050009","4","21.1","ppb","20","Baltimore County Near Road","23","96.0000","42602","Nitrogen dioxide (NO2)","212","12580","Baltimore-Columbia-Towson, MD","24","Maryland","005","Baltimore","39.371679","-76.746814"
"04/01/2025","AQS","240050009","4","34","ppb","32","Baltimore County Near Road","23","96.0000","42602","Nitrogen dioxide (NO2)","212","12580","Baltimore-Columbia-Towson, MD","24","Maryland","005","Baltimore","39.371679","-76.746814"
"04/02/2025","AQS","240050009","4","28","ppb","26","Baltimore County Near Road","23","96.0000","42602","Nitrogen dioxide (NO2)","212","12580","Baltimore-Columbia-Towson, MD","24","Maryland","005","Baltimore","39.371679","-76.746814"
"04/03/2025","AQS","240050009","4","26.2","ppb","25","Baltimore County Near Road","24","100.0000","42602","Nitrogen dioxide (NO2)","212","12580","Baltimore-Columbia-Towson, MD","24","Maryland","005","Baltimore","39.371679","-76.746814"
"04/05/2025","AQS","240050009","4","7.1","ppb","7","Baltimore County Near Road","24","100.0000","42602","Nitrogen dioxide (NO2)","212","12580","Baltimore-Columbia-Towson, MD","24","Maryland","005","Baltimore","39.371679","-76.746814"
"04/06/2025","AQS","240050009","4","17.2","ppb","16","Baltimore County Near Road","24","100.0000","42602","Nitrogen dioxide (NO2)","212","12580","Baltimore-Columbia-Towson, MD","24","Maryland","005","Baltimore","39.371679","-76.746814"
"04/07/2025","AQS","240050009","4","17.2","ppb","16","Baltimore County Near Road","23","96.0000","42602","Nitrogen dioxide (NO2)","212","12580","Baltimore-Columbia-Towson, MD","24","Maryland","005","Baltimore","39.371679","-76.746814"
"04/08/2025","AQS","240050009","4","16.3","ppb","15","Baltimore County Near Road","23","96.0000","42602","Nitrogen dioxide (NO2)","212","12580","Baltimore-Columbia-Towson, MD","24","Maryland","005","Baltimore","39.371679","-76.746814"
"04/09/2025","AQS","240050009","4","33.2","ppb","31","Baltimore County Near Road","23","96.0000","42602","Nitrogen dioxide (NO2)","212","12580","Baltimore-Columbia-Towson, MD","24","Maryland","005","Baltimore","39.371679","-76.746814"
"04/10/2025","AQS","240050009","4","13.1","ppb","12","Baltimore County Near Road","24","100.0000","42602","Nitrogen dioxide (NO2)","212","12580","Baltimore-Columbia-Towson, MD","24","Maryland","005","Baltimore","39.371679","-76.746814"
"04/11/2025","AQS","240050009","4","9.2","ppb","8","Baltimore County Near Road","23","96.0000","42602","Nitrogen dioxide (NO2)","212","12580","Baltimore-Columbia-Towson, MD","24","Maryland","005","Baltimore","39.371679","-76.746814"
"04/12/2025","AQS","240050009","4","9.6","ppb","8","Baltimore County Near Road","24","100.0000","42602","Nitrogen dioxide (NO2)","212","12580","Baltimore-Columbia-Towson, MD","24","Maryland","005","Baltimore","39.371679","-76.746814"
"04/13/2025","AQS","240050009","4","29","ppb","27","Baltimore County Near Road","24","100.0000","42602","Nitrogen dioxide (NO2)","212","12580","Baltimore-Columbia-Towson, MD","24","Maryland","005","Baltimore","39.371679","-76.746814"
"04/14/2025","AQS","240050009","4","34.2","ppb","32","Baltimore County Near Road","23","96.0000","42602","Nitrogen dioxide (NO2)","212","12580","Baltimore-Columbia-Towson, MD","24","Maryland","005","Baltimore","39.371679","-76.746814"
"04/15/2025","AQS","240050009","4","23.6","ppb","22","Baltimore County Near Road","23","96.0000","42602","Nitrogen dioxide (NO2)","212","12580","Baltimore-Columbia-Towson, MD","24","Maryland","005","Baltimore","39.371679","-76.746814"
"04/16/2025","AQS","240050009","4","23.3","ppb","22","Baltimore County Near Road","23","96.0000","42602","Nitrogen dioxide (NO2)","212","12580","Baltimore-Columbia-Towson, MD","24","Maryland","005","Baltimore","39.371679","-76.746814"
"04/17/2025","AQS","240050009","4","38","ppb","36","Baltimore County Near Road","24","100.0000","42602","Nitrogen dioxide (NO2)","212","12580","Baltimore-Columbia-Towson, MD","24","Maryland","005","Baltimore","39.371679","-76.746814"
"04/18/2025","AQS","240050009","4","30.8","ppb","28","Baltimore County Near Road","23","96.0000","42602","Nitrogen dioxide (NO2)","212","12580","Baltimore-Columbia-Towson, MD","24","Maryland","005","Baltimore","39.371679","-76.746814"
"04/19/2025","AQS","240050009","4","19.7","ppb","18","Baltimore County Near Road","24","100.0000","42602","Nitrogen dioxide (NO2)","212","12580","Baltimore-Columbia-Towson, MD","24","Maryland","005","Baltimore","39.371679","-76.746814"
"04/20/2025","AQS","240050009","4","26.5","ppb","25","Baltimore County Near Road","24","100.0000","42602","Nitrogen dioxide (NO2)","212","12580","Baltimore-Columbia-Towson, MD","24","Maryland","005","Baltimore","39.371679","-76.746814"
"04/21/2025","AQS","240050009","4","26.4","ppb","25","Baltimore County Near Road","23","96.0000","42602","Nitrogen dioxide (NO2)","212","12580","Baltimore-Columbia-Towson, MD","24","Maryland","005","Baltimore","39.371679","-76.746814"
"04/22/2025","AQS","240050009","4","23.6","ppb","22","Baltimore County Near Road","23","96.0000","42602","Nitrogen dioxide (NO2)","212","12580","Baltimore-Columbia-Towson, MD","24","Maryland","005","Baltimore","39.371679","-76.746814"
"04/23/2025","AQS","240050009","4","46","ppb","43","Baltimore County Near Road","23","96.0000","42602","Nitrogen dioxide (NO2)","212","12580","Baltimore-Columbia-Towson, MD","24","Maryland","005","Baltimore","39.371679","-76.746814"
"04/24/2025","AQS","240050009","4","38.6","ppb","36","Baltimore County Near Road","24","100.0000","42602","Nitrogen dioxide (NO2)","212","12580","Baltimore-Columbia-Towson, MD","24","Maryland","005","Baltimore","39.371679","-76.746814"
"04/25/2025","AQS","240050009","4","34.7","ppb","32","Baltimore County Near Road","23","96.0000","42602","Nitrogen dioxide (NO2)","212","12580","Baltimore-Columbia-Towson, MD","24","Maryland","005","Baltimore","39.371679","-76.746814"
"04/26/2025","AQS","240050009","4","9.9","ppb","8","Baltimore County Near Road","24","100.0000","42602","Nitrogen dioxide (NO2)","212","12580","Baltimore-Columbia-Towson, MD","24","Maryland","005","Baltimore","39.371679","-76.746814"
"04/27/2025","AQS","240050009","4","29.1","ppb","27","Baltimore County Near Road","24","100.0000","42602","Nitrogen dioxide (NO2)","212","12580","Baltimore-Columbia-Towson, MD","24","Maryland","005","Baltimore","39.371679","-76.746814"
"04/28/2025","AQS","240050009","4","26.1","ppb","25","Baltimore County Near Road","23","96.0000","42602","Nitrogen dioxide (NO2)","212","12580","Baltimore-Columbia-Towson, MD","24","Maryland","005","Baltimore","39.371679","-76.746814"
"04/29/2025","AQS","240050009","4","22.1","ppb","21","Baltimore County Near Road","23","96.0000","42602","Nitrogen dioxide (NO2)","212","12580","Baltimore-Columbia-Towson, MD","24","Maryland","005","Baltimore","39.371679","-76.746814"
"04/30/2025","AQS","240050009","4","33","ppb","31","Baltimore County Near Road","23","96.0000","42602","Nitrogen dioxide (NO2)","212","12580","Baltimore-Columbia-Towson, MD","24","Maryland","005","Baltimore","39.371679","-76.746814"
"05/01/2025","AQS","240050009","4","28.2","ppb","26","Baltimore County Near Road","24","100.0000","42602","Nitrogen dioxide (NO2)","212","12580","Baltimore-Columbia-Towson, MD","24","Maryland","005","Baltimore","39.371679","-76.746814"
"05/02/2025","AQS","240050009","4","31.3","ppb","29","Baltimore County Near Road","23","96.0000","42602","Nitrogen dioxide (NO2)","212","12580","Baltimore-Columbia-Towson, MD","24","Maryland","005","Baltimore","39.371679","-76.746814"
"05/03/2025","AQS","240050009","4","26.8","ppb","25","Baltimore County Near Road","24","100.0000","42602","Nitrogen dioxide (NO2)","212","12580","Baltimore-Columbia-Towson, MD","24","Maryland","005","Baltimore","39.371679","-76.746814"
"05/04/2025","AQS","240050009","4","15.9","ppb","14","Baltimore County Near Road","24","100.0000","42602","Nitrogen dioxide (NO2)","212","12580","Baltimore-Columbia-Towson, MD","24","Maryland","005","Baltimore","39.371679","-76.746814"
"05/05/2025","AQS","240050009","4","21.8","ppb","20","Baltimore County Near Road","23","96.0000","42602","Nitrogen dioxide (NO2)","212","12580","Baltimore-Columbia-Towson, MD","24","Maryland","005","Baltimore","39.371679","-76.746814"
"05/06/2025","AQS","240050009","4","26.1","ppb","25","Baltimore County Near Road","23","96.0000","42602","Nitrogen dioxide (NO2)","212","12580","Baltimore-Columbia-Towson, MD","24","Maryland","005","Baltimore","39.371679","-76.746814"
"05/07/2025","AQS","240050009","4","29.6","ppb","27","Baltimore County Near Road","23","96.0000","42602","Nitrogen dioxide (NO2)","212","12580","Baltimore-Columbia-Towson, MD","24","Maryland","005","Baltimore","39.371679","-76.746814"
"05/08/2025","AQS","240050009","4","19.7","ppb","18","Baltimore County Near Road","24","100.0000","42602","Nitrogen dioxide (NO2)","212","12580","Baltimore-Columbia-Towson, MD","24","Maryland","005","Baltimore","39.371679","-76.746814"
"05/09/2025","AQS","240050009","4","12.5","ppb","11","Baltimore County Near Road","23","96.0000","42602","Nitrogen dioxide (NO2)","212","12580","Baltimore-Columbia-Towson, MD","24","Maryland","005","Baltimore","39.371679","-76.746814"
"05/10/2025","AQS","240050009","4","24.7","ppb","23","Baltimore County Near Road","24","100.0000","42602","Nitrogen dioxide (NO2)","212","12580","Baltimore-Columbia-Towson, MD","24","Maryland","005","Baltimore","39.371679","-76.746814"
"05/11/2025","AQS","240050009","4","38","ppb","36","Baltimore County Near Road","24","100.0000","42602","Nitrogen dioxide (NO2)","212","12580","Baltimore-Columbia-Towson, MD","24","Maryland","005","Baltimore","39.371679","-76.746814"
"05/12/2025","AQS","240050009","4","28.4","ppb","26","Baltimore County Near Road","23","96.0000","42602","Nitrogen dioxide (NO2)","212","12580","Baltimore-Columbia-Towson, MD","24","Maryland","005","Baltimore","39.371679","-76.746814"
"05/13/2025","AQS","240050009","4","7.8","ppb","7","Baltimore County Near Road","23","96.0000","42602","Nitrogen dioxide (NO2)","212","12580","Baltimore-Columbia-Towson, MD","24","Maryland","005","Baltimore","39.371679","-76.746814"
"05/14/2025","AQS","240050009","4","6.6","ppb","6","Baltimore County Near Road","23","96.0000","42602","Nitrogen dioxide (NO2)","212","12580","Baltimore-Columbia-Towson, MD","24","Maryland","005","Baltimore","39.371679","-76.746814"
"05/15/2025","AQS","240050009","4","24.1","ppb","23","Baltimore County Near Road","24","100.0000","42602","Nitrogen dioxide (NO2)","212","12580","Baltimore-Columbia-Towson, MD","24","Maryland","005","Baltimore","39.371679","-76.746814"
"05/16/2025","AQS","240050009","4","20.7","ppb","19","Baltimore County Near Road","23","96.0000","42602","Nitrogen dioxide (NO2)","212","12580","Baltimore-Columbia-Towson, MD","24","Maryland","005","Baltimore","39.371679","-76.746814"
"05/17/2025","AQS","240050009","4","13.4","ppb","12","Baltimore County Near Road","24","100.0000","42602","Nitrogen dioxide (NO2)","212","12580","Baltimore-Columbia-Towson, MD","24","Maryland","005","Baltimore","39.371679","-76.746814"
"05/18/2025","AQS","240050009","4","7.6","ppb","7","Baltimore County Near Road","24","100.0000","42602","Nitrogen dioxide (NO2)","212","12580","Baltimore-Columbia-Towson, MD","24","Maryland","005","Baltimore","39.371679","-76.746814"
"05/19/2025","AQS","240050009","4","25.3","ppb","24","Baltimore County Near Road","23","96.0000","42602","Nitrogen dioxide (NO2)","212","12580","Baltimore-Columbia-Towson, MD","24","Maryland","005","Baltimore","39.371679","-76.746814"
"05/20/2025","AQS","240050009","4","18.6","ppb","17","Baltimore County Near Road","23","96.0000","42602","Nitrogen dioxide (NO2)","212","12580","Baltimore-Columbia-Towson, MD","24","Maryland","005","Baltimore","39.371679","-76.746814"
"05/21/2025","AQS","240050009","4","7.6","ppb","7","Baltimore County Near Road","23","96.0000","42602","Nitrogen dioxide (NO2)","212","12580","Baltimore-Columbia-Towson, MD","24","Maryland","005","Baltimore","39.371679","-76.746814"
"05/22/2025","AQS","240050009","4","16.5","ppb","15","Baltimore County Near Road","24","100.0000","42602","Nitrogen dioxide (NO2)","212","12580","Baltimore-Columbia-Towson, MD","24","Maryland","005","Baltimore","39.371679","-76.746814"
"05/23/2025","AQS","240050009","4","18.4","ppb","17","Baltimore County Near Road","23","96.0000","42602","Nitrogen dioxide (NO2)","212","12580","Baltimore-Columbia-Towson, MD","24","Maryland","005","Baltimore","39.371679","-76.746814"
"05/24/2025","AQS","240050009","4","20.2","ppb","19","Baltimore County Near Road","24","100.0000","42602","Nitrogen dioxide (NO2)","212","12580","Baltimore-Columbia-Towson, MD","24","Maryland","005","Baltimore","39.371679","-76.746814"
"05/25/2025","AQS","240050009","4","18.2","ppb","17","Baltimore County Near Road","24","100.0000","42602","Nitrogen dioxide (NO2)","212","12580","Baltimore-Columbia-Towson, MD","24","Maryland","005","Baltimore","39.371679","-76.746814"
"05/26/2025","AQS","240050009","4","28.6","ppb","26","Baltimore County Near Road","23","96.0000","42602","Nitrogen dioxide (NO2)","212","12580","Baltimore-Columbia-Towson, MD","24","Maryland","005","Baltimore","39.371679","-76.746814"
"05/27/2025","AQS","240050009","4","22.6","ppb","21","Baltimore County Near Road","23","96.0000","42602","Nitrogen dioxide (NO2)","212","12580","Baltimore-Columbia-Towson, MD","24","Maryland","005","Baltimore","39.371679","-76.746814"
"05/28/2025","AQS","240050009","4","11.7","ppb","10","Baltimore County Near Road","23","96.0000","42602","Nitrogen dioxide (NO2)","212","12580","Baltimore-Columbia-Towson, MD","24","Maryland","005","Baltimore","39.371679","-76.746814"
"05/29/2025","AQS","240050009","4","20.8","ppb","19","Baltimore County Near Road","24","100.0000","42602","Nitrogen dioxide (NO2)","212","12580","Baltimore-Columbia-Towson, MD","24","Maryland","005","Baltimore","39.371679","-76.746814"
"05/30/2025","AQS","240050009","4","14.5","ppb","13","Baltimore County Near Road","23","96.0000","42602","Nitrogen dioxide (NO2)","212","12580","Baltimore-Columbia-Towson, MD","24","Maryland","005","Baltimore","39.371679","-76.746814"
"05/31/2025","AQS","240050009","4","9.8","ppb","8","Baltimore County Near Road","24","100.0000","42602","Nitrogen dioxide (NO2)","212","12580","Baltimore-Columbia-Towson, MD","24","Maryland","005","Baltimore","39.371679","-76.746814"
"06/01/2025","AQS","240050009","4","28.7","ppb","26","Baltimore County Near Road","24","100.0000","42602","Nitrogen dioxide (NO2)","212","12580","Baltimore-Columbia-Towson, MD","24","Maryland","005","Baltimore","39.371679","-76.746814"
"06/02/2025","AQS","240050009","4","32.7","ppb","30","Baltimore County Near Road","23","96.0000","42602","Nitrogen dioxide (NO2)","212","12580","Baltimore-Columbia-Towson, MD","24","Maryland","005","Baltimore","39.371679","-76.746814"
"06/03/2025","AQS","240050009","4","40.4","ppb","38","Baltimore County Near Road","23","96.0000","42602","Nitrogen dioxide (NO2)","212","12580","Baltimore-Columbia-Towson, MD","24","Maryland","005","Baltimore","39.371679","-76.746814"
"06/04/2025","AQS","240050009","4","32.4","ppb","30","Baltimore County Near Road","23","96.0000","42602","Nitrogen dioxide (NO2)","212","12580","Baltimore-Columbia-Towson, MD","24","Maryland","005","Baltimore","39.371679","-76.746814"
"06/05/2025","AQS","240050009","4","24.9","ppb","23","Baltimore County Near Road","24","100.0000","42602","Nitrogen dioxide (NO2)","212","12580","Baltimore-Columbia-Towson, MD","24","Maryland","005","Baltimore","39.371679","-76.746814"
"06/06/2025","AQS","240050009","4","21.4","ppb","20","Baltimore County Near Road","23","96.0000","42602","Nitrogen dioxide (NO2)","212","12580","Baltimore-Columbia-Towson, MD","24","Maryland","005","Baltimore","39.371679","-76.746814"
"06/07/2025","AQS","240050009","4","21.2","ppb","20","Baltimore County Near Road","24","100.0000","42602","Nitrogen dioxide (NO2)","212","12580","Baltimore-Columbia-Towson, MD","24","Maryland","005","Baltimore","39.371679","-76.746814"
"06/08/2025","AQS","240050009","4","14.5","ppb","13","Baltimore County Near Road","24","100.0000","42602","Nitrogen dioxide (NO2)","212","12580","Baltimore-Columbia-Towson, MD","24","Maryland","005","Baltimore","39.371679","-76.746814"
"06/09/2025","AQS","240050009","4","8.5","ppb","8","Baltimore County Near Road","23","96.0000","42602","Nitrogen dioxide (NO2)","212","12580","Baltimore-Columbia-Towson, MD","24","Maryland","005","Baltimore","39.371679","-76.746814"
"06/10/2025","AQS","240050009","4","31.1","ppb","29","Baltimore County Near Road","23","96.0000","42602","Nitrogen dioxide (NO2)","212","12580","Baltimore-Columbia-Towson, MD","24","Maryland","005","Baltimore","39.371679","-76.746814"
"06/11/2025","AQS","240050009","4","40.8","ppb","38","Baltimore County Near Road","23","96.0000","42602","Nitrogen dioxide (NO2)","212","12580","Baltimore-Columbia-Towson, MD","24","Maryland","005","Baltimore","39.371679","-76.746814"
"06/12/2025","AQS","240050009","4","39.4","ppb","37","Baltimore County Near Road","24","100.0000","42602","Nitrogen dioxide (NO2)","212","12580","Baltimore-Columbia-Towson, MD","24","Maryland","005","Baltimore","39.371679","-76.746814"
"06/13/2025","AQS","240050009","4","29.3","ppb","27","Baltimore County Near Road","23","96.0000","42602","Nitrogen dioxide (NO2)","212","12580","Baltimore-Columbia-Towson, MD","24","Maryland","005","Baltimore","39.371679","-76.746814"
"06/14/2025","AQS","240050009","4","17.6","ppb","16","Baltimore County Near Road","24","100.0000","42602","Nitrogen dioxide (NO2)","212","12580","Baltimore-Columbia-Towson, MD","24","Maryland","005","Baltimore","39.371679","-76.746814"
"06/15/2025","AQS","240050009","4","3","ppb","3","Baltimore County Near Road","24","100.0000","42602","Nitrogen dioxide (NO2)","212","12580","Baltimore-Columbia-Towson, MD","24","Maryland","005","Baltimore","39.371679","-76.746814"
"06/16/2025","AQS","240050009","4","7.4","ppb","7","Baltimore County Near Road","23","96.0000","42602","Nitrogen dioxide (NO2)","212","12580","Baltimore-Columbia-Towson, MD","24","Maryland","005","Baltimore","39.371679","-76.746814"
"06/17/2025","AQS","240050009","4","16.9","ppb","15","Baltimore County Near Road","23","96.0000","42602","Nitrogen dioxide (NO2)","212","12580","Baltimore-Columbia-Towson, MD","24","Maryland","005","Baltimore","39.371679","-76.746814"
"06/18/2025","AQS","240050009","4","20.2","ppb","19","Baltimore County Near Road","23","96.0000","42602","Nitrogen dioxide (NO2)","212","12580","Baltimore-Columbia-Towson, MD","24","Maryland","005","Baltimore","39.371679","-76.746814"
"06/19/2025","AQS","240050009","4","12.2","ppb","11","Baltimore County Near Road","24","100.0000","42602","Nitrogen dioxide (NO2)","212","12580","Baltimore-Columbia-Towson, MD","24","Maryland","005","Baltimore","39.371679","-76.746814"
"06/20/2025","AQS","240050009","4","25","ppb","24","Baltimore County Near Road","23","96.0000","42602","Nitrogen dioxide (NO2)","212","12580","Baltimore-Columbia-Towson, MD","24","Maryland","005","Baltimore","39.371679","-76.746814"
"06/21/2025","AQS","240050009","4","26.1","ppb","25","Baltimore County Near Road","24","100.0000","42602","Nitrogen dioxide (NO2)","212","12580","Baltimore-Columbia-Towson, MD","24","Maryland","005","Baltimore","39.371679","-76.746814"
"06/22/2025","AQS","240050009","4","22.6","ppb","21","Baltimore County Near Road","24","100.0000","42602","Nitrogen dioxide (NO2)","212","12580","Baltimore-Columbia-Towson, MD","24","Maryland","005","Baltimore","39.371679","-76.746814"
"06/23/2025","AQS","240050009","4","25.8","ppb","24","Baltimore County Near Road","23","96.0000","42602","Nitrogen dioxide (NO2)","212","12580","Baltimore-Columbia-Towson, MD","24","Maryland","005","Baltimore","39.371679","-76.746814"
"06/24/2025","AQS","240050009","4","30.7","ppb","28","Baltimore County Near Road","23","96.0000","42602","Nitrogen dioxide (NO2)","212","12580","Baltimore-Columbia-Towson, MD","24","Maryland","005","Baltimore","39.371679","-76.746814"
"06/25/2025","AQS","240050009","4","31.3","ppb","29","Baltimore County Near Road","23","96.0000","42602","Nitrogen dioxide (NO2)","212","12580","Baltimore-Columbia-Towson, MD","24","Maryland","005","Baltimore","39.371679","-76.746814"
"06/26/2025","AQS","240050009","4","23.8","ppb","22","Baltimore County Near Road","24","100.0000","42602","Nitrogen dioxide (NO2)","212","12580","Baltimore-Columbia-Towson, MD","24","Maryland","005","Baltimore","39.371679","-76.746814"
"06/27/2025","AQS","240050009","4","3.6","ppb","3","Baltimore County Near Road","23","96.0000","42602","Nitrogen dioxide (NO2)","212","12580","Baltimore-Columbia-Towson, MD","24","Maryland","005","Baltimore","39.371679","-76.746814"
"06/28/2025","AQS","240050009","4","17.1","ppb","16","Baltimore County Near Road","24","100.0000","42602","Nitrogen dioxide (NO2)","212","12580","Baltimore-Columbia-Towson, MD","24","Maryland","005","Baltimore","39.371679","-76.746814"
"06/29/2025","AQS","240050009","4","23","ppb","22","Baltimore County Near Road","24","100.0000","42602","Nitrogen dioxide (NO2)","212","12580","Baltimore-Columbia-Towson, MD","24","Maryland","005","Baltimore","39.371679","-76.746814"
"06/30/2025","AQS","240050009","4","21.4","ppb","20","Baltimore County Near Road","23","96.0000","42602","Nitrogen dioxide (NO2)","212","12580","Baltimore-Columbia-Towson, MD","24","Maryland","005","Baltimore","39.371679","-76.746814"
"07/01/2025","AQS","240050009","4","21.1","ppb","20","Baltimore County Near Road","23","96.0000","42602","Nitrogen dioxide (NO2)","212","12580","Baltimore-Columbia-Towson, MD","24","Maryland","005","Baltimore","39.371679","-76.746814"
"07/02/2025","AQS","240050009","4","24.3","ppb","23","Baltimore County Near Road","23","96.0000","42602","Nitrogen dioxide (NO2)","212","12580","Baltimore-Columbia-Towson, MD","24","Maryland","005","Baltimore","39.371679","-76.746814"
"07/03/2025","AQS","240050009","4","24.4","ppb","23","Baltimore County Near Road","24","100.0000","42602","Nitrogen dioxide (NO2)","212","12580","Baltimore-Columbia-Towson, MD","24","Maryland","005","Baltimore","39.371679","-76.746814"
"07/04/2025","AQS","240050009","4","20.4","ppb","19","Baltimore County Near Road","23","96.0000","42602","Nitrogen dioxide (NO2)","212","12580","Baltimore-Columbia-Towson, MD","24","Maryland","005","Baltimore","39.371679","-76.746814"
"07/05/2025","AQS","240050009","4","14.5","ppb","13","Baltimore County Near Road","24","100.0000","42602","Nitrogen dioxide (NO2)","212","12580","Baltimore-Columbia-Towson, MD","24","Maryland","005","Baltimore","39.371679","-76.746814"
"07/06/2025","AQS","240050009","4","16.2","ppb","15","Baltimore County Near Road","24","100.0000","42602","Nitrogen dioxide (NO2)","212","12580","Baltimore-Columbia-Towson, MD","24","Maryland","005","Baltimore","39.371679","-76.746814"
"07/07/2025","AQS","240050009","4","16.7","ppb","15","Baltimore County Near Road","23","96.0000","42602","Nitrogen dioxide (NO2)","212","12580","Baltimore-Columbia-Towson, MD","24","Maryland","005","Baltimore","39.371679","-76.746814"
"07/08/2025","AQS","240050009","4","24.1","ppb","23","Baltimore County Near Road","23","96.0000","42602","Nitrogen dioxide (NO2)","212","12580","Baltimore-Columbia-Towson, MD","24","Maryland","005","Baltimore","39.371679","-76.746814"
"07/09/2025","AQS","240050009","4","15","ppb","14","Baltimore County Near Road","23","96.0000","42602","Nitrogen dioxide (NO2)","212","12580","Baltimore-Columbia-Towson, MD","24","Maryland","005","Baltimore","39.371679","-76.746814"
"07/10/2025","AQS","240050009","4","22.2","ppb","21","Baltimore County Near Road","24","100.0000","42602","Nitrogen dioxide (NO2)","212","12580","Baltimore-Columbia-Towson, MD","24","Maryland","005","Baltimore","39.371679","-76.746814"
"07/11/2025","AQS","240050009","4","22.9","ppb","21","Baltimore County Near Road","23","96.0000","42602","Nitrogen dioxide (NO2)","212","12580","Baltimore-Columbia-Towson, MD","24","Maryland","005","Baltimore","39.371679","-76.746814"
"07/12/2025","AQS","240050009","4","16.9","ppb","15","Baltimore County Near Road","24","100.0000","42602","Nitrogen dioxide (NO2)","212","12580","Baltimore-Columbia-Towson, MD","24","Maryland","005","Baltimore","39.371679","-76.746814"
"07/13/2025","AQS","240050009","4","10.5","ppb","9","Baltimore County Near Road","24","100.0000","42602","Nitrogen dioxide (NO2)","212","12580","Baltimore-Columbia-Towson, MD","24","Maryland","005","Baltimore","39.371679","-76.746814"
"07/14/2025","AQS","240050009","4","16.1","ppb","15","Baltimore County Near Road","23","96.0000","42602","Nitrogen dioxide (NO2)","212","12580","Baltimore-Columbia-Towson, MD","24","Maryland","005","Baltimore","39.371679","-76.746814"
"07/15/2025","AQS","240050009","4","21","ppb","20","Baltimore County Near Road","23","96.0000","42602","Nitrogen dioxide (NO2)","212","12580","Baltimore-Columbia-Towson, MD","24","Maryland","005","Baltimore","39.371679","-76.746814"
"07/16/2025","AQS","240050009","4","14.2","ppb","13","Baltimore County Near Road","23","96.0000","42602","Nitrogen dioxide (NO2)","212","12580","Baltimore-Columbia-Towson, MD","24","Maryland","005","Baltimore","39.371679","-76.746814"
"07/17/2025","AQS","240050009","4","16.3","ppb","15","Baltimore County Near Road","24","100.0000","42602","Nitrogen dioxide (NO2)","212","12580","Baltimore-Columbia-Towson, MD","24","Maryland","005","Baltimore","39.371679","-76.746814"
"07/18/2025","AQS","240050009","4","25.1","ppb","24","Baltimore County Near Road","23","96.0000","42602","Nitrogen dioxide (NO2)","212","12580","Baltimore-Columbia-Towson, MD","24","Maryland","005","Baltimore","39.371679","-76.746814"
"07/19/2025","AQS","240050009","4","13.6","ppb","12","Baltimore County Near Road","24","100.0000","42602","Nitrogen dioxide (NO2)","212","12580","Baltimore-Columbia-Towson, MD","24","Maryland","005","Baltimore","39.371679","-76.746814"
"07/20/2025","AQS","240050009","4","17","ppb","16","Baltimore County Near Road","24","100.0000","42602","Nitrogen dioxide (NO2)","212","12580","Baltimore-Columbia-Towson, MD","24","Maryland","005","Baltimore","39.371679","-76.746814"
"07/21/2025","AQS","240050009","4","26.9","ppb","25","Baltimore County Near Road","23","96.0000","42602","Nitrogen dioxide (NO2)","212","12580","Baltimore-Columbia-Towson, MD","24","Maryland","005","Baltimore","39.371679","-76.746814"
"07/22/2025","AQS","240050009","4","20.7","ppb","19","Baltimore County Near Road","23","96.0000","42602","Nitrogen dioxide (NO2)","212","12580","Baltimore-Columbia-Towson, MD","24","Maryland","005","Baltimore","39.371679","-76.746814"
"07/23/2025","AQS","240050009","4","18.3","ppb","17","Baltimore County Near Road","23","96.0000","42602","Nitrogen dioxide (NO2)","212","12580","Baltimore-Columbia-Towson, MD","24","Maryland","005","Baltimore","39.371679","-76.746814"
"07/24/2025","AQS","240050009","4","19.7","ppb","18","Baltimore County Near Road","24","100.0000","42602","Nitrogen dioxide (NO2)","212","12580","Baltimore-Columbia-Towson, MD","24","Maryland","005","Baltimore","39.371679","-76.746814"
"07/25/2025","AQS","240050009","4","18.6","ppb","17","Baltimore County Near Road","23","96.0000","42602","Nitrogen dioxide (NO2)","212","12580","Baltimore-Columbia-Towson, MD","24","Maryland","005","Baltimore","39.371679","-76.746814"
"07/26/2025","AQS","240050009","4","26.3","ppb","25","Baltimore County Near Road","24","100.0000","42602","Nitrogen dioxide (NO2)","212","12580","Baltimore-Columbia-Towson, MD","24","Maryland","005","Baltimore","39.371679","-76.746814"
"07/27/2025","AQS","240050009","4","11.8","ppb","10","Baltimore County Near Road","24","100.0000","42602","Nitrogen dioxide (NO2)","212","12580","Baltimore-Columbia-Towson, MD","24","Maryland","005","Baltimore","39.371679","-76.746814"
"07/28/2025","AQS","240050009","4","24.8","ppb","23","Baltimore County Near Road","23","96.0000","42602","Nitrogen dioxide (NO2)","212","12580","Baltimore-Columbia-Towson, MD","24","Maryland","005","Baltimore","39.371679","-76.746814"
"07/29/2025","AQS","240050009","4","33.6","ppb","31","Baltimore County Near Road","23","96.0000","42602","Nitrogen dioxide (NO2)","212","12580","Baltimore-Columbia-Towson, MD","24","Maryland","005","Baltimore","39.371679","-76.746814"
"07/30/2025","AQS","240050009","4","24.3","ppb","23","Baltimore County Near Road","23","96.0000","42602","Nitrogen dioxide (NO2)","212","12580","Baltimore-Columbia-Towson, MD","24","Maryland","005","Baltimore","39.371679","-76.746814"
"07/31/2025","AQS","240050009","4","19.1","ppb","18","Baltimore County Near Road","24","100.0000","42602","Nitrogen dioxide (NO2)","212","12580","Baltimore-Columbia-Towson, MD","24","Maryland","005","Baltimore","39.371679","-76.746814"
"08/01/2025","AQS","240050009","4","16.7","ppb","15","Baltimore County Near Road","22","92.0000","42602","Nitrogen dioxide (NO2)","212","12580","Baltimore-Columbia-Towson, MD","24","Maryland","005","Baltimore","39.371679","-76.746814"
"08/02/2025","AQS","240050009","4","16.6","ppb","15","Baltimore County Near Road","24","100.0000","42602","Nitrogen dioxide (NO2)","212","12580","Baltimore-Columbia-Towson, MD","24","Maryland","005","Baltimore","39.371679","-76.746814"
"08/03/2025","AQS","240050009","4","23.3","ppb","22","Baltimore County Near Road","24","100.0000","42602","Nitrogen dioxide (NO2)","212","12580","Baltimore-Columbia-Towson, MD","24","Maryland","005","Baltimore","39.371679","-76.746814"
"08/04/2025","AQS","240050009","4","30.4","ppb","28","Baltimore County Near Road","23","96.0000","42602","Nitrogen dioxide (NO2)","212","12580","Baltimore-Columbia-Towson, MD","24","Maryland","005","Baltimore","39.371679","-76.746814"
"08/05/2025","AQS","240050009","4","25.6","ppb","24","Baltimore County Near Road","23","96.0000","42602","Nitrogen dioxide (NO2)","212","12580","Baltimore-Columbia-Towson, MD","24","Maryland","005","Baltimore","39.371679","-76.746814"
"08/06/2025","AQS","240050009","4","26","ppb","25","Baltimore County Near Road","23","96.0000","42602","Nitrogen dioxide (NO2)","212","12580","Baltimore-Columbia-Towson, MD","24","Maryland","005","Baltimore","39.371679","-76.746814"
"08/07/2025","AQS","240050009","4","16.9","ppb","15","Baltimore County Near Road","24","100.0000","42602","Nitrogen dioxide (NO2)","212","12580","Baltimore-Columbia-Towson, MD","24","Maryland","005","Baltimore","39.371679","-76.746814"
"08/08/2025","AQS","240050009","4","23.8","ppb","22","Baltimore County Near Road","23","96.0000","42602","Nitrogen dioxide (NO2)","212","12580","Baltimore-Columbia-Towson, MD","24","Maryland","005","Baltimore","39.371679","-76.746814"
"08/09/2025","AQS","240050009","4","26.5","ppb","25","Baltimore County Near Road","24","100.0000","42602","Nitrogen dioxide (NO2)","212","12580","Baltimore-Columbia-Towson, MD","24","Maryland","005","Baltimore","39.371679","-76.746814"
"08/10/2025","AQS","240050009","4","25.9","ppb","24","Baltimore County Near Road","24","100.0000","42602","Nitrogen dioxide (NO2)","212","12580","Baltimore-Columbia-Towson, MD","24","Maryland","005","Baltimore","39.371679","-76.746814"
"08/11/2025","AQS","240050009","4","19.7","ppb","18","Baltimore County Near Road","23","96.0000","42602","Nitrogen dioxide (NO2)","212","12580","Baltimore-Columbia-Towson, MD","24","Maryland","005","Baltimore","39.371679","-76.746814"
"08/12/2025","AQS","240050009","4","15","ppb","14","Baltimore County Near Road","23","96.0000","42602","Nitrogen dioxide (NO2)","212","12580","Baltimore-Columbia-Towson, MD","24","Maryland","005","Baltimore","39.371679","-76.746814"
"08/13/2025","AQS","240050009","4","15.6","ppb","14","Baltimore County Near Road","23","96.0000","42602","Nitrogen dioxide (NO2)","212","12580","Baltimore-Columbia-Towson, MD","24","Maryland","005","Baltimore","39.371679","-76.746814"
"08/14/2025","AQS","240050009","4","18.5","ppb","17","Baltimore County Near Road","24","100.0000","42602","Nitrogen dioxide (NO2)","212","12580","Baltimore-Columbia-Towson, MD","24","Maryland","005","Baltimore","39.371679","-76.746814"
"08/15/2025","AQS","240050009","4","16.6","ppb","15","Baltimore County Near Road","23","96.0000","42602","Nitrogen dioxide (NO2)","212","12580","Baltimore-Columbia-Towson, MD","24","Maryland","005","Baltimore","39.371679","-76.746814"
"08/16/2025","AQS","240050009","4","9.5","ppb","8","Baltimore County Near Road","24","100.0000","42602","Nitrogen dioxide (NO2)","212","12580","Baltimore-Columbia-Towson, MD","24","Maryland","005","Baltimore","39.371679","-76.746814"
"08/17/2025","AQS","240050009","4","15.8","ppb","14","Baltimore County Near Road","24","100.0000","42602","Nitrogen dioxide (NO2)","212","12580","Baltimore-Columbia-Towson, MD","24","Maryland","005","Baltimore","39.371679","-76.746814"
"08/18/2025","AQS","240050009","4","9.4","ppb","8","Baltimore County Near Road","23","96.0000","42602","Nitrogen dioxide (NO2)","212","12580","Baltimore-Columbia-Towson, MD","24","Maryland","005","Baltimore","39.371679","-76.746814"
"08/19/2025","AQS","240050009","4","8.6","ppb","8","Baltimore County Near Road","23","96.0000","42602","Nitrogen dioxide (NO2)","212","12580","Baltimore-Columbia-Towson, MD","24","Maryland","005","Baltimore","39.371679","-76.746814"
"08/20/2025","AQS","240050009","4","7.1","ppb","7","Baltimore County Near Road","23","96.0000","42602","Nitrogen dioxide (NO2)","212","12580","Baltimore-Columbia-Towson, MD","24","Maryland","005","Baltimore","39.371679","-76.746814"
"08/21/2025","AQS","240050009","4","17.5","ppb","16","Baltimore County Near Road","21","88.0000","42602","Nitrogen dioxide (NO2)","212","12580","Baltimore-Columbia-Towson, MD","24","Maryland","005","Baltimore","39.371679","-76.746814"
"08/22/2025","AQS","240050009","4","29.5","ppb","27","Baltimore County Near Road","23","96.0000","42602","Nitrogen dioxide (NO2)","212","12580","Baltimore-Columbia-Towson, MD","24","Maryland","005","Baltimore","39.371679","-76.746814"
"08/23/2025","AQS","240050009","4","19","ppb","18","Baltimore County Near Road","24","100.0000","42602","Nitrogen dioxide (NO2)","212","12580","Baltimore-Columbia-Towson, MD","24","Maryland","005","Baltimore","39.371679","-76.746814"
"08/24/2025","AQS","240050009","4","13","ppb","12","Baltimore County Near Road","24","100.0000","42602","Nitrogen dioxide (NO2)","212","12580","Baltimore-Columbia-Towson, MD","24","Maryland","005","Baltimore","39.371679","-76.746814"
"08/25/2025","AQS","240050009","4","28","ppb","26","Baltimore County Near Road","23","96.0000","42602","Nitrogen dioxide (NO2)","212","12580","Baltimore-Columbia-Towson, MD","24","Maryland","005","Baltimore","39.371679","-76.746814"
"08/26/2025","AQS","240050009","4","25.5","ppb","24","Baltimore County Near Road","23","96.0000","42602","Nitrogen dioxide (NO2)","212","12580","Baltimore-Columbia-Towson, MD","24","Maryland","005","Baltimore","39.371679","-76.746814"
"08/27/2025","AQS","240050009","4","30.5","ppb","28","Baltimore County Near Road","23","96.0000","42602","Nitrogen dioxide (NO2)","212","12580","Baltimore-Columbia-Towson, MD","24","Maryland","005","Baltimore","39.371679","-76.746814"
"08/28/2025","AQS","240050009","4","31.5","ppb","29","Baltimore County Near Road","24","100.0000","42602","Nitrogen dioxide (NO2)","212","12580","Baltimore-Columbia-Towson, MD","24","Maryland","005","Baltimore","39.371679","-76.746814"
"08/29/2025","AQS","240050009","4","22","ppb","21","Baltimore County Near Road","23","96.0000","42602","Nitrogen dioxide (NO2)","212","12580","Baltimore-Columbia-Towson, MD","24","Maryland","005","Baltimore","39.371679","-76.746814"
"08/30/2025","AQS","240050009","4","21.7","ppb","20","Baltimore County Near Road","24","100.0000","42602","Nitrogen dioxide (NO2)","212","12580","Baltimore-Columbia-Towson, MD","24","Maryland","005","Baltimore","39.371679","-76.746814"
"08/31/2025","AQS","240050009","4","21.3","ppb","20","Baltimore County Near Road","24","100.0000","42602","Nitrogen dioxide (NO2)","212","12580","Baltimore-Columbia-Towson, MD","24","Maryland","005","Baltimore","39.371679","-76.746814"
"09/01/2025","AQS","240050009","4","15.7","ppb","14","Baltimore County Near Road","23","96.0000","42602","Nitrogen dioxide (NO2)","212","12580","Baltimore-Columbia-Towson, MD","24","Maryland","005","Baltimore","39.371679","-76.746814"
"09/02/2025","AQS","240050009","4","30.5","ppb","28","Baltimore County Near Road","23","96.0000","42602","Nitrogen dioxide (NO2)","212","12580","Baltimore-Columbia-Towson, MD","24","Maryland","005","Baltimore","39.371679","-76.746814"
"09/03/2025","AQS","240050009","4","19.6","ppb","18","Baltimore County Near Road","23","96.0000","42602","Nitrogen dioxide (NO2)","212","12580","Baltimore-Columbia-Towson, MD","24","Maryland","005","Baltimore","39.371679","-76.746814"
"09/04/2025","AQS","240050009","4","19.5","ppb","18","Baltimore County Near Road","24","100.0000","42602","Nitrogen dioxide (NO2)","212","12580","Baltimore-Columbia-Towson, MD","24","Maryland","005","Baltimore","39.371679","-76.746814"
"09/05/2025","AQS","240050009","4","16.3","ppb","15","Baltimore County Near Road","21","88.0000","42602","Nitrogen dioxide (NO2)","212","12580","Baltimore-Columbia-Towson, MD","24","Maryland","005","Baltimore","39.371679","-76.746814"
"09/06/2025","AQS","240050009","4","16.9","ppb","15","Baltimore County Near Road","24","100.0000","42602","Nitrogen dioxide (NO2)","212","12580","Baltimore-Columbia-Towson, MD","24","Maryland","005","Baltimore","39.371679","-76.746814"
"09/07/2025","AQS","240050009","4","20","ppb","19","Baltimore County Near Road","24","100.0000","42602","Nitrogen dioxide (NO2)","212","12580","Baltimore-Columbia-Towson, MD","24","Maryland","005","Baltimore","39.371679","-76.746814"
"09/08/2025","AQS","240050009","4","27.2","ppb","25","Baltimore County Near Road","21","88.0000","42602","Nitrogen dioxide (NO2)","212","12580","Baltimore-Columbia-Towson, MD","24","Maryland","005","Baltimore","39.371679","-76.746814"
"09/11/2025","AQS","240050009","4","29.2","ppb","27","Baltimore County Near Road","24","100.0000","42602","Nitrogen dioxide (NO2)","212","12580","Baltimore-Columbia-Towson, MD","24","Maryland","005","Baltimore","39.371679","-76.746814"
"09/12/2025","AQS","240050009","4","33.6","ppb","31","Baltimore County Near Road","21","88.0000","42602","Nitrogen dioxide (NO2)","212","12580","Baltimore-Columbia-Towson, MD","24","Maryland","005","Baltimore","39.371679","-76.746814"
"09/13/2025","AQS","240050009","4","17.7","ppb","16","Baltimore County Near Road","24","100.0000","42602","Nitrogen dioxide (NO2)","212","12580","Baltimore-Columbia-Towson, MD","24","Maryland","005","Baltimore","39.371679","-76.746814"
"09/14/2025","AQS","240050009","4","28.5","ppb","26","Baltimore County Near Road","24","100.0000","42602","Nitrogen dioxide (NO2)","212","12580","Baltimore-Columbia-Towson, MD","24","Maryland","005","Baltimore","39.371679","-76.746814"
"09/15/2025","AQS","240050009","4","22.7","ppb","21","Baltimore County Near Road","23","96.0000","42602","Nitrogen dioxide (NO2)","212","12580","Baltimore-Columbia-Towson, MD","24","Maryland","005","Baltimore","39.371679","-76.746814"
"09/16/2025","AQS","240050009","4","17.4","ppb","16","Baltimore County Near Road","23","96.0000","42602","Nitrogen dioxide (NO2)","212","12580","Baltimore-Columbia-Towson, MD","24","Maryland","005","Baltimore","39.371679","-76.746814"
"09/17/2025","AQS","240050009","4","13.8","ppb","12","Baltimore County Near Road","23","96.0000","42602","Nitrogen dioxide (NO2)","212","12580","Baltimore-Columbia-Towson, MD","24","Maryland","005","Baltimore","39.371679","-76.746814"
"09/18/2025","AQS","240050009","4","24.1","ppb","23","Baltimore County Near Road","24","100.0000","42602","Nitrogen dioxide (NO2)","212","12580","Baltimore-Columbia-Towson, MD","24","Maryland","005","Baltimore","39.371679","-76.746814"
"09/19/2025","AQS","240050009","4","31.4","ppb","29","Baltimore County Near Road","23","96.0000","42602","Nitrogen dioxide (NO2)","212","12580","Baltimore-Columbia-Towson, MD","24","Maryland","005","Baltimore","39.371679","-76.746814"
"09/20/2025","AQS","240050009","4","19","ppb","18","Baltimore County Near Road","24","100.0000","42602","Nitrogen dioxide (NO2)","212","12580","Baltimore-Columbia-Towson, MD","24","Maryland","005","Baltimore","39.371679","-76.746814"
"09/21/2025","AQS","240050009","4","4.7","ppb","4","Baltimore County Near Road","24","100.0000","42602","Nitrogen dioxide (NO2)","212","12580","Baltimore-Columbia-Towson, MD","24","Maryland","005","Baltimore","39.371679","-76.746814"
"09/23/2025","AQS","240050009","4","23.7","ppb","22","Baltimore County Near Road","23","96.0000","42602","Nitrogen dioxide (NO2)","212","12580","Baltimore-Columbia-Towson, MD","24","Maryland","005","Baltimore","39.371679","-76.746814"
"09/24/2025","AQS","240050009","4","21.6","ppb","20","Baltimore County Near Road","22","92.0000","42602","Nitrogen dioxide (NO2)","212","12580","Baltimore-Columbia-Towson, MD","24","Maryland","005","Baltimore","39.371679","-76.746814"
"09/25/2025","AQS","240050009","4","18.1","ppb","17","Baltimore County Near Road","24","100.0000","42602","Nitrogen dioxide (NO2)","212","12580","Baltimore-Columbia-Towson, MD","24","Maryland","005","Baltimore","39.371679","-76.746814"
"09/26/2025","AQS","240050009","4","30.7","ppb","28","Baltimore County Near Road","23","96.0000","42602","Nitrogen dioxide (NO2)","212","12580","Baltimore-Columbia-Towson, MD","24","Maryland","005","Baltimore","39.371679","-76.746814"
"09/27/2025","AQS","240050009","4","15.7","ppb","14","Baltimore County Near Road","24","100.0000","42602","Nitrogen dioxide (NO2)","212","12580","Baltimore-Columbia-Towson, MD","24","Maryland","005","Baltimore","39.371679","-76.746814"
"09/28/2025","AQS","240050009","4","26.1","ppb","25","Baltimore County Near Road","24","100.0000","42602","Nitrogen dioxide (NO2)","212","12580","Baltimore-Columbia-Towson, MD","24","Maryland","005","Baltimore","39.371679","-76.746814"
"09/29/2025","AQS","240050009","4","27.9","ppb","25","Baltimore County Near Road","23","96.0000","42602","Nitrogen dioxide (NO2)","212","12580","Baltimore-Columbia-Towson, MD","24","Maryland","005","Baltimore","39.371679","-76.746814"
"09/30/2025","AQS","240050009","4","28.8","ppb","26","Baltimore County Near Road","23","96.0000","42602","Nitrogen dioxide (NO2)","212","12580","Baltimore-Columbia-Towson, MD","24","Maryland","005","Baltimore","39.371679","-76.746814"
"01/01/2025","AQS","240053001","4","25.9","ppb","24","Essex","24","100.0000","42602","Nitrogen dioxide (NO2)","212","12580","Baltimore-Columbia-Towson, MD","24","Maryland","005","Baltimore","39.310833","-76.474444"
"01/02/2025","AQS","240053001","4","10.3","ppb","9","Essex","24","100.0000","42602","Nitrogen dioxide (NO2)","212","12580","Baltimore-Columbia-Towson, MD","24","Maryland","005","Baltimore","39.310833","-76.474444"
"01/03/2025","AQS","240053001","4","20.2","ppb","19","Essex","24","100.0000","42602","Nitrogen dioxide (NO2)","212","12580","Baltimore-Columbia-Towson, MD","24","Maryland","005","Baltimore","39.310833","-76.474444"
"01/04/2025","AQS","240053001","4","5.2","ppb","5","Essex","24","100.0000","42602","Nitrogen dioxide (NO2)","212","12580","Baltimore-Columbia-Towson, MD","24","Maryland","005","Baltimore","39.310833","-76.474444"
"01/05/2025","AQS","240053001","4","21.2","ppb","20","Essex","24","100.0000","42602","Nitrogen dioxide (NO2)","212","12580","Baltimore-Columbia-Towson, MD","24","Maryland","005","Baltimore","39.310833","-76.474444"
"01/06/2025","AQS","240053001","4","9.4","ppb","8","Essex","24","100.0000","42602","Nitrogen dioxide (NO2)","212","12580","Baltimore-Columbia-Towson, MD","24","Maryland","005","Baltimore","39.310833","-76.474444"
"01/07/2025","AQS","240053001","4","8","ppb","8","Essex","23","96.0000","42602","Nitrogen dioxide (NO2)","212","12580","Baltimore-Columbia-Towson, MD","24","Maryland","005","Baltimore","39.310833","-76.474444"
"01/08/2025","AQS","240053001","4","12","ppb","11","Essex","24","100.0000","42602","Nitrogen dioxide (NO2)","212","12580","Baltimore-Columbia-Towson, MD","24","Maryland","005","Baltimore","39.310833","-76.474444"
"01/09/2025","AQS","240053001","4","5.9","ppb","5","Essex","24","100.0000","42602","Nitrogen dioxide (NO2)","212","12580","Baltimore-Columbia-Towson, MD","24","Maryland","005","Baltimore","39.310833","-76.474444"
"01/10/2025","AQS","240053001","4","28.6","ppb","26","Essex","24","100.0000","42602","Nitrogen dioxide (NO2)","212","12580","Baltimore-Columbia-Towson, MD","24","Maryland","005","Baltimore","39.310833","-76.474444"
"01/11/2025","AQS","240053001","4","22.1","ppb","21","Essex","24","100.0000","42602","Nitrogen dioxide (NO2)","212","12580","Baltimore-Columbia-Towson, MD","24","Maryland","005","Baltimore","39.310833","-76.474444"
"01/12/2025","AQS","240053001","4","34.2","ppb","32","Essex","24","100.0000","42602","Nitrogen dioxide (NO2)","212","12580","Baltimore-Columbia-Towson, MD","24","Maryland","005","Baltimore","39.310833","-76.474444"
"01/13/2025","AQS","240053001","4","37.3","ppb","35","Essex","24","100.0000","42602","Nitrogen dioxide (NO2)","212","12580","Baltimore-Columbia-Towson, MD","24","Maryland","005","Baltimore","39.310833","-76.474444"
"01/14/2025","AQS","240053001","4","10.2","ppb","9","Essex","23","96.0000","42602","Nitrogen dioxide (NO2)","212","12580","Baltimore-Columbia-Towson, MD","24","Maryland","005","Baltimore","39.310833","-76.474444"
"01/15/2025","AQS","240053001","4","11.4","ppb","10","Essex","24","100.0000","42602","Nitrogen dioxide (NO2)","212","12580","Baltimore-Columbia-Towson, MD","24","Maryland","005","Baltimore","39.310833","-76.474444"
"01/16/2025","AQS","240053001","4","32","ppb","30","Essex","24","100.0000","42602","Nitrogen dioxide (NO2)","212","12580","Baltimore-Columbia-Towson, MD","24","Maryland","005","Baltimore","39.310833","-76.474444"
"01/17/2025","AQS","240053001","4","28.6","ppb","26","Essex","24","100.0000","42602","Nitrogen dioxide (NO2)","212","12580","Baltimore-Columbia-Towson, MD","24","Maryland","005","Baltimore","39.310833","-76.474444"
"01/18/2025","AQS","240053001","4","28.5","ppb","26","Essex","24","100.0000","42602","Nitrogen dioxide (NO2)","212","12580","Baltimore-Columbia-Towson, MD","24","Maryland","005","Baltimore","39.310833","-76.474444"
"01/19/2025","AQS","240053001","4","26","ppb","25","Essex","24","100.0000","42602","Nitrogen dioxide (NO2)","212","12580","Baltimore-Columbia-Towson, MD","24","Maryland","005","Baltimore","39.310833","-76.474444"
"01/20/2025","AQS","240053001","4","17.2","ppb","16","Essex","24","100.0000","42602","Nitrogen dioxide (NO2)","212","12580","Baltimore-Columbia-Towson, MD","24","Maryland","005","Baltimore","39.310833","-76.474444"
"01/21/2025","AQS","240053001","4","21.2","ppb","20","Essex","22","92.0000","42602","Nitrogen dioxide (NO2)","212","12580","Baltimore-Columbia-Towson, MD","24","Maryland","005","Baltimore","39.310833","-76.474444"
"01/22/2025","AQS","240053001","4","33.1","ppb","31","Essex","24","100.0000","42602","Nitrogen dioxide (NO2)","212","12580","Baltimore-Columbia-Towson, MD","24","Maryland","005","Baltimore","39.310833","-76.474444"
"01/23/2025","AQS","240053001","4","32.8","ppb","30","Essex","24","100.0000","42602","Nitrogen dioxide (NO2)","212","12580","Baltimore-Columbia-Towson, MD","24","Maryland","005","Baltimore","39.310833","-76.474444"
"01/24/2025","AQS","240053001","4","37.5","ppb","35","Essex","24","100.0000","42602","Nitrogen dioxide (NO2)","212","12580","Baltimore-Columbia-Towson, MD","24","Maryland","005","Baltimore","39.310833","-76.474444"
"01/25/2025","AQS","240053001","4","32.9","ppb","30","Essex","24","100.0000","42602","Nitrogen dioxide (NO2)","212","12580","Baltimore-Columbia-Towson, MD","24","Maryland","005","Baltimore","39.310833","-76.474444"
"01/26/2025","AQS","240053001","4","39.2","ppb","37","Essex","24","100.0000","42602","Nitrogen dioxide (NO2)","212","12580","Baltimore-Columbia-Towson, MD","24","Maryland","005","Baltimore","39.310833","-76.474444"
"01/27/2025","AQS","240053001","4","37.9","ppb","35","Essex","24","100.0000","42602","Nitrogen dioxide (NO2)","212","12580","Baltimore-Columbia-Towson, MD","24","Maryland","005","Baltimore","39.310833","-76.474444"
"01/28/2025","AQS","240053001","4","38.8","ppb","36","Essex","23","96.0000","42602","Nitrogen dioxide (NO2)","212","12580","Baltimore-Columbia-Towson, MD","24","Maryland","005","Baltimore","39.310833","-76.474444"
"01/29/2025","AQS","240053001","4","34.8","ppb","32","Essex","24","100.0000","42602","Nitrogen dioxide (NO2)","212","12580","Baltimore-Columbia-Towson, MD","24","Maryland","005","Baltimore","39.310833","-76.474444"
"01/30/2025","AQS","240053001","4","32.3","ppb","30","Essex","24","100.0000","42602","Nitrogen dioxide (NO2)","212","12580","Baltimore-Columbia-Towson, MD","24","Maryland","005","Baltimore","39.310833","-76.474444"
"01/31/2025","AQS","240053001","4","28.7","ppb","26","Essex","18","75.0000","42602","Nitrogen dioxide (NO2)","212","12580","Baltimore-Columbia-Towson, MD","24","Maryland","005","Baltimore","39.310833","-76.474444"
"02/01/2025","AQS","240053001","4","22","ppb","21","Essex","24","100.0000","42602","Nitrogen dioxide (NO2)","212","12580","Baltimore-Columbia-Towson, MD","24","Maryland","005","Baltimore","39.310833","-76.474444"
"02/02/2025","AQS","240053001","4","28.1","ppb","26","Essex","24","100.0000","42602","Nitrogen dioxide (NO2)","212","12580","Baltimore-Columbia-Towson, MD","24","Maryland","005","Baltimore","39.310833","-76.474444"
"02/03/2025","AQS","240053001","4","28","ppb","26","Essex","24","100.0000","42602","Nitrogen dioxide (NO2)","212","12580","Baltimore-Columbia-Towson, MD","24","Maryland","005","Baltimore","39.310833","-76.474444"
"02/04/2025","AQS","240053001","4","30.2","ppb","28","Essex","23","96.0000","42602","Nitrogen dioxide (NO2)","212","12580","Baltimore-Columbia-Towson, MD","24","Maryland","005","Baltimore","39.310833","-76.474444"
"02/05/2025","AQS","240053001","4","10","ppb","9","Essex","24","100.0000","42602","Nitrogen dioxide (NO2)","212","12580","Baltimore-Columbia-Towson, MD","24","Maryland","005","Baltimore","39.310833","-76.474444"
"02/06/2025","AQS","240053001","4","26.6","ppb","25","Essex","24","100.0000","42602","Nitrogen dioxide (NO2)","212","12580","Baltimore-Columbia-Towson, MD","24","Maryland","005","Baltimore","39.310833","-76.474444"
"02/07/2025","AQS","240053001","4","20.6","ppb","19","Essex","24","100.0000","42602","Nitrogen dioxide (NO2)","212","12580","Baltimore-Columbia-Towson, MD","24","Maryland","005","Baltimore","39.310833","-76.474444"
"02/08/2025","AQS","240053001","4","27.8","ppb","25","Essex","24","100.0000","42602","Nitrogen dioxide (NO2)","212","12580","Baltimore-Columbia-Towson, MD","24","Maryland","005","Baltimore","39.310833","-76.474444"
"02/09/2025","AQS","240053001","4","17.9","ppb","16","Essex","24","100.0000","42602","Nitrogen dioxide (NO2)","212","12580","Baltimore-Columbia-Towson, MD","24","Maryland","005","Baltimore","39.310833","-76.474444"
"02/10/2025","AQS","240053001","4","21.2","ppb","20","Essex","23","96.0000","42602","Nitrogen dioxide (NO2)","212","12580","Baltimore-Columbia-Towson, MD","24","Maryland","005","Baltimore","39.310833","-76.474444"
"02/11/2025","AQS","240053001","4","32.6","ppb","30","Essex","23","96.0000","42602","Nitrogen dioxide (NO2)","212","12580","Baltimore-Columbia-Towson, MD","24","Maryland","005","Baltimore","39.310833","-76.474444"
"02/12/2025","AQS","240053001","4","21.1","ppb","20","Essex","24","100.0000","42602","Nitrogen dioxide (NO2)","212","12580","Baltimore-Columbia-Towson, MD","24","Maryland","005","Baltimore","39.310833","-76.474444"
"02/13/2025","AQS","240053001","4","24","ppb","23","Essex","24","100.0000","42602","Nitrogen dioxide (NO2)","212","12580","Baltimore-Columbia-Towson, MD","24","Maryland","005","Baltimore","39.310833","-76.474444"
"02/14/2025","AQS","240053001","4","30.9","ppb","28","Essex","24","100.0000","42602","Nitrogen dioxide (NO2)","212","12580","Baltimore-Columbia-Towson, MD","24","Maryland","005","Baltimore","39.310833","-76.474444"
"02/15/2025","AQS","240053001","4","11.1","ppb","10","Essex","24","100.0000","42602","Nitrogen dioxide (NO2)","212","12580","Baltimore-Columbia-Towson, MD","24","Maryland","005","Baltimore","39.310833","-76.474444"
"02/16/2025","AQS","240053001","4","18.9","ppb","17","Essex","24","100.0000","42602","Nitrogen dioxide (NO2)","212","12580","Baltimore-Columbia-Towson, MD","24","Maryland","005","Baltimore","39.310833","-76.474444"
"02/17/2025","AQS","240053001","4","8.9","ppb","8","Essex","24","100.0000","42602","Nitrogen dioxide (NO2)","212","12580","Baltimore-Columbia-Towson, MD","24","Maryland","005","Baltimore","39.310833","-76.474444"
"02/18/2025","AQS","240053001","4","8.7","ppb","8","Essex","23","96.0000","42602","Nitrogen dioxide (NO2)","212","12580","Baltimore-Columbia-Towson, MD","24","Maryland","005","Baltimore","39.310833","-76.474444"
"02/19/2025","AQS","240053001","4","29.9","ppb","27","Essex","24","100.0000","42602","Nitrogen dioxide (NO2)","212","12580","Baltimore-Columbia-Towson, MD","24","Maryland","005","Baltimore","39.310833","-76.474444"
"02/20/2025","AQS","240053001","4","16.2","ppb","15","Essex","24","100.0000","42602","Nitrogen dioxide (NO2)","212","12580","Baltimore-Columbia-Towson, MD","24","Maryland","005","Baltimore","39.310833","-76.474444"
"02/21/2025","AQS","240053001","4","11.6","ppb","10","Essex","24","100.0000","42602","Nitrogen dioxide (NO2)","212","12580","Baltimore-Columbia-Towson, MD","24","Maryland","005","Baltimore","39.310833","-76.474444"
"02/22/2025","AQS","240053001","4","36","ppb","34","Essex","24","100.0000","42602","Nitrogen dioxide (NO2)","212","12580","Baltimore-Columbia-Towson, MD","24","Maryland","005","Baltimore","39.310833","-76.474444"
"02/23/2025","AQS","240053001","4","56.5","ppb","53","Essex","24","100.0000","42602","Nitrogen dioxide (NO2)","212","12580","Baltimore-Columbia-Towson, MD","24","Maryland","005","Baltimore","39.310833","-76.474444"
"02/24/2025","AQS","240053001","4","35.5","ppb","33","Essex","24","100.0000","42602","Nitrogen dioxide (NO2)","212","12580","Baltimore-Columbia-Towson, MD","24","Maryland","005","Baltimore","39.310833","-76.474444"
"02/25/2025","AQS","240053001","4","37.5","ppb","35","Essex","23","96.0000","42602","Nitrogen dioxide (NO2)","212","12580","Baltimore-Columbia-Towson, MD","24","Maryland","005","Baltimore","39.310833","-76.474444"
"02/26/2025","AQS","240053001","4","36.8","ppb","34","Essex","24","100.0000","42602","Nitrogen dioxide (NO2)","212","12580","Baltimore-Columbia-Towson, MD","24","Maryland","005","Baltimore","39.310833","-76.474444"
"02/27/2025","AQS","240053001","4","38.6","ppb","36","Essex","23","96.0000","42602","Nitrogen dioxide (NO2)","212","12580","Baltimore-Columbia-Towson, MD","24","Maryland","005","Baltimore","39.310833","-76.474444"
"02/28/2025","AQS","240053001","4","29","ppb","27","Essex","24","100.0000","42602","Nitrogen dioxide (NO2)","212","12580","Baltimore-Columbia-Towson, MD","24","Maryland","005","Baltimore","39.310833","-76.474444"
"03/01/2025","AQS","240053001","4","29.2","ppb","27","Essex","24","100.0000","42602","Nitrogen dioxide (NO2)","212","12580","Baltimore-Columbia-Towson, MD","24","Maryland","005","Baltimore","39.310833","-76.474444"
"03/02/2025","AQS","240053001","4","29.1","ppb","27","Essex","24","100.0000","42602","Nitrogen dioxide (NO2)","212","12580","Baltimore-Columbia-Towson, MD","24","Maryland","005","Baltimore","39.310833","-76.474444"
"03/03/2025","AQS","240053001","4","34.8","ppb","32","Essex","24","100.0000","42602","Nitrogen dioxide (NO2)","212","12580","Baltimore-Columbia-Towson, MD","24","Maryland","005","Baltimore","39.310833","-76.474444"
"03/04/2025","AQS","240053001","4","35.7","ppb","33","Essex","23","96.0000","42602","Nitrogen dioxide (NO2)","212","12580","Baltimore-Columbia-Towson, MD","24","Maryland","005","Baltimore","39.310833","-76.474444"
"03/05/2025","AQS","240053001","4","11.4","ppb","10","Essex","19","79.0000","42602","Nitrogen dioxide (NO2)","212","12580","Baltimore-Columbia-Towson, MD","24","Maryland","005","Baltimore","39.310833","-76.474444"
"03/06/2025","AQS","240053001","4","22.3","ppb","21","Essex","24","100.0000","42602","Nitrogen dioxide (NO2)","212","12580","Baltimore-Columbia-Towson, MD","24","Maryland","005","Baltimore","39.310833","-76.474444"
"03/07/2025","AQS","240053001","4","15.7","ppb","14","Essex","24","100.0000","42602","Nitrogen dioxide (NO2)","212","12580","Baltimore-Columbia-Towson, MD","24","Maryland","005","Baltimore","39.310833","-76.474444"
"03/08/2025","AQS","240053001","4","20.3","ppb","19","Essex","24","100.0000","42602","Nitrogen dioxide (NO2)","212","12580","Baltimore-Columbia-Towson, MD","24","Maryland","005","Baltimore","39.310833","-76.474444"
"03/09/2025","AQS","240053001","4","34.1","ppb","32","Essex","24","100.0000","42602","Nitrogen dioxide (NO2)","212","12580","Baltimore-Columbia-Towson, MD","24","Maryland","005","Baltimore","39.310833","-76.474444"
"03/10/2025","AQS","240053001","4","40.3","ppb","38","Essex","24","100.0000","42602","Nitrogen dioxide (NO2)","212","12580","Baltimore-Columbia-Towson, MD","24","Maryland","005","Baltimore","39.310833","-76.474444"
"03/11/2025","AQS","240053001","4","35.7","ppb","33","Essex","23","96.0000","42602","Nitrogen dioxide (NO2)","212","12580","Baltimore-Columbia-Towson, MD","24","Maryland","005","Baltimore","39.310833","-76.474444"
"03/12/2025","AQS","240053001","4","38.2","ppb","36","Essex","24","100.0000","42602","Nitrogen dioxide (NO2)","212","12580","Baltimore-Columbia-Towson, MD","24","Maryland","005","Baltimore","39.310833","-76.474444"
"03/13/2025","AQS","240053001","4","22.7","ppb","21","Essex","24","100.0000","42602","Nitrogen dioxide (NO2)","212","12580","Baltimore-Columbia-Towson, MD","24","Maryland","005","Baltimore","39.310833","-76.474444"
"03/14/2025","AQS","240053001","4","19","ppb","18","Essex","24","100.0000","42602","Nitrogen dioxide (NO2)","212","12580","Baltimore-Columbia-Towson, MD","24","Maryland","005","Baltimore","39.310833","-76.474444"
"03/15/2025","AQS","240053001","4","14.6","ppb","13","Essex","24","100.0000","42602","Nitrogen dioxide (NO2)","212","12580","Baltimore-Columbia-Towson, MD","24","Maryland","005","Baltimore","39.310833","-76.474444"
"03/16/2025","AQS","240053001","4","8.6","ppb","8","Essex","24","100.0000","42602","Nitrogen dioxide (NO2)","212","12580","Baltimore-Columbia-Towson, MD","24","Maryland","005","Baltimore","39.310833","-76.474444"
"03/17/2025","AQS","240053001","4","25","ppb","24","Essex","23","96.0000","42602","Nitrogen dioxide (NO2)","212","12580","Baltimore-Columbia-Towson, MD","24","Maryland","005","Baltimore","39.310833","-76.474444"
"03/18/2025","AQS","240053001","4","33.5","ppb","31","Essex","23","96.0000","42602","Nitrogen dioxide (NO2)","212","12580","Baltimore-Columbia-Towson, MD","24","Maryland","005","Baltimore","39.310833","-76.474444"
"03/19/2025","AQS","240053001","4","30.9","ppb","28","Essex","24","100.0000","42602","Nitrogen dioxide (NO2)","212","12580","Baltimore-Columbia-Towson, MD","24","Maryland","005","Baltimore","39.310833","-76.474444"
"03/20/2025","AQS","240053001","4","15","ppb","14","Essex","24","100.0000","42602","Nitrogen dioxide (NO2)","212","12580","Baltimore-Columbia-Towson, MD","24","Maryland","005","Baltimore","39.310833","-76.474444"
"03/21/2025","AQS","240053001","4","36.1","ppb","34","Essex","24","100.0000","42602","Nitrogen dioxide (NO2)","212","12580","Baltimore-Columbia-Towson, MD","24","Maryland","005","Baltimore","39.310833","-76.474444"
"03/22/2025","AQS","240053001","4","34.6","ppb","32","Essex","24","100.0000","42602","Nitrogen dioxide (NO2)","212","12580","Baltimore-Columbia-Towson, MD","24","Maryland","005","Baltimore","39.310833","-76.474444"
"03/23/2025","AQS","240053001","4","10.4","ppb","9","Essex","24","100.0000","42602","Nitrogen dioxide (NO2)","212","12580","Baltimore-Columbia-Towson, MD","24","Maryland","005","Baltimore","39.310833","-76.474444"
"03/24/2025","AQS","240053001","4","23.1","ppb","22","Essex","24","100.0000","42602","Nitrogen dioxide (NO2)","212","12580","Baltimore-Columbia-Towson, MD","24","Maryland","005","Baltimore","39.310833","-76.474444"
"03/25/2025","AQS","240053001","4","26.4","ppb","25","Essex","23","96.0000","42602","Nitrogen dioxide (NO2)","212","12580","Baltimore-Columbia-Towson, MD","24","Maryland","005","Baltimore","39.310833","-76.474444"
"03/26/2025","AQS","240053001","4","29.3","ppb","27","Essex","24","100.0000","42602","Nitrogen dioxide (NO2)","212","12580","Baltimore-Columbia-Towson, MD","24","Maryland","005","Baltimore","39.310833","-76.474444"
"03/27/2025","AQS","240053001","4","35.6","ppb","33","Essex","24","100.0000","42602","Nitrogen dioxide (NO2)","212","12580","Baltimore-Columbia-Towson, MD","24","Maryland","005","Baltimore","39.310833","-76.474444"
"03/28/2025","AQS","240053001","4","38.9","ppb","36","Essex","23","96.0000","42602","Nitrogen dioxide (NO2)","212","12580","Baltimore-Columbia-Towson, MD","24","Maryland","005","Baltimore","39.310833","-76.474444"
"03/29/2025","AQS","240053001","4","29.3","ppb","27","Essex","24","100.0000","42602","Nitrogen dioxide (NO2)","212","12580","Baltimore-Columbia-Towson, MD","24","Maryland","005","Baltimore","39.310833","-76.474444"
"03/30/2025","AQS","240053001","4","25","ppb","24","Essex","24","100.0000","42602","Nitrogen dioxide (NO2)","212","12580","Baltimore-Columbia-Towson, MD","24","Maryland","005","Baltimore","39.310833","-76.474444"
"03/31/2025","AQS","240053001","4","11.7","ppb","10","Essex","23","96.0000","42602","Nitrogen dioxide (NO2)","212","12580","Baltimore-Columbia-Towson, MD","24","Maryland","005","Baltimore","39.310833","-76.474444"
"04/01/2025","AQS","240053001","4","30.7","ppb","28","Essex","23","96.0000","42602","Nitrogen dioxide (NO2)","212","12580","Baltimore-Columbia-Towson, MD","24","Maryland","005","Baltimore","39.310833","-76.474444"
"04/02/2025","AQS","240053001","4","21.2","ppb","20","Essex","24","100.0000","42602","Nitrogen dioxide (NO2)","212","12580","Baltimore-Columbia-Towson, MD","24","Maryland","005","Baltimore","39.310833","-76.474444"
"04/03/2025","AQS","240053001","4","28.1","ppb","26","Essex","24","100.0000","42602","Nitrogen dioxide (NO2)","212","12580","Baltimore-Columbia-Towson, MD","24","Maryland","005","Baltimore","39.310833","-76.474444"
"04/04/2025","AQS","240053001","4","19.4","ppb","18","Essex","24","100.0000","42602","Nitrogen dioxide (NO2)","212","12580","Baltimore-Columbia-Towson, MD","24","Maryland","005","Baltimore","39.310833","-76.474444"
"04/05/2025","AQS","240053001","4","9.6","ppb","8","Essex","24","100.0000","42602","Nitrogen dioxide (NO2)","212","12580","Baltimore-Columbia-Towson, MD","24","Maryland","005","Baltimore","39.310833","-76.474444"
"04/06/2025","AQS","240053001","4","10.1","ppb","9","Essex","24","100.0000","42602","Nitrogen dioxide (NO2)","212","12580","Baltimore-Columbia-Towson, MD","24","Maryland","005","Baltimore","39.310833","-76.474444"
"04/07/2025","AQS","240053001","4","13.9","ppb","12","Essex","24","100.0000","42602","Nitrogen dioxide (NO2)","212","12580","Baltimore-Columbia-Towson, MD","24","Maryland","005","Baltimore","39.310833","-76.474444"
"04/08/2025","AQS","240053001","4","21.9","ppb","20","Essex","23","96.0000","42602","Nitrogen dioxide (NO2)","212","12580","Baltimore-Columbia-Towson, MD","24","Maryland","005","Baltimore","39.310833","-76.474444"
"04/09/2025","AQS","240053001","4","34.6","ppb","32","Essex","24","100.0000","42602","Nitrogen dioxide (NO2)","212","12580","Baltimore-Columbia-Towson, MD","24","Maryland","005","Baltimore","39.310833","-76.474444"
"04/10/2025","AQS","240053001","4","11.8","ppb","10","Essex","24","100.0000","42602","Nitrogen dioxide (NO2)","212","12580","Baltimore-Columbia-Towson, MD","24","Maryland","005","Baltimore","39.310833","-76.474444"
"04/11/2025","AQS","240053001","4","8.2","ppb","8","Essex","24","100.0000","42602","Nitrogen dioxide (NO2)","212","12580","Baltimore-Columbia-Towson, MD","24","Maryland","005","Baltimore","39.310833","-76.474444"
"04/12/2025","AQS","240053001","4","5.8","ppb","5","Essex","24","100.0000","42602","Nitrogen dioxide (NO2)","212","12580","Baltimore-Columbia-Towson, MD","24","Maryland","005","Baltimore","39.310833","-76.474444"
"04/13/2025","AQS","240053001","4","22.2","ppb","21","Essex","24","100.0000","42602","Nitrogen dioxide (NO2)","212","12580","Baltimore-Columbia-Towson, MD","24","Maryland","005","Baltimore","39.310833","-76.474444"
"04/14/2025","AQS","240053001","4","25.1","ppb","24","Essex","24","100.0000","42602","Nitrogen dioxide (NO2)","212","12580","Baltimore-Columbia-Towson, MD","24","Maryland","005","Baltimore","39.310833","-76.474444"
"04/15/2025","AQS","240053001","4","26.3","ppb","25","Essex","23","96.0000","42602","Nitrogen dioxide (NO2)","212","12580","Baltimore-Columbia-Towson, MD","24","Maryland","005","Baltimore","39.310833","-76.474444"
"04/16/2025","AQS","240053001","4","6.6","ppb","6","Essex","24","100.0000","42602","Nitrogen dioxide (NO2)","212","12580","Baltimore-Columbia-Towson, MD","24","Maryland","005","Baltimore","39.310833","-76.474444"
"04/17/2025","AQS","240053001","4","25.2","ppb","24","Essex","23","96.0000","42602","Nitrogen dioxide (NO2)","212","12580","Baltimore-Columbia-Towson, MD","24","Maryland","005","Baltimore","39.310833","-76.474444"
"04/18/2025","AQS","240053001","4","30.6","ppb","28","Essex","24","100.0000","42602","Nitrogen dioxide (NO2)","212","12580","Baltimore-Columbia-Towson, MD","24","Maryland","005","Baltimore","39.310833","-76.474444"
"04/19/2025","AQS","240053001","4","13.2","ppb","12","Essex","24","100.0000","42602","Nitrogen dioxide (NO2)","212","12580","Baltimore-Columbia-Towson, MD","24","Maryland","005","Baltimore","39.310833","-76.474444"
"04/20/2025","AQS","240053001","4","17.1","ppb","16","Essex","24","100.0000","42602","Nitrogen dioxide (NO2)","212","12580","Baltimore-Columbia-Towson, MD","24","Maryland","005","Baltimore","39.310833","-76.474444"
"04/21/2025","AQS","240053001","4","7.1","ppb","7","Essex","24","100.0000","42602","Nitrogen dioxide (NO2)","212","12580","Baltimore-Columbia-Towson, MD","24","Maryland","005","Baltimore","39.310833","-76.474444"
"04/22/2025","AQS","240053001","4","24","ppb","23","Essex","23","96.0000","42602","Nitrogen dioxide (NO2)","212","12580","Baltimore-Columbia-Towson, MD","24","Maryland","005","Baltimore","39.310833","-76.474444"
"04/23/2025","AQS","240053001","4","23.8","ppb","22","Essex","24","100.0000","42602","Nitrogen dioxide (NO2)","212","12580","Baltimore-Columbia-Towson, MD","24","Maryland","005","Baltimore","39.310833","-76.474444"
"04/24/2025","AQS","240053001","4","25.5","ppb","24","Essex","24","100.0000","42602","Nitrogen dioxide (NO2)","212","12580","Baltimore-Columbia-Towson, MD","24","Maryland","005","Baltimore","39.310833","-76.474444"
"04/25/2025","AQS","240053001","4","26.6","ppb","25","Essex","23","96.0000","42602","Nitrogen dioxide (NO2)","212","12580","Baltimore-Columbia-Towson, MD","24","Maryland","005","Baltimore","39.310833","-76.474444"
"04/26/2025","AQS","240053001","4","9.2","ppb","8","Essex","24","100.0000","42602","Nitrogen dioxide (NO2)","212","12580","Baltimore-Columbia-Towson, MD","24","Maryland","005","Baltimore","39.310833","-76.474444"
"04/27/2025","AQS","240053001","4","24.7","ppb","23","Essex","24","100.0000","42602","Nitrogen dioxide (NO2)","212","12580","Baltimore-Columbia-Towson, MD","24","Maryland","005","Baltimore","39.310833","-76.474444"
"04/28/2025","AQS","240053001","4","24.8","ppb","23","Essex","24","100.0000","42602","Nitrogen dioxide (NO2)","212","12580","Baltimore-Columbia-Towson, MD","24","Maryland","005","Baltimore","39.310833","-76.474444"
"04/29/2025","AQS","240053001","4","13.6","ppb","12","Essex","23","96.0000","42602","Nitrogen dioxide (NO2)","212","12580","Baltimore-Columbia-Towson, MD","24","Maryland","005","Baltimore","39.310833","-76.474444"
"04/30/2025","AQS","240053001","4","16.8","ppb","15","Essex","24","100.0000","42602","Nitrogen dioxide (NO2)","212","12580","Baltimore-Columbia-Towson, MD","24","Maryland","005","Baltimore","39.310833","-76.474444"
"05/01/2025","AQS","240053001","4","16","ppb","15","Essex","24","100.0000","42602","Nitrogen dioxide (NO2)","212","12580","Baltimore-Columbia-Towson, MD","24","Maryland","005","Baltimore","39.310833","-76.474444"
"05/02/2025","AQS","240053001","4","19.5","ppb","18","Essex","24","100.0000","42602","Nitrogen dioxide (NO2)","212","12580","Baltimore-Columbia-Towson, MD","24","Maryland","005","Baltimore","39.310833","-76.474444"
"05/03/2025","AQS","240053001","4","15.6","ppb","14","Essex","24","100.0000","42602","Nitrogen dioxide (NO2)","212","12580","Baltimore-Columbia-Towson, MD","24","Maryland","005","Baltimore","39.310833","-76.474444"
"05/04/2025","AQS","240053001","4","11.4","ppb","10","Essex","24","100.0000","42602","Nitrogen dioxide (NO2)","212","12580","Baltimore-Columbia-Towson, MD","24","Maryland","005","Baltimore","39.310833","-76.474444"
"05/05/2025","AQS","240053001","4","5.5","ppb","5","Essex","23","96.0000","42602","Nitrogen dioxide (NO2)","212","12580","Baltimore-Columbia-Towson, MD","24","Maryland","005","Baltimore","39.310833","-76.474444"
"05/06/2025","AQS","240053001","4","18.1","ppb","17","Essex","23","96.0000","42602","Nitrogen dioxide (NO2)","212","12580","Baltimore-Columbia-Towson, MD","24","Maryland","005","Baltimore","39.310833","-76.474444"
"05/07/2025","AQS","240053001","4","22.6","ppb","21","Essex","24","100.0000","42602","Nitrogen dioxide (NO2)","212","12580","Baltimore-Columbia-Towson, MD","24","Maryland","005","Baltimore","39.310833","-76.474444"
"05/08/2025","AQS","240053001","4","22.8","ppb","21","Essex","24","100.0000","42602","Nitrogen dioxide (NO2)","212","12580","Baltimore-Columbia-Towson, MD","24","Maryland","005","Baltimore","39.310833","-76.474444"
"05/09/2025","AQS","240053001","4","6","ppb","6","Essex","24","100.0000","42602","Nitrogen dioxide (NO2)","212","12580","Baltimore-Columbia-Towson, MD","24","Maryland","005","Baltimore","39.310833","-76.474444"
"05/10/2025","AQS","240053001","4","23","ppb","22","Essex","24","100.0000","42602","Nitrogen dioxide (NO2)","212","12580","Baltimore-Columbia-Towson, MD","24","Maryland","005","Baltimore","39.310833","-76.474444"
"05/11/2025","AQS","240053001","4","20.3","ppb","19","Essex","24","100.0000","42602","Nitrogen dioxide (NO2)","212","12580","Baltimore-Columbia-Towson, MD","24","Maryland","005","Baltimore","39.310833","-76.474444"
"05/12/2025","AQS","240053001","4","19","ppb","18","Essex","24","100.0000","42602","Nitrogen dioxide (NO2)","212","12580","Baltimore-Columbia-Towson, MD","24","Maryland","005","Baltimore","39.310833","-76.474444"
"05/13/2025","AQS","240053001","4","4.3","ppb","4","Essex","22","92.0000","42602","Nitrogen dioxide (NO2)","212","12580","Baltimore-Columbia-Towson, MD","24","Maryland","005","Baltimore","39.310833","-76.474444"
"05/14/2025","AQS","240053001","4","5","ppb","5","Essex","24","100.0000","42602","Nitrogen dioxide (NO2)","212","12580","Baltimore-Columbia-Towson, MD","24","Maryland","005","Baltimore","39.310833","-76.474444"
"05/15/2025","AQS","240053001","4","13.6","ppb","12","Essex","24","100.0000","42602","Nitrogen dioxide (NO2)","212","12580","Baltimore-Columbia-Towson, MD","24","Maryland","005","Baltimore","39.310833","-76.474444"
"05/16/2025","AQS","240053001","4","15.5","ppb","14","Essex","21","88.0000","42602","Nitrogen dioxide (NO2)","212","12580","Baltimore-Columbia-Towson, MD","24","Maryland","005","Baltimore","39.310833","-76.474444"
"05/17/2025","AQS","240053001","4","15.2","ppb","14","Essex","24","100.0000","42602","Nitrogen dioxide (NO2)","212","12580","Baltimore-Columbia-Towson, MD","24","Maryland","005","Baltimore","39.310833","-76.474444"
"05/18/2025","AQS","240053001","4","2.5","ppb","2","Essex","24","100.0000","42602","Nitrogen dioxide (NO2)","212","12580","Baltimore-Columbia-Towson, MD","24","Maryland","005","Baltimore","39.310833","-76.474444"
"05/19/2025","AQS","240053001","4","7.7","ppb","7","Essex","24","100.0000","42602","Nitrogen dioxide (NO2)","212","12580","Baltimore-Columbia-Towson, MD","24","Maryland","005","Baltimore","39.310833","-76.474444"
"05/20/2025","AQS","240053001","4","8.9","ppb","8","Essex","23","96.0000","42602","Nitrogen dioxide (NO2)","212","12580","Baltimore-Columbia-Towson, MD","24","Maryland","005","Baltimore","39.310833","-76.474444"
"05/21/2025","AQS","240053001","4","3.8","ppb","3","Essex","24","100.0000","42602","Nitrogen dioxide (NO2)","212","12580","Baltimore-Columbia-Towson, MD","24","Maryland","005","Baltimore","39.310833","-76.474444"
"05/22/2025","AQS","240053001","4","9.2","ppb","8","Essex","24","100.0000","42602","Nitrogen dioxide (NO2)","212","12580","Baltimore-Columbia-Towson, MD","24","Maryland","005","Baltimore","39.310833","-76.474444"
"05/23/2025","AQS","240053001","4","13.3","ppb","12","Essex","24","100.0000","42602","Nitrogen dioxide (NO2)","212","12580","Baltimore-Columbia-Towson, MD","24","Maryland","005","Baltimore","39.310833","-76.474444"
"05/24/2025","AQS","240053001","4","14.7","ppb","13","Essex","24","100.0000","42602","Nitrogen dioxide (NO2)","212","12580","Baltimore-Columbia-Towson, MD","24","Maryland","005","Baltimore","39.310833","-76.474444"
"05/25/2025","AQS","240053001","4","8.7","ppb","8","Essex","24","100.0000","42602","Nitrogen dioxide (NO2)","212","12580","Baltimore-Columbia-Towson, MD","24","Maryland","005","Baltimore","39.310833","-76.474444"
"05/26/2025","AQS","240053001","4","28.2","ppb","26","Essex","24","100.0000","42602","Nitrogen dioxide (NO2)","212","12580","Baltimore-Columbia-Towson, MD","24","Maryland","005","Baltimore","39.310833","-76.474444"
"05/27/2025","AQS","240053001","4","26.1","ppb","25","Essex","23","96.0000","42602","Nitrogen dioxide (NO2)","212","12580","Baltimore-Columbia-Towson, MD","24","Maryland","005","Baltimore","39.310833","-76.474444"
"05/28/2025","AQS","240053001","4","6.1","ppb","6","Essex","24","100.0000","42602","Nitrogen dioxide (NO2)","212","12580","Baltimore-Columbia-Towson, MD","24","Maryland","005","Baltimore","39.310833","-76.474444"
"05/29/2025","AQS","240053001","4","10.3","ppb","9","Essex","24","100.0000","42602","Nitrogen dioxide (NO2)","212","12580","Baltimore-Columbia-Towson, MD","24","Maryland","005","Baltimore","39.310833","-76.474444"
"05/30/2025","AQS","240053001","4","15.9","ppb","14","Essex","24","100.0000","42602","Nitrogen dioxide (NO2)","212","12580","Baltimore-Columbia-Towson, MD","24","Maryland","005","Baltimore","39.310833","-76.474444"
"05/31/2025","AQS","240053001","4","11.3","ppb","10","Essex","24","100.0000","42602","Nitrogen dioxide (NO2)","212","12580","Baltimore-Columbia-Towson, MD","24","Maryland","005","Baltimore","39.310833","-76.474444"
"06/01/2025","AQS","240053001","4","17.6","ppb","16","Essex","24","100.0000","42602","Nitrogen dioxide (NO2)","212","12580","Baltimore-Columbia-Towson, MD","24","Maryland","005","Baltimore","39.310833","-76.474444"
"06/02/2025","AQS","240053001","4","23.2","ppb","22","Essex","24","100.0000","42602","Nitrogen dioxide (NO2)","212","12580","Baltimore-Columbia-Towson, MD","24","Maryland","005","Baltimore","39.310833","-76.474444"
"06/03/2025","AQS","240053001","4","29.1","ppb","27","Essex","23","96.0000","42602","Nitrogen dioxide (NO2)","212","12580","Baltimore-Columbia-Towson, MD","24","Maryland","005","Baltimore","39.310833","-76.474444"
"06/04/2025","AQS","240053001","4","28.2","ppb","26","Essex","24","100.0000","42602","Nitrogen dioxide (NO2)","212","12580","Baltimore-Columbia-Towson, MD","24","Maryland","005","Baltimore","39.310833","-76.474444"
"06/05/2025","AQS","240053001","4","16.7","ppb","15","Essex","24","100.0000","42602","Nitrogen dioxide (NO2)","212","12580","Baltimore-Columbia-Towson, MD","24","Maryland","005","Baltimore","39.310833","-76.474444"
"06/06/2025","AQS","240053001","4","14.2","ppb","13","Essex","23","96.0000","42602","Nitrogen dioxide (NO2)","212","12580","Baltimore-Columbia-Towson, MD","24","Maryland","005","Baltimore","39.310833","-76.474444"
"06/07/2025","AQS","240053001","4","18.2","ppb","17","Essex","24","100.0000","42602","Nitrogen dioxide (NO2)","212","12580","Baltimore-Columbia-Towson, MD","24","Maryland","005","Baltimore","39.310833","-76.474444"
"06/08/2025","AQS","240053001","4","17","ppb","16","Essex","24","100.0000","42602","Nitrogen dioxide (NO2)","212","12580","Baltimore-Columbia-Towson, MD","24","Maryland","005","Baltimore","39.310833","-76.474444"
"06/09/2025","AQS","240053001","4","4.4","ppb","4","Essex","24","100.0000","42602","Nitrogen dioxide (NO2)","212","12580","Baltimore-Columbia-Towson, MD","24","Maryland","005","Baltimore","39.310833","-76.474444"
"06/11/2025","AQS","240053001","4","22.6","ppb","21","Essex","24","100.0000","42602","Nitrogen dioxide (NO2)","212","12580","Baltimore-Columbia-Towson, MD","24","Maryland","005","Baltimore","39.310833","-76.474444"
"06/12/2025","AQS","240053001","4","29.8","ppb","27","Essex","24","100.0000","42602","Nitrogen dioxide (NO2)","212","12580","Baltimore-Columbia-Towson, MD","24","Maryland","005","Baltimore","39.310833","-76.474444"
"06/13/2025","AQS","240053001","4","19.2","ppb","18","Essex","24","100.0000","42602","Nitrogen dioxide (NO2)","212","12580","Baltimore-Columbia-Towson, MD","24","Maryland","005","Baltimore","39.310833","-76.474444"
"06/14/2025","AQS","240053001","4","5.8","ppb","5","Essex","24","100.0000","42602","Nitrogen dioxide (NO2)","212","12580","Baltimore-Columbia-Towson, MD","24","Maryland","005","Baltimore","39.310833","-76.474444"
"06/15/2025","AQS","240053001","4","3.1","ppb","3","Essex","24","100.0000","42602","Nitrogen dioxide (NO2)","212","12580","Baltimore-Columbia-Towson, MD","24","Maryland","005","Baltimore","39.310833","-76.474444"
"06/16/2025","AQS","240053001","4","7.1","ppb","7","Essex","24","100.0000","42602","Nitrogen dioxide (NO2)","212","12580","Baltimore-Columbia-Towson, MD","24","Maryland","005","Baltimore","39.310833","-76.474444"
"06/17/2025","AQS","240053001","4","5.3","ppb","5","Essex","23","96.0000","42602","Nitrogen dioxide (NO2)","212","12580","Baltimore-Columbia-Towson, MD","24","Maryland","005","Baltimore","39.310833","-76.474444"
"06/18/2025","AQS","240053001","4","19.6","ppb","18","Essex","24","100.0000","42602","Nitrogen dioxide (NO2)","212","12580","Baltimore-Columbia-Towson, MD","24","Maryland","005","Baltimore","39.310833","-76.474444"
"06/19/2025","AQS","240053001","4","19.9","ppb","18","Essex","24","100.0000","42602","Nitrogen dioxide (NO2)","212","12580","Baltimore-Columbia-Towson, MD","24","Maryland","005","Baltimore","39.310833","-76.474444"
"06/20/2025","AQS","240053001","4","25.3","ppb","24","Essex","24","100.0000","42602","Nitrogen dioxide (NO2)","212","12580","Baltimore-Columbia-Towson, MD","24","Maryland","005","Baltimore","39.310833","-76.474444"
"06/21/2025","AQS","240053001","4","19.3","ppb","18","Essex","24","100.0000","42602","Nitrogen dioxide (NO2)","212","12580","Baltimore-Columbia-Towson, MD","24","Maryland","005","Baltimore","39.310833","-76.474444"
"06/22/2025","AQS","240053001","4","10.9","ppb","9","Essex","24","100.0000","42602","Nitrogen dioxide (NO2)","212","12580","Baltimore-Columbia-Towson, MD","24","Maryland","005","Baltimore","39.310833","-76.474444"
"06/23/2025","AQS","240053001","4","25.3","ppb","24","Essex","24","100.0000","42602","Nitrogen dioxide (NO2)","212","12580","Baltimore-Columbia-Towson, MD","24","Maryland","005","Baltimore","39.310833","-76.474444"
"06/24/2025","AQS","240053001","4","15.7","ppb","14","Essex","23","96.0000","42602","Nitrogen dioxide (NO2)","212","12580","Baltimore-Columbia-Towson, MD","24","Maryland","005","Baltimore","39.310833","-76.474444"
"06/25/2025","AQS","240053001","4","24.4","ppb","23","Essex","24","100.0000","42602","Nitrogen dioxide (NO2)","212","12580","Baltimore-Columbia-Towson, MD","24","Maryland","005","Baltimore","39.310833","-76.474444"
"06/26/2025","AQS","240053001","4","15.9","ppb","14","Essex","24","100.0000","42602","Nitrogen dioxide (NO2)","212","12580","Baltimore-Columbia-Towson, MD","24","Maryland","005","Baltimore","39.310833","-76.474444"
"06/27/2025","AQS","240053001","4","4.1","ppb","4","Essex","24","100.0000","42602","Nitrogen dioxide (NO2)","212","12580","Baltimore-Columbia-Towson, MD","24","Maryland","005","Baltimore","39.310833","-76.474444"
"06/28/2025","AQS","240053001","4","9.3","ppb","8","Essex","24","100.0000","42602","Nitrogen dioxide (NO2)","212","12580","Baltimore-Columbia-Towson, MD","24","Maryland","005","Baltimore","39.310833","-76.474444"
"06/29/2025","AQS","240053001","4","12.2","ppb","11","Essex","24","100.0000","42602","Nitrogen dioxide (NO2)","212","12580","Baltimore-Columbia-Towson, MD","24","Maryland","005","Baltimore","39.310833","-76.474444"
"06/30/2025","AQS","240053001","4","15.2","ppb","14","Essex","24","100.0000","42602","Nitrogen dioxide (NO2)","212","12580","Baltimore-Columbia-Towson, MD","24","Maryland","005","Baltimore","39.310833","-76.474444"
"07/01/2025","AQS","240053001","4","17.3","ppb","16","Essex","23","96.0000","42602","Nitrogen dioxide (NO2)","212","12580","Baltimore-Columbia-Towson, MD","24","Maryland","005","Baltimore","39.310833","-76.474444"
"07/02/2025","AQS","240053001","4","18.9","ppb","17","Essex","24","100.0000","42602","Nitrogen dioxide (NO2)","212","12580","Baltimore-Columbia-Towson, MD","24","Maryland","005","Baltimore","39.310833","-76.474444"
"07/03/2025","AQS","240053001","4","20.8","ppb","19","Essex","24","100.0000","42602","Nitrogen dioxide (NO2)","212","12580","Baltimore-Columbia-Towson, MD","24","Maryland","005","Baltimore","39.310833","-76.474444"
"07/04/2025","AQS","240053001","4","23","ppb","22","Essex","24","100.0000","42602","Nitrogen dioxide (NO2)","212","12580","Baltimore-Columbia-Towson, MD","24","Maryland","005","Baltimore","39.310833","-76.474444"
"07/05/2025","AQS","240053001","4","10.2","ppb","9","Essex","24","100.0000","42602","Nitrogen dioxide (NO2)","212","12580","Baltimore-Columbia-Towson, MD","24","Maryland","005","Baltimore","39.310833","-76.474444"
"07/06/2025","AQS","240053001","4","9.1","ppb","8","Essex","24","100.0000","42602","Nitrogen dioxide (NO2)","212","12580","Baltimore-Columbia-Towson, MD","24","Maryland","005","Baltimore","39.310833","-76.474444"
"07/07/2025","AQS","240053001","4","11.1","ppb","10","Essex","24","100.0000","42602","Nitrogen dioxide (NO2)","212","12580","Baltimore-Columbia-Towson, MD","24","Maryland","005","Baltimore","39.310833","-76.474444"
"07/08/2025","AQS","240053001","4","20.9","ppb","19","Essex","23","96.0000","42602","Nitrogen dioxide (NO2)","212","12580","Baltimore-Columbia-Towson, MD","24","Maryland","005","Baltimore","39.310833","-76.474444"
"07/09/2025","AQS","240053001","4","23","ppb","22","Essex","24","100.0000","42602","Nitrogen dioxide (NO2)","212","12580","Baltimore-Columbia-Towson, MD","24","Maryland","005","Baltimore","39.310833","-76.474444"
"07/10/2025","AQS","240053001","4","11.6","ppb","10","Essex","24","100.0000","42602","Nitrogen dioxide (NO2)","212","12580","Baltimore-Columbia-Towson, MD","24","Maryland","005","Baltimore","39.310833","-76.474444"
"07/11/2025","AQS","240053001","4","16.1","ppb","15","Essex","24","100.0000","42602","Nitrogen dioxide (NO2)","212","12580","Baltimore-Columbia-Towson, MD","24","Maryland","005","Baltimore","39.310833","-76.474444"
"07/12/2025","AQS","240053001","4","3","ppb","3","Essex","24","100.0000","42602","Nitrogen dioxide (NO2)","212","12580","Baltimore-Columbia-Towson, MD","24","Maryland","005","Baltimore","39.310833","-76.474444"
"07/13/2025","AQS","240053001","4","4","ppb","4","Essex","24","100.0000","42602","Nitrogen dioxide (NO2)","212","12580","Baltimore-Columbia-Towson, MD","24","Maryland","005","Baltimore","39.310833","-76.474444"
"07/14/2025","AQS","240053001","4","8.9","ppb","8","Essex","24","100.0000","42602","Nitrogen dioxide (NO2)","212","12580","Baltimore-Columbia-Towson, MD","24","Maryland","005","Baltimore","39.310833","-76.474444"
"07/15/2025","AQS","240053001","4","17.4","ppb","16","Essex","23","96.0000","42602","Nitrogen dioxide (NO2)","212","12580","Baltimore-Columbia-Towson, MD","24","Maryland","005","Baltimore","39.310833","-76.474444"
"07/16/2025","AQS","240053001","4","9.3","ppb","8","Essex","24","100.0000","42602","Nitrogen dioxide (NO2)","212","12580","Baltimore-Columbia-Towson, MD","24","Maryland","005","Baltimore","39.310833","-76.474444"
"07/17/2025","AQS","240053001","4","16.7","ppb","15","Essex","24","100.0000","42602","Nitrogen dioxide (NO2)","212","12580","Baltimore-Columbia-Towson, MD","24","Maryland","005","Baltimore","39.310833","-76.474444"
"07/18/2025","AQS","240053001","4","9","ppb","8","Essex","24","100.0000","42602","Nitrogen dioxide (NO2)","212","12580","Baltimore-Columbia-Towson, MD","24","Maryland","005","Baltimore","39.310833","-76.474444"
"07/19/2025","AQS","240053001","4","9.5","ppb","8","Essex","24","100.0000","42602","Nitrogen dioxide (NO2)","212","12580","Baltimore-Columbia-Towson, MD","24","Maryland","005","Baltimore","39.310833","-76.474444"
"07/20/2025","AQS","240053001","4","17.5","ppb","16","Essex","24","100.0000","42602","Nitrogen dioxide (NO2)","212","12580","Baltimore-Columbia-Towson, MD","24","Maryland","005","Baltimore","39.310833","-76.474444"
"07/21/2025","AQS","240053001","4","7.9","ppb","7","Essex","24","100.0000","42602","Nitrogen dioxide (NO2)","212","12580","Baltimore-Columbia-Towson, MD","24","Maryland","005","Baltimore","39.310833","-76.474444"
"07/22/2025","AQS","240053001","4","8.5","ppb","8","Essex","23","96.0000","42602","Nitrogen dioxide (NO2)","212","12580","Baltimore-Columbia-Towson, MD","24","Maryland","005","Baltimore","39.310833","-76.474444"
"07/23/2025","AQS","240053001","4","3.9","ppb","3","Essex","24","100.0000","42602","Nitrogen dioxide (NO2)","212","12580","Baltimore-Columbia-Towson, MD","24","Maryland","005","Baltimore","39.310833","-76.474444"
"07/24/2025","AQS","240053001","4","11.7","ppb","10","Essex","24","100.0000","42602","Nitrogen dioxide (NO2)","212","12580","Baltimore-Columbia-Towson, MD","24","Maryland","005","Baltimore","39.310833","-76.474444"
"07/25/2025","AQS","240053001","4","19.4","ppb","18","Essex","24","100.0000","42602","Nitrogen dioxide (NO2)","212","12580","Baltimore-Columbia-Towson, MD","24","Maryland","005","Baltimore","39.310833","-76.474444"
"07/26/2025","AQS","240053001","4","8.7","ppb","8","Essex","24","100.0000","42602","Nitrogen dioxide (NO2)","212","12580","Baltimore-Columbia-Towson, MD","24","Maryland","005","Baltimore","39.310833","-76.474444"
"07/27/2025","AQS","240053001","4","19.5","ppb","18","Essex","24","100.0000","42602","Nitrogen dioxide (NO2)","212","12580","Baltimore-Columbia-Towson, MD","24","Maryland","005","Baltimore","39.310833","-76.474444"
"07/28/2025","AQS","240053001","4","19.8","ppb","18","Essex","24","100.0000","42602","Nitrogen dioxide (NO2)","212","12580","Baltimore-Columbia-Towson, MD","24","Maryland","005","Baltimore","39.310833","-76.474444"
"07/29/2025","AQS","240053001","4","23.4","ppb","22","Essex","23","96.0000","42602","Nitrogen dioxide (NO2)","212","12580","Baltimore-Columbia-Towson, MD","24","Maryland","005","Baltimore","39.310833","-76.474444"
"07/30/2025","AQS","240053001","4","28.7","ppb","26","Essex","24","100.0000","42602","Nitrogen dioxide (NO2)","212","12580","Baltimore-Columbia-Towson, MD","24","Maryland","005","Baltimore","39.310833","-76.474444"
"07/31/2025","AQS","240053001","4","11.9","ppb","10","Essex","23","96.0000","42602","Nitrogen dioxide (NO2)","212","12580","Baltimore-Columbia-Towson, MD","24","Maryland","005","Baltimore","39.310833","-76.474444"
"08/01/2025","AQS","240053001","4","14.2","ppb","13","Essex","24","100.0000","42602","Nitrogen dioxide (NO2)","212","12580","Baltimore-Columbia-Towson, MD","24","Maryland","005","Baltimore","39.310833","-76.474444"
"08/02/2025","AQS","240053001","4","13.3","ppb","12","Essex","24","100.0000","42602","Nitrogen dioxide (NO2)","212","12580","Baltimore-Columbia-Towson, MD","24","Maryland","005","Baltimore","39.310833","-76.474444"
"08/03/2025","AQS","240053001","4","21.8","ppb","20","Essex","24","100.0000","42602","Nitrogen dioxide (NO2)","212","12580","Baltimore-Columbia-Towson, MD","24","Maryland","005","Baltimore","39.310833","-76.474444"
"08/04/2025","AQS","240053001","4","30.1","ppb","28","Essex","24","100.0000","42602","Nitrogen dioxide (NO2)","212","12580","Baltimore-Columbia-Towson, MD","24","Maryland","005","Baltimore","39.310833","-76.474444"
"08/06/2025","AQS","240053001","4","11.5","ppb","10","Essex","24","100.0000","42602","Nitrogen dioxide (NO2)","212","12580","Baltimore-Columbia-Towson, MD","24","Maryland","005","Baltimore","39.310833","-76.474444"
"08/07/2025","AQS","240053001","4","10","ppb","9","Essex","24","100.0000","42602","Nitrogen dioxide (NO2)","212","12580","Baltimore-Columbia-Towson, MD","24","Maryland","005","Baltimore","39.310833","-76.474444"
"08/08/2025","AQS","240053001","4","11","ppb","10","Essex","24","100.0000","42602","Nitrogen dioxide (NO2)","212","12580","Baltimore-Columbia-Towson, MD","24","Maryland","005","Baltimore","39.310833","-76.474444"
"08/09/2025","AQS","240053001","4","26.5","ppb","25","Essex","24","100.0000","42602","Nitrogen dioxide (NO2)","212","12580","Baltimore-Columbia-Towson, MD","24","Maryland","005","Baltimore","39.310833","-76.474444"
"08/10/2025","AQS","240053001","4","23.6","ppb","22","Essex","24","100.0000","42602","Nitrogen dioxide (NO2)","212","12580","Baltimore-Columbia-Towson, MD","24","Maryland","005","Baltimore","39.310833","-76.474444"
"08/11/2025","AQS","240053001","4","18.6","ppb","17","Essex","24","100.0000","42602","Nitrogen dioxide (NO2)","212","12580","Baltimore-Columbia-Towson, MD","24","Maryland","005","Baltimore","39.310833","-76.474444"
"08/12/2025","AQS","240053001","4","7.9","ppb","7","Essex","23","96.0000","42602","Nitrogen dioxide (NO2)","212","12580","Baltimore-Columbia-Towson, MD","24","Maryland","005","Baltimore","39.310833","-76.474444"
"08/13/2025","AQS","240053001","4","14.1","ppb","13","Essex","23","96.0000","42602","Nitrogen dioxide (NO2)","212","12580","Baltimore-Columbia-Towson, MD","24","Maryland","005","Baltimore","39.310833","-76.474444"
"08/14/2025","AQS","240053001","4","19.9","ppb","18","Essex","23","96.0000","42602","Nitrogen dioxide (NO2)","212","12580","Baltimore-Columbia-Towson, MD","24","Maryland","005","Baltimore","39.310833","-76.474444"
"08/15/2025","AQS","240053001","4","19.9","ppb","18","Essex","24","100.0000","42602","Nitrogen dioxide (NO2)","212","12580","Baltimore-Columbia-Towson, MD","24","Maryland","005","Baltimore","39.310833","-76.474444"
"08/16/2025","AQS","240053001","4","7.1","ppb","7","Essex","24","100.0000","42602","Nitrogen dioxide (NO2)","212","12580","Baltimore-Columbia-Towson, MD","24","Maryland","005","Baltimore","39.310833","-76.474444"
"08/17/2025","AQS","240053001","4","10.3","ppb","9","Essex","24","100.0000","42602","Nitrogen dioxide (NO2)","212","12580","Baltimore-Columbia-Towson, MD","24","Maryland","005","Baltimore","39.310833","-76.474444"
"08/18/2025","AQS","240053001","4","7","ppb","7","Essex","24","100.0000","42602","Nitrogen dioxide (NO2)","212","12580","Baltimore-Columbia-Towson, MD","24","Maryland","005","Baltimore","39.310833","-76.474444"
"08/19/2025","AQS","240053001","4","6.9","ppb","6","Essex","23","96.0000","42602","Nitrogen dioxide (NO2)","212","12580","Baltimore-Columbia-Towson, MD","24","Maryland","005","Baltimore","39.310833","-76.474444"
"08/20/2025","AQS","240053001","4","5.8","ppb","5","Essex","24","100.0000","42602","Nitrogen dioxide (NO2)","212","12580","Baltimore-Columbia-Towson, MD","24","Maryland","005","Baltimore","39.310833","-76.474444"
"08/21/2025","AQS","240053001","4","13.5","ppb","12","Essex","24","100.0000","42602","Nitrogen dioxide (NO2)","212","12580","Baltimore-Columbia-Towson, MD","24","Maryland","005","Baltimore","39.310833","-76.474444"
"08/22/2025","AQS","240053001","4","13.6","ppb","12","Essex","24","100.0000","42602","Nitrogen dioxide (NO2)","212","12580","Baltimore-Columbia-Towson, MD","24","Maryland","005","Baltimore","39.310833","-76.474444"
"08/23/2025","AQS","240053001","4","15.5","ppb","14","Essex","24","100.0000","42602","Nitrogen dioxide (NO2)","212","12580","Baltimore-Columbia-Towson, MD","24","Maryland","005","Baltimore","39.310833","-76.474444"
"08/24/2025","AQS","240053001","4","4.8","ppb","4","Essex","24","100.0000","42602","Nitrogen dioxide (NO2)","212","12580","Baltimore-Columbia-Towson, MD","24","Maryland","005","Baltimore","39.310833","-76.474444"
"08/25/2025","AQS","240053001","4","17.5","ppb","16","Essex","24","100.0000","42602","Nitrogen dioxide (NO2)","212","12580","Baltimore-Columbia-Towson, MD","24","Maryland","005","Baltimore","39.310833","-76.474444"
"08/26/2025","AQS","240053001","4","17.1","ppb","16","Essex","23","96.0000","42602","Nitrogen dioxide (NO2)","212","12580","Baltimore-Columbia-Towson, MD","24","Maryland","005","Baltimore","39.310833","-76.474444"
"08/27/2025","AQS","240053001","4","21.4","ppb","20","Essex","24","100.0000","42602","Nitrogen dioxide (NO2)","212","12580","Baltimore-Columbia-Towson, MD","24","Maryland","005","Baltimore","39.310833","-76.474444"
"08/28/2025","AQS","240053001","4","30.5","ppb","28","Essex","24","100.0000","42602","Nitrogen dioxide (NO2)","212","12580","Baltimore-Columbia-Towson, MD","24","Maryland","005","Baltimore","39.310833","-76.474444"
"08/29/2025","AQS","240053001","4","26.9","ppb","25","Essex","24","100.0000","42602","Nitrogen dioxide (NO2)","212","12580","Baltimore-Columbia-Towson, MD","24","Maryland","005","Baltimore","39.310833","-76.474444"
"08/30/2025","AQS","240053001","4","24.8","ppb","23","Essex","24","100.0000","42602","Nitrogen dioxide (NO2)","212","12580","Baltimore-Columbia-Towson, MD","24","Maryland","005","Baltimore","39.310833","-76.474444"
"08/31/2025","AQS","240053001","4","25.2","ppb","24","Essex","24","100.0000","42602","Nitrogen dioxide (NO2)","212","12580","Baltimore-Columbia-Towson, MD","24","Maryland","005","Baltimore","39.310833","-76.474444"
"09/01/2025","AQS","240053001","4","21.8","ppb","20","Essex","24","100.0000","42602","Nitrogen dioxide (NO2)","212","12580","Baltimore-Columbia-Towson, MD","24","Maryland","005","Baltimore","39.310833","-76.474444"
"09/02/2025","AQS","240053001","4","24.8","ppb","23","Essex","23","96.0000","42602","Nitrogen dioxide (NO2)","212","12580","Baltimore-Columbia-Towson, MD","24","Maryland","005","Baltimore","39.310833","-76.474444"
"09/03/2025","AQS","240053001","4","17.8","ppb","16","Essex","24","100.0000","42602","Nitrogen dioxide (NO2)","212","12580","Baltimore-Columbia-Towson, MD","24","Maryland","005","Baltimore","39.310833","-76.474444"
"09/04/2025","AQS","240053001","4","6.2","ppb","6","Essex","24","100.0000","42602","Nitrogen dioxide (NO2)","212","12580","Baltimore-Columbia-Towson, MD","24","Maryland","005","Baltimore","39.310833","-76.474444"
"09/05/2025","AQS","240053001","4","20.4","ppb","19","Essex","24","100.0000","42602","Nitrogen dioxide (NO2)","212","12580","Baltimore-Columbia-Towson, MD","24","Maryland","005","Baltimore","39.310833","-76.474444"
"09/06/2025","AQS","240053001","4","8.8","ppb","8","Essex","24","100.0000","42602","Nitrogen dioxide (NO2)","212","12580","Baltimore-Columbia-Towson, MD","24","Maryland","005","Baltimore","39.310833","-76.474444"
"09/07/2025","AQS","240053001","4","10.7","ppb","9","Essex","24","100.0000","42602","Nitrogen dioxide (NO2)","212","12580","Baltimore-Columbia-Towson, MD","24","Maryland","005","Baltimore","39.310833","-76.474444"
"09/08/2025","AQS","240053001","4","25","ppb","24","Essex","24","100.0000","42602","Nitrogen dioxide (NO2)","212","12580","Baltimore-Columbia-Towson, MD","24","Maryland","005","Baltimore","39.310833","-76.474444"
"09/09/2025","AQS","240053001","4","12.6","ppb","11","Essex","23","96.0000","42602","Nitrogen dioxide (NO2)","212","12580","Baltimore-Columbia-Towson, MD","24","Maryland","005","Baltimore","39.310833","-76.474444"
"09/10/2025","AQS","240053001","4","8.6","ppb","8","Essex","24","100.0000","42602","Nitrogen dioxide (NO2)","212","12580","Baltimore-Columbia-Towson, MD","24","Maryland","005","Baltimore","39.310833","-76.474444"
"09/11/2025","AQS","240053001","4","27.1","ppb","25","Essex","24","100.0000","42602","Nitrogen dioxide (NO2)","212","12580","Baltimore-Columbia-Towson, MD","24","Maryland","005","Baltimore","39.310833","-76.474444"
"09/12/2025","AQS","240053001","4","27.8","ppb","25","Essex","24","100.0000","42602","Nitrogen dioxide (NO2)","212","12580","Baltimore-Columbia-Towson, MD","24","Maryland","005","Baltimore","39.310833","-76.474444"
"09/13/2025","AQS","240053001","4","16.2","ppb","15","Essex","24","100.0000","42602","Nitrogen dioxide (NO2)","212","12580","Baltimore-Columbia-Towson, MD","24","Maryland","005","Baltimore","39.310833","-76.474444"
"09/14/2025","AQS","240053001","4","15.8","ppb","14","Essex","24","100.0000","42602","Nitrogen dioxide (NO2)","212","12580","Baltimore-Columbia-Towson, MD","24","Maryland","005","Baltimore","39.310833","-76.474444"
"09/15/2025","AQS","240053001","4","11.1","ppb","10","Essex","24","100.0000","42602","Nitrogen dioxide (NO2)","212","12580","Baltimore-Columbia-Towson, MD","24","Maryland","005","Baltimore","39.310833","-76.474444"
"09/16/2025","AQS","240053001","4","7.8","ppb","7","Essex","23","96.0000","42602","Nitrogen dioxide (NO2)","212","12580","Baltimore-Columbia-Towson, MD","24","Maryland","005","Baltimore","39.310833","-76.474444"
"09/17/2025","AQS","240053001","4","7.6","ppb","7","Essex","24","100.0000","42602","Nitrogen dioxide (NO2)","212","12580","Baltimore-Columbia-Towson, MD","24","Maryland","005","Baltimore","39.310833","-76.474444"
"09/18/2025","AQS","240053001","4","10.3","ppb","9","Essex","24","100.0000","42602","Nitrogen dioxide (NO2)","212","12580","Baltimore-Columbia-Towson, MD","24","Maryland","005","Baltimore","39.310833","-76.474444"
"09/19/2025","AQS","240053001","4","22.2","ppb","21","Essex","24","100.0000","42602","Nitrogen dioxide (NO2)","212","12580","Baltimore-Columbia-Towson, MD","24","Maryland","005","Baltimore","39.310833","-76.474444"
"09/20/2025","AQS","240053001","4","5.8","ppb","5","Essex","24","100.0000","42602","Nitrogen dioxide (NO2)","212","12580","Baltimore-Columbia-Towson, MD","24","Maryland","005","Baltimore","39.310833","-76.474444"
"09/21/2025","AQS","240053001","4","4","ppb","4","Essex","24","100.0000","42602","Nitrogen dioxide (NO2)","212","12580","Baltimore-Columbia-Towson, MD","24","Maryland","005","Baltimore","39.310833","-76.474444"
"09/22/2025","AQS","240053001","4","13.1","ppb","12","Essex","24","100.0000","42602","Nitrogen dioxide (NO2)","212","12580","Baltimore-Columbia-Towson, MD","24","Maryland","005","Baltimore","39.310833","-76.474444"
"09/23/2025","AQS","240053001","4","14.4","ppb","13","Essex","23","96.0000","42602","Nitrogen dioxide (NO2)","212","12580","Baltimore-Columbia-Towson, MD","24","Maryland","005","Baltimore","39.310833","-76.474444"
"09/24/2025","AQS","240053001","4","15.6","ppb","14","Essex","24","100.0000","42602","Nitrogen dioxide (NO2)","212","12580","Baltimore-Columbia-Towson, MD","24","Maryland","005","Baltimore","39.310833","-76.474444"
"09/25/2025","AQS","240053001","4","12.7","ppb","11","Essex","24","100.0000","42602","Nitrogen dioxide (NO2)","212","12580","Baltimore-Columbia-Towson, MD","24","Maryland","005","Baltimore","39.310833","-76.474444"
"09/26/2025","AQS","240053001","4","24.3","ppb","23","Essex","24","100.0000","42602","Nitrogen dioxide (NO2)","212","12580","Baltimore-Columbia-Towson, MD","24","Maryland","005","Baltimore","39.310833","-76.474444"
"09/27/2025","AQS","240053001","4","23","ppb","22","Essex","24","100.0000","42602","Nitrogen dioxide (NO2)","212","12580","Baltimore-Columbia-Towson, MD","24","Maryland","005","Baltimore","39.310833","-76.474444"
"09/28/2025","AQS","240053001","4","12.8","ppb","11","Essex","24","100.0000","42602","Nitrogen dioxide (NO2)","212","12580","Baltimore-Columbia-Towson, MD","24","Maryland","005","Baltimore","39.310833","-76.474444"
"09/29/2025","AQS","240053001","4","19.8","ppb","18","Essex","24","100.0000","42602","Nitrogen dioxide (NO2)","212","12580","Baltimore-Columbia-Towson, MD","24","Maryland","005","Baltimore","39.310833","-76.474444"
"09/30/2025","AQS","240053001","4","13.7","ppb","12","Essex","23","96.0000","42602","Nitrogen dioxide (NO2)","212","12580","Baltimore-Columbia-Towson, MD","24","Maryland","005","Baltimore","39.310833","-76.474444"
"01/01/2025","AQS","240230002","4","2.3","ppb","2","Piney Run","24","100.0000","42602","Nitrogen dioxide (NO2)","212","","","24","Maryland","023","Garrett","39.70595","-79.012"
"01/02/2025","AQS","240230002","4","3","ppb","3","Piney Run","24","100.0000","42602","Nitrogen dioxide (NO2)","212","","","24","Maryland","023","Garrett","39.70595","-79.012"
"01/03/2025","AQS","240230002","4","4.9","ppb","4","Piney Run","24","100.0000","42602","Nitrogen dioxide (NO2)","212","","","24","Maryland","023","Garrett","39.70595","-79.012"
"01/04/2025","AQS","240230002","4","3.3","ppb","3","Piney Run","24","100.0000","42602","Nitrogen dioxide (NO2)","212","","","24","Maryland","023","Garrett","39.70595","-79.012"
"01/05/2025","AQS","240230002","4","6","ppb","6","Piney Run","24","100.0000","42602","Nitrogen dioxide (NO2)","212","","","24","Maryland","023","Garrett","39.70595","-79.012"
"01/06/2025","AQS","240230002","4","4.3","ppb","4","Piney Run","24","100.0000","42602","Nitrogen dioxide (NO2)","212","","","24","Maryland","023","Garrett","39.70595","-79.012"
"01/07/2025","AQS","240230002","4","2.7","ppb","2","Piney Run","23","96.0000","42602","Nitrogen dioxide (NO2)","212","","","24","Maryland","023","Garrett","39.70595","-79.012"
"01/08/2025","AQS","240230002","4","4.5","ppb","4","Piney Run","24","100.0000","42602","Nitrogen dioxide (NO2)","212","","","24","Maryland","023","Garrett","39.70595","-79.012"
"01/09/2025","AQS","240230002","4","3.4","ppb","3","Piney Run","23","96.0000","42602","Nitrogen dioxide (NO2)","212","","","24","Maryland","023","Garrett","39.70595","-79.012"
"01/10/2025","AQS","240230002","4","8.4","ppb","8","Piney Run","24","100.0000","42602","Nitrogen dioxide (NO2)","212","","","24","Maryland","023","Garrett","39.70595","-79.012"
"01/11/2025","AQS","240230002","4","7.7","ppb","7","Piney Run","24","100.0000","42602","Nitrogen dioxide (NO2)","212","","","24","Maryland","023","Garrett","39.70595","-79.012"
"01/12/2025","AQS","240230002","4","5.9","ppb","5","Piney Run","24","100.0000","42602","Nitrogen dioxide (NO2)","212","","","24","Maryland","023","Garrett","39.70595","-79.012"
"01/13/2025","AQS","240230002","4","3.3","ppb","3","Piney Run","24","100.0000","42602","Nitrogen dioxide (NO2)","212","","","24","Maryland","023","Garrett","39.70595","-79.012"
"01/14/2025","AQS","240230002","4","5.7","ppb","5","Piney Run","23","96.0000","42602","Nitrogen dioxide (NO2)","212","","","24","Maryland","023","Garrett","39.70595","-79.012"
"01/15/2025","AQS","240230002","4","5.1","ppb","5","Piney Run","24","100.0000","42602","Nitrogen dioxide (NO2)","212","","","24","Maryland","023","Garrett","39.70595","-79.012"
"01/16/2025","AQS","240230002","4","5.1","ppb","5","Piney Run","24","100.0000","42602","Nitrogen dioxide (NO2)","212","","","24","Maryland","023","Garrett","39.70595","-79.012"
"01/17/2025","AQS","240230002","4","5.2","ppb","5","Piney Run","24","100.0000","42602","Nitrogen dioxide (NO2)","212","","","24","Maryland","023","Garrett","39.70595","-79.012"
"01/18/2025","AQS","240230002","4","3.1","ppb","3","Piney Run","24","100.0000","42602","Nitrogen dioxide (NO2)","212","","","24","Maryland","023","Garrett","39.70595","-79.012"
"01/19/2025","AQS","240230002","4","2.6","ppb","2","Piney Run","24","100.0000","42602","Nitrogen dioxide (NO2)","212","","","24","Maryland","023","Garrett","39.70595","-79.012"
"01/20/2025","AQS","240230002","4","3.8","ppb","3","Piney Run","24","100.0000","42602","Nitrogen dioxide (NO2)","212","","","24","Maryland","023","Garrett","39.70595","-79.012"
"01/21/2025","AQS","240230002","4","6.5","ppb","6","Piney Run","23","96.0000","42602","Nitrogen dioxide (NO2)","212","","","24","Maryland","023","Garrett","39.70595","-79.012"
"01/22/2025","AQS","240230002","4","8.8","ppb","8","Piney Run","24","100.0000","42602","Nitrogen dioxide (NO2)","212","","","24","Maryland","023","Garrett","39.70595","-79.012"
"01/23/2025","AQS","240230002","4","7","ppb","7","Piney Run","24","100.0000","42602","Nitrogen dioxide (NO2)","212","","","24","Maryland","023","Garrett","39.70595","-79.012"
"01/24/2025","AQS","240230002","4","6.2","ppb","6","Piney Run","24","100.0000","42602","Nitrogen dioxide (NO2)","212","","","24","Maryland","023","Garrett","39.70595","-79.012"
"01/25/2025","AQS","240230002","4","5.7","ppb","5","Piney Run","24","100.0000","42602","Nitrogen dioxide (NO2)","212","","","24","Maryland","023","Garrett","39.70595","-79.012"
"01/26/2025","AQS","240230002","4","4.1","ppb","4","Piney Run","24","100.0000","42602","Nitrogen dioxide (NO2)","212","","","24","Maryland","023","Garrett","39.70595","-79.012"
"01/27/2025","AQS","240230002","4","4","ppb","4","Piney Run","23","96.0000","42602","Nitrogen dioxide (NO2)","212","","","24","Maryland","023","Garrett","39.70595","-79.012"
"01/28/2025","AQS","240230002","4","3.8","ppb","3","Piney Run","23","96.0000","42602","Nitrogen dioxide (NO2)","212","","","24","Maryland","023","Garrett","39.70595","-79.012"
"01/29/2025","AQS","240230002","4","3.4","ppb","3","Piney Run","24","100.0000","42602","Nitrogen dioxide (NO2)","212","","","24","Maryland","023","Garrett","39.70595","-79.012"
"01/30/2025","AQS","240230002","4","5.2","ppb","5","Piney Run","24","100.0000","42602","Nitrogen dioxide (NO2)","212","","","24","Maryland","023","Garrett","39.70595","-79.012"
"01/31/2025","AQS","240230002","4","4.7","ppb","4","Piney Run","24","100.0000","42602","Nitrogen dioxide (NO2)","212","","","24","Maryland","023","Garrett","39.70595","-79.012"
"02/01/2025","AQS","240230002","4","4","ppb","4","Piney Run","24","100.0000","42602","Nitrogen dioxide (NO2)","212","","","24","Maryland","023","Garrett","39.70595","-79.012"
"02/02/2025","AQS","240230002","4","3.3","ppb","3","Piney Run","24","100.0000","42602","Nitrogen dioxide (NO2)","212","","","24","Maryland","023","Garrett","39.70595","-79.012"
"02/03/2025","AQS","240230002","4","4.7","ppb","4","Piney Run","24","100.0000","42602","Nitrogen dioxide (NO2)","212","","","24","Maryland","023","Garrett","39.70595","-79.012"
"02/04/2025","AQS","240230002","4","6.9","ppb","6","Piney Run","23","96.0000","42602","Nitrogen dioxide (NO2)","212","","","24","Maryland","023","Garrett","39.70595","-79.012"
"02/05/2025","AQS","240230002","4","4.5","ppb","4","Piney Run","24","100.0000","42602","Nitrogen dioxide (NO2)","212","","","24","Maryland","023","Garrett","39.70595","-79.012"
"02/06/2025","AQS","240230002","4","3.8","ppb","3","Piney Run","24","100.0000","42602","Nitrogen dioxide (NO2)","212","","","24","Maryland","023","Garrett","39.70595","-79.012"
"02/07/2025","AQS","240230002","4","3.4","ppb","3","Piney Run","24","100.0000","42602","Nitrogen dioxide (NO2)","212","","","24","Maryland","023","Garrett","39.70595","-79.012"
"02/08/2025","AQS","240230002","4","5","ppb","5","Piney Run","24","100.0000","42602","Nitrogen dioxide (NO2)","212","","","24","Maryland","023","Garrett","39.70595","-79.012"
"02/09/2025","AQS","240230002","4","3.9","ppb","3","Piney Run","24","100.0000","42602","Nitrogen dioxide (NO2)","212","","","24","Maryland","023","Garrett","39.70595","-79.012"
"02/10/2025","AQS","240230002","4","4","ppb","4","Piney Run","24","100.0000","42602","Nitrogen dioxide (NO2)","212","","","24","Maryland","023","Garrett","39.70595","-79.012"
"02/11/2025","AQS","240230002","4","5.9","ppb","5","Piney Run","23","96.0000","42602","Nitrogen dioxide (NO2)","212","","","24","Maryland","023","Garrett","39.70595","-79.012"
"02/12/2025","AQS","240230002","4","5.7","ppb","5","Piney Run","24","100.0000","42602","Nitrogen dioxide (NO2)","212","","","24","Maryland","023","Garrett","39.70595","-79.012"
"02/13/2025","AQS","240230002","4","3.9","ppb","3","Piney Run","24","100.0000","42602","Nitrogen dioxide (NO2)","212","","","24","Maryland","023","Garrett","39.70595","-79.012"
"02/14/2025","AQS","240230002","4","5.9","ppb","5","Piney Run","24","100.0000","42602","Nitrogen dioxide (NO2)","212","","","24","Maryland","023","Garrett","39.70595","-79.012"
"02/15/2025","AQS","240230002","4","4.1","ppb","4","Piney Run","24","100.0000","42602","Nitrogen dioxide (NO2)","212","","","24","Maryland","023","Garrett","39.70595","-79.012"
"02/16/2025","AQS","240230002","4","3.3","ppb","3","Piney Run","24","100.0000","42602","Nitrogen dioxide (NO2)","212","","","24","Maryland","023","Garrett","39.70595","-79.012"
"02/17/2025","AQS","240230002","4","2.1","ppb","2","Piney Run","24","100.0000","42602","Nitrogen dioxide (NO2)","212","","","24","Maryland","023","Garrett","39.70595","-79.012"
"02/18/2025","AQS","240230002","4","4.8","ppb","4","Piney Run","23","96.0000","42602","Nitrogen dioxide (NO2)","212","","","24","Maryland","023","Garrett","39.70595","-79.012"
"02/19/2025","AQS","240230002","4","5.9","ppb","5","Piney Run","24","100.0000","42602","Nitrogen dioxide (NO2)","212","","","24","Maryland","023","Garrett","39.70595","-79.012"
"02/20/2025","AQS","240230002","4","5.9","ppb","5","Piney Run","24","100.0000","42602","Nitrogen dioxide (NO2)","212","","","24","Maryland","023","Garrett","39.70595","-79.012"
"02/21/2025","AQS","240230002","4","5.3","ppb","5","Piney Run","24","100.0000","42602","Nitrogen dioxide (NO2)","212","","","24","Maryland","023","Garrett","39.70595","-79.012"
"02/22/2025","AQS","240230002","4","4.9","ppb","4","Piney Run","24","100.0000","42602","Nitrogen dioxide (NO2)","212","","","24","Maryland","023","Garrett","39.70595","-79.012"
"02/23/2025","AQS","240230002","4","5","ppb","5","Piney Run","24","100.0000","42602","Nitrogen dioxide (NO2)","212","","","24","Maryland","023","Garrett","39.70595","-79.012"
"02/24/2025","AQS","240230002","4","6.2","ppb","6","Piney Run","24","100.0000","42602","Nitrogen dioxide (NO2)","212","","","24","Maryland","023","Garrett","39.70595","-79.012"
"02/25/2025","AQS","240230002","4","3.4","ppb","3","Piney Run","23","96.0000","42602","Nitrogen dioxide (NO2)","212","","","24","Maryland","023","Garrett","39.70595","-79.012"
"02/26/2025","AQS","240230002","4","4.9","ppb","4","Piney Run","23","96.0000","42602","Nitrogen dioxide (NO2)","212","","","24","Maryland","023","Garrett","39.70595","-79.012"
"02/27/2025","AQS","240230002","4","3.2","ppb","3","Piney Run","24","100.0000","42602","Nitrogen dioxide (NO2)","212","","","24","Maryland","023","Garrett","39.70595","-79.012"
"02/28/2025","AQS","240230002","4","2.2","ppb","2","Piney Run","22","92.0000","42602","Nitrogen dioxide (NO2)","212","","","24","Maryland","023","Garrett","39.70595","-79.012"
"03/01/2025","AQS","240230002","4","2.4","ppb","2","Piney Run","24","100.0000","42602","Nitrogen dioxide (NO2)","212","","","24","Maryland","023","Garrett","39.70595","-79.012"
"03/02/2025","AQS","240230002","4","3.9","ppb","3","Piney Run","24","100.0000","42602","Nitrogen dioxide (NO2)","212","","","24","Maryland","023","Garrett","39.70595","-79.012"
"03/03/2025","AQS","240230002","4","4.9","ppb","4","Piney Run","24","100.0000","42602","Nitrogen dioxide (NO2)","212","","","24","Maryland","023","Garrett","39.70595","-79.012"
"03/04/2025","AQS","240230002","4","4.1","ppb","4","Piney Run","20","83.0000","42602","Nitrogen dioxide (NO2)","212","","","24","Maryland","023","Garrett","39.70595","-79.012"
"03/05/2025","AQS","240230002","4","2.4","ppb","2","Piney Run","24","100.0000","42602","Nitrogen dioxide (NO2)","212","","","24","Maryland","023","Garrett","39.70595","-79.012"
"03/06/2025","AQS","240230002","4","2.1","ppb","2","Piney Run","24","100.0000","42602","Nitrogen dioxide (NO2)","212","","","24","Maryland","023","Garrett","39.70595","-79.012"
"03/07/2025","AQS","240230002","4","2.8","ppb","2","Piney Run","24","100.0000","42602","Nitrogen dioxide (NO2)","212","","","24","Maryland","023","Garrett","39.70595","-79.012"
"03/08/2025","AQS","240230002","4","3.4","ppb","3","Piney Run","24","100.0000","42602","Nitrogen dioxide (NO2)","212","","","24","Maryland","023","Garrett","39.70595","-79.012"
"03/09/2025","AQS","240230002","4","2.5","ppb","2","Piney Run","24","100.0000","42602","Nitrogen dioxide (NO2)","212","","","24","Maryland","023","Garrett","39.70595","-79.012"
"03/10/2025","AQS","240230002","4","6.4","ppb","6","Piney Run","24","100.0000","42602","Nitrogen dioxide (NO2)","212","","","24","Maryland","023","Garrett","39.70595","-79.012"
"03/11/2025","AQS","240230002","4","9.1","ppb","8","Piney Run","23","96.0000","42602","Nitrogen dioxide (NO2)","212","","","24","Maryland","023","Garrett","39.70595","-79.012"
"03/12/2025","AQS","240230002","4","13.2","ppb","12","Piney Run","24","100.0000","42602","Nitrogen dioxide (NO2)","212","","","24","Maryland","023","Garrett","39.70595","-79.012"
"03/13/2025","AQS","240230002","4","6.5","ppb","6","Piney Run","24","100.0000","42602","Nitrogen dioxide (NO2)","212","","","24","Maryland","023","Garrett","39.70595","-79.012"
"03/14/2025","AQS","240230002","4","6.4","ppb","6","Piney Run","24","100.0000","42602","Nitrogen dioxide (NO2)","212","","","24","Maryland","023","Garrett","39.70595","-79.012"
"03/15/2025","AQS","240230002","4","5.7","ppb","5","Piney Run","24","100.0000","42602","Nitrogen dioxide (NO2)","212","","","24","Maryland","023","Garrett","39.70595","-79.012"
"03/16/2025","AQS","240230002","4","3.8","ppb","3","Piney Run","18","75.0000","42602","Nitrogen dioxide (NO2)","212","","","24","Maryland","023","Garrett","39.70595","-79.012"
"03/17/2025","AQS","240230002","4","3.7","ppb","3","Piney Run","24","100.0000","42602","Nitrogen dioxide (NO2)","212","","","24","Maryland","023","Garrett","39.70595","-79.012"
"03/19/2025","AQS","240230002","4","5","ppb","5","Piney Run","24","100.0000","42602","Nitrogen dioxide (NO2)","212","","","24","Maryland","023","Garrett","39.70595","-79.012"
"03/20/2025","AQS","240230002","4","6.5","ppb","6","Piney Run","24","100.0000","42602","Nitrogen dioxide (NO2)","212","","","24","Maryland","023","Garrett","39.70595","-79.012"
"03/21/2025","AQS","240230002","4","2.4","ppb","2","Piney Run","24","100.0000","42602","Nitrogen dioxide (NO2)","212","","","24","Maryland","023","Garrett","39.70595","-79.012"
"03/22/2025","AQS","240230002","4","3.5","ppb","3","Piney Run","24","100.0000","42602","Nitrogen dioxide (NO2)","212","","","24","Maryland","023","Garrett","39.70595","-79.012"
"03/23/2025","AQS","240230002","4","2.8","ppb","2","Piney Run","24","100.0000","42602","Nitrogen dioxide (NO2)","212","","","24","Maryland","023","Garrett","39.70595","-79.012"
"03/24/2025","AQS","240230002","4","3.3","ppb","3","Piney Run","24","100.0000","42602","Nitrogen dioxide (NO2)","212","","","24","Maryland","023","Garrett","39.70595","-79.012"
"03/25/2025","AQS","240230002","4","2.6","ppb","2","Piney Run","18","75.0000","42602","Nitrogen dioxide (NO2)","212","","","24","Maryland","023","Garrett","39.70595","-79.012"
"03/26/2025","AQS","240230002","4","3.3","ppb","3","Piney Run","24","100.0000","42602","Nitrogen dioxide (NO2)","212","","","24","Maryland","023","Garrett","39.70595","-79.012"
"03/27/2025","AQS","240230002","4","4.2","ppb","4","Piney Run","24","100.0000","42602","Nitrogen dioxide (NO2)","212","","","24","Maryland","023","Garrett","39.70595","-79.012"
"03/28/2025","AQS","240230002","4","4.9","ppb","4","Piney Run","24","100.0000","42602","Nitrogen dioxide (NO2)","212","","","24","Maryland","023","Garrett","39.70595","-79.012"
"03/29/2025","AQS","240230002","4","8","ppb","8","Piney Run","24","100.0000","42602","Nitrogen dioxide (NO2)","212","","","24","Maryland","023","Garrett","39.70595","-79.012"
"03/30/2025","AQS","240230002","4","8.5","ppb","8","Piney Run","24","100.0000","42602","Nitrogen dioxide (NO2)","212","","","24","Maryland","023","Garrett","39.70595","-79.012"
"03/31/2025","AQS","240230002","4","3.4","ppb","3","Piney Run","24","100.0000","42602","Nitrogen dioxide (NO2)","212","","","24","Maryland","023","Garrett","39.70595","-79.012"
"04/01/2025","AQS","240230002","4","3.9","ppb","3","Piney Run","22","92.0000","42602","Nitrogen dioxide (NO2)","212","","","24","Maryland","023","Garrett","39.70595","-79.012"
"04/02/2025","AQS","240230002","4","4.3","ppb","4","Piney Run","23","96.0000","42602","Nitrogen dioxide (NO2)","212","","","24","Maryland","023","Garrett","39.70595","-79.012"
"04/03/2025","AQS","240230002","4","3.7","ppb","3","Piney Run","24","100.0000","42602","Nitrogen dioxide (NO2)","212","","","24","Maryland","023","Garrett","39.70595","-79.012"
"04/04/2025","AQS","240230002","4","5.4","ppb","5","Piney Run","24","100.0000","42602","Nitrogen dioxide (NO2)","212","","","24","Maryland","023","Garrett","39.70595","-79.012"
"04/05/2025","AQS","240230002","4","4.4","ppb","4","Piney Run","24","100.0000","42602","Nitrogen dioxide (NO2)","212","","","24","Maryland","023","Garrett","39.70595","-79.012"
"04/06/2025","AQS","240230002","4","4.2","ppb","4","Piney Run","24","100.0000","42602","Nitrogen dioxide (NO2)","212","","","24","Maryland","023","Garrett","39.70595","-79.012"
"04/07/2025","AQS","240230002","4","5.3","ppb","5","Piney Run","24","100.0000","42602","Nitrogen dioxide (NO2)","212","","","24","Maryland","023","Garrett","39.70595","-79.012"
"04/08/2025","AQS","240230002","4","3.3","ppb","3","Piney Run","23","96.0000","42602","Nitrogen dioxide (NO2)","212","","","24","Maryland","023","Garrett","39.70595","-79.012"
"04/09/2025","AQS","240230002","4","4.5","ppb","4","Piney Run","24","100.0000","42602","Nitrogen dioxide (NO2)","212","","","24","Maryland","023","Garrett","39.70595","-79.012"
"04/10/2025","AQS","240230002","4","6","ppb","6","Piney Run","24","100.0000","42602","Nitrogen dioxide (NO2)","212","","","24","Maryland","023","Garrett","39.70595","-79.012"
"04/11/2025","AQS","240230002","4","4.9","ppb","4","Piney Run","24","100.0000","42602","Nitrogen dioxide (NO2)","212","","","24","Maryland","023","Garrett","39.70595","-79.012"
"04/12/2025","AQS","240230002","4","5.6","ppb","5","Piney Run","24","100.0000","42602","Nitrogen dioxide (NO2)","212","","","24","Maryland","023","Garrett","39.70595","-79.012"
"04/13/2025","AQS","240230002","4","3.4","ppb","3","Piney Run","24","100.0000","42602","Nitrogen dioxide (NO2)","212","","","24","Maryland","023","Garrett","39.70595","-79.012"
"04/14/2025","AQS","240230002","4","6.3","ppb","6","Piney Run","24","100.0000","42602","Nitrogen dioxide (NO2)","212","","","24","Maryland","023","Garrett","39.70595","-79.012"
"04/15/2025","AQS","240230002","4","4.3","ppb","4","Piney Run","23","96.0000","42602","Nitrogen dioxide (NO2)","212","","","24","Maryland","023","Garrett","39.70595","-79.012"
"04/16/2025","AQS","240230002","4","3.5","ppb","3","Piney Run","24","100.0000","42602","Nitrogen dioxide (NO2)","212","","","24","Maryland","023","Garrett","39.70595","-79.012"
"04/17/2025","AQS","240230002","4","5.5","ppb","5","Piney Run","23","96.0000","42602","Nitrogen dioxide (NO2)","212","","","24","Maryland","023","Garrett","39.70595","-79.012"
"04/18/2025","AQS","240230002","4","5.6","ppb","5","Piney Run","24","100.0000","42602","Nitrogen dioxide (NO2)","212","","","24","Maryland","023","Garrett","39.70595","-79.012"
"04/19/2025","AQS","240230002","4","5.9","ppb","5","Piney Run","24","100.0000","42602","Nitrogen dioxide (NO2)","212","","","24","Maryland","023","Garrett","39.70595","-79.012"
"04/20/2025","AQS","240230002","4","3.8","ppb","3","Piney Run","24","100.0000","42602","Nitrogen dioxide (NO2)","212","","","24","Maryland","023","Garrett","39.70595","-79.012"
"04/21/2025","AQS","240230002","4","4","ppb","4","Piney Run","23","96.0000","42602","Nitrogen dioxide (NO2)","212","","","24","Maryland","023","Garrett","39.70595","-79.012"
"04/22/2025","AQS","240230002","4","3.9","ppb","3","Piney Run","23","96.0000","42602","Nitrogen dioxide (NO2)","212","","","24","Maryland","023","Garrett","39.70595","-79.012"
"04/23/2025","AQS","240230002","4","8.6","ppb","8","Piney Run","24","100.0000","42602","Nitrogen dioxide (NO2)","212","","","24","Maryland","023","Garrett","39.70595","-79.012"
"04/24/2025","AQS","240230002","4","5.4","ppb","5","Piney Run","24","100.0000","42602","Nitrogen dioxide (NO2)","212","","","24","Maryland","023","Garrett","39.70595","-79.012"
"04/25/2025","AQS","240230002","4","5.3","ppb","5","Piney Run","24","100.0000","42602","Nitrogen dioxide (NO2)","212","","","24","Maryland","023","Garrett","39.70595","-79.012"
"04/26/2025","AQS","240230002","4","3.4","ppb","3","Piney Run","24","100.0000","42602","Nitrogen dioxide (NO2)","212","","","24","Maryland","023","Garrett","39.70595","-79.012"
"04/27/2025","AQS","240230002","4","2.5","ppb","2","Piney Run","24","100.0000","42602","Nitrogen dioxide (NO2)","212","","","24","Maryland","023","Garrett","39.70595","-79.012"
"04/28/2025","AQS","240230002","4","3.4","ppb","3","Piney Run","24","100.0000","42602","Nitrogen dioxide (NO2)","212","","","24","Maryland","023","Garrett","39.70595","-79.012"
"04/29/2025","AQS","240230002","4","4.2","ppb","4","Piney Run","23","96.0000","42602","Nitrogen dioxide (NO2)","212","","","24","Maryland","023","Garrett","39.70595","-79.012"
"04/30/2025","AQS","240230002","4","3.9","ppb","3","Piney Run","24","100.0000","42602","Nitrogen dioxide (NO2)","212","","","24","Maryland","023","Garrett","39.70595","-79.012"
"05/01/2025","AQS","240230002","4","5.3","ppb","5","Piney Run","23","96.0000","42602","Nitrogen dioxide (NO2)","212","","","24","Maryland","023","Garrett","39.70595","-79.012"
"05/02/2025","AQS","240230002","4","3.8","ppb","3","Piney Run","24","100.0000","42602","Nitrogen dioxide (NO2)","212","","","24","Maryland","023","Garrett","39.70595","-79.012"
"05/03/2025","AQS","240230002","4","2.8","ppb","2","Piney Run","24","100.0000","42602","Nitrogen dioxide (NO2)","212","","","24","Maryland","023","Garrett","39.70595","-79.012"
"05/04/2025","AQS","240230002","4","3.4","ppb","3","Piney Run","24","100.0000","42602","Nitrogen dioxide (NO2)","212","","","24","Maryland","023","Garrett","39.70595","-79.012"
"05/05/2025","AQS","240230002","4","2.9","ppb","2","Piney Run","24","100.0000","42602","Nitrogen dioxide (NO2)","212","","","24","Maryland","023","Garrett","39.70595","-79.012"
"05/06/2025","AQS","240230002","4","2.5","ppb","2","Piney Run","23","96.0000","42602","Nitrogen dioxide (NO2)","212","","","24","Maryland","023","Garrett","39.70595","-79.012"
"05/07/2025","AQS","240230002","4","3.1","ppb","3","Piney Run","24","100.0000","42602","Nitrogen dioxide (NO2)","212","","","24","Maryland","023","Garrett","39.70595","-79.012"
"05/08/2025","AQS","240230002","4","3.8","ppb","3","Piney Run","24","100.0000","42602","Nitrogen dioxide (NO2)","212","","","24","Maryland","023","Garrett","39.70595","-79.012"
"05/09/2025","AQS","240230002","4","3.6","ppb","3","Piney Run","23","96.0000","42602","Nitrogen dioxide (NO2)","212","","","24","Maryland","023","Garrett","39.70595","-79.012"
"05/10/2025","AQS","240230002","4","3.8","ppb","3","Piney Run","24","100.0000","42602","Nitrogen dioxide (NO2)","212","","","24","Maryland","023","Garrett","39.70595","-79.012"
"05/11/2025","AQS","240230002","4","4.1","ppb","4","Piney Run","24","100.0000","42602","Nitrogen dioxide (NO2)","212","","","24","Maryland","023","Garrett","39.70595","-79.012"
"05/12/2025","AQS","240230002","4","4.2","ppb","4","Piney Run","22","92.0000","42602","Nitrogen dioxide (NO2)","212","","","24","Maryland","023","Garrett","39.70595","-79.012"
"05/13/2025","AQS","240230002","4","2.5","ppb","2","Piney Run","23","96.0000","42602","Nitrogen dioxide (NO2)","212","","","24","Maryland","023","Garrett","39.70595","-79.012"
"05/14/2025","AQS","240230002","4","14.7","ppb","13","Piney Run","23","96.0000","42602","Nitrogen dioxide (NO2)","212","","","24","Maryland","023","Garrett","39.70595","-79.012"
"05/15/2025","AQS","240230002","4","13.8","ppb","12","Piney Run","23","96.0000","42602","Nitrogen dioxide (NO2)","212","","","24","Maryland","023","Garrett","39.70595","-79.012"
"05/16/2025","AQS","240230002","4","6.3","ppb","6","Piney Run","24","100.0000","42602","Nitrogen dioxide (NO2)","212","","","24","Maryland","023","Garrett","39.70595","-79.012"
"05/17/2025","AQS","240230002","4","3.8","ppb","3","Piney Run","24","100.0000","42602","Nitrogen dioxide (NO2)","212","","","24","Maryland","023","Garrett","39.70595","-79.012"
"05/18/2025","AQS","240230002","4","2.8","ppb","2","Piney Run","24","100.0000","42602","Nitrogen dioxide (NO2)","212","","","24","Maryland","023","Garrett","39.70595","-79.012"
"05/19/2025","AQS","240230002","4","2.9","ppb","2","Piney Run","24","100.0000","42602","Nitrogen dioxide (NO2)","212","","","24","Maryland","023","Garrett","39.70595","-79.012"
"05/20/2025","AQS","240230002","4","3.4","ppb","3","Piney Run","23","96.0000","42602","Nitrogen dioxide (NO2)","212","","","24","Maryland","023","Garrett","39.70595","-79.012"
"05/21/2025","AQS","240230002","4","4.1","ppb","4","Piney Run","24","100.0000","42602","Nitrogen dioxide (NO2)","212","","","24","Maryland","023","Garrett","39.70595","-79.012"
"05/22/2025","AQS","240230002","4","2.5","ppb","2","Piney Run","24","100.0000","42602","Nitrogen dioxide (NO2)","212","","","24","Maryland","023","Garrett","39.70595","-79.012"
"05/23/2025","AQS","240230002","4","2.7","ppb","2","Piney Run","24","100.0000","42602","Nitrogen dioxide (NO2)","212","","","24","Maryland","023","Garrett","39.70595","-79.012"
"05/24/2025","AQS","240230002","4","3.3","ppb","3","Piney Run","24","100.0000","42602","Nitrogen dioxide (NO2)","212","","","24","Maryland","023","Garrett","39.70595","-79.012"
"05/25/2025","AQS","240230002","4","2.8","ppb","2","Piney Run","24","100.0000","42602","Nitrogen dioxide (NO2)","212","","","24","Maryland","023","Garrett","39.70595","-79.012"
"05/26/2025","AQS","240230002","4","3.4","ppb","3","Piney Run","24","100.0000","42602","Nitrogen dioxide (NO2)","212","","","24","Maryland","023","Garrett","39.70595","-79.012"
"05/27/2025","AQS","240230002","4","3.6","ppb","3","Piney Run","23","96.0000","42602","Nitrogen dioxide (NO2)","212","","","24","Maryland","023","Garrett","39.70595","-79.012"
"05/28/2025","AQS","240230002","4","2.8","ppb","2","Piney Run","24","100.0000","42602","Nitrogen dioxide (NO2)","212","","","24","Maryland","023","Garrett","39.70595","-79.012"
"05/29/2025","AQS","240230002","4","5.2","ppb","5","Piney Run","24","100.0000","42602","Nitrogen dioxide (NO2)","212","","","24","Maryland","023","Garrett","39.70595","-79.012"
"05/30/2025","AQS","240230002","4","6.6","ppb","6","Piney Run","23","96.0000","42602","Nitrogen dioxide (NO2)","212","","","24","Maryland","023","Garrett","39.70595","-79.012"
"05/31/2025","AQS","240230002","4","9.9","ppb","8","Piney Run","24","100.0000","42602","Nitrogen dioxide (NO2)","212","","","24","Maryland","023","Garrett","39.70595","-79.012"
"06/01/2025","AQS","240230002","4","3.1","ppb","3","Piney Run","24","100.0000","42602","Nitrogen dioxide (NO2)","212","","","24","Maryland","023","Garrett","39.70595","-79.012"
"06/02/2025","AQS","240230002","4","5.7","ppb","5","Piney Run","24","100.0000","42602","Nitrogen dioxide (NO2)","212","","","24","Maryland","023","Garrett","39.70595","-79.012"
"06/03/2025","AQS","240230002","4","6.9","ppb","6","Piney Run","22","92.0000","42602","Nitrogen dioxide (NO2)","212","","","24","Maryland","023","Garrett","39.70595","-79.012"
"06/04/2025","AQS","240230002","4","9.8","ppb","8","Piney Run","24","100.0000","42602","Nitrogen dioxide (NO2)","212","","","24","Maryland","023","Garrett","39.70595","-79.012"
"06/05/2025","AQS","240230002","4","12.6","ppb","11","Piney Run","24","100.0000","42602","Nitrogen dioxide (NO2)","212","","","24","Maryland","023","Garrett","39.70595","-79.012"
"06/06/2025","AQS","240230002","4","17.1","ppb","16","Piney Run","24","100.0000","42602","Nitrogen dioxide (NO2)","212","","","24","Maryland","023","Garrett","39.70595","-79.012"
"06/07/2025","AQS","240230002","4","6.4","ppb","6","Piney Run","24","100.0000","42602","Nitrogen dioxide (NO2)","212","","","24","Maryland","023","Garrett","39.70595","-79.012"
"06/08/2025","AQS","240230002","4","19.3","ppb","18","Piney Run","24","100.0000","42602","Nitrogen dioxide (NO2)","212","","","24","Maryland","023","Garrett","39.70595","-79.012"
"06/09/2025","AQS","240230002","4","10.5","ppb","9","Piney Run","24","100.0000","42602","Nitrogen dioxide (NO2)","212","","","24","Maryland","023","Garrett","39.70595","-79.012"
"06/10/2025","AQS","240230002","4","8.8","ppb","8","Piney Run","23","96.0000","42602","Nitrogen dioxide (NO2)","212","","","24","Maryland","023","Garrett","39.70595","-79.012"
"06/11/2025","AQS","240230002","4","7.8","ppb","7","Piney Run","24","100.0000","42602","Nitrogen dioxide (NO2)","212","","","24","Maryland","023","Garrett","39.70595","-79.012"
"06/12/2025","AQS","240230002","4","11.7","ppb","10","Piney Run","24","100.0000","42602","Nitrogen dioxide (NO2)","212","","","24","Maryland","023","Garrett","39.70595","-79.012"
"06/13/2025","AQS","240230002","4","12.3","ppb","11","Piney Run","24","100.0000","42602","Nitrogen dioxide (NO2)","212","","","24","Maryland","023","Garrett","39.70595","-79.012"
"06/14/2025","AQS","240230002","4","9.8","ppb","8","Piney Run","24","100.0000","42602","Nitrogen dioxide (NO2)","212","","","24","Maryland","023","Garrett","39.70595","-79.012"
"06/15/2025","AQS","240230002","4","4.1","ppb","4","Piney Run","24","100.0000","42602","Nitrogen dioxide (NO2)","212","","","24","Maryland","023","Garrett","39.70595","-79.012"
"06/16/2025","AQS","240230002","4","2.9","ppb","2","Piney Run","24","100.0000","42602","Nitrogen dioxide (NO2)","212","","","24","Maryland","023","Garrett","39.70595","-79.012"
"06/17/2025","AQS","240230002","4","3.4","ppb","3","Piney Run","23","96.0000","42602","Nitrogen dioxide (NO2)","212","","","24","Maryland","023","Garrett","39.70595","-79.012"
"06/18/2025","AQS","240230002","4","3.4","ppb","3","Piney Run","24","100.0000","42602","Nitrogen dioxide (NO2)","212","","","24","Maryland","023","Garrett","39.70595","-79.012"
"06/19/2025","AQS","240230002","4","3","ppb","3","Piney Run","24","100.0000","42602","Nitrogen dioxide (NO2)","212","","","24","Maryland","023","Garrett","39.70595","-79.012"
"06/20/2025","AQS","240230002","4","4.7","ppb","4","Piney Run","18","75.0000","42602","Nitrogen dioxide (NO2)","212","","","24","Maryland","023","Garrett","39.70595","-79.012"
"06/21/2025","AQS","240230002","4","4.8","ppb","4","Piney Run","24","100.0000","42602","Nitrogen dioxide (NO2)","212","","","24","Maryland","023","Garrett","39.70595","-79.012"
"06/22/2025","AQS","240230002","4","5.7","ppb","5","Piney Run","24","100.0000","42602","Nitrogen dioxide (NO2)","212","","","24","Maryland","023","Garrett","39.70595","-79.012"
"06/23/2025","AQS","240230002","4","5.8","ppb","5","Piney Run","23","96.0000","42602","Nitrogen dioxide (NO2)","212","","","24","Maryland","023","Garrett","39.70595","-79.012"
"06/24/2025","AQS","240230002","4","5.3","ppb","5","Piney Run","23","96.0000","42602","Nitrogen dioxide (NO2)","212","","","24","Maryland","023","Garrett","39.70595","-79.012"
"06/25/2025","AQS","240230002","4","9.1","ppb","8","Piney Run","24","100.0000","42602","Nitrogen dioxide (NO2)","212","","","24","Maryland","023","Garrett","39.70595","-79.012"
"06/26/2025","AQS","240230002","4","5.8","ppb","5","Piney Run","24","100.0000","42602","Nitrogen dioxide (NO2)","212","","","24","Maryland","023","Garrett","39.70595","-79.012"
"06/27/2025","AQS","240230002","4","4.9","ppb","4","Piney Run","24","100.0000","42602","Nitrogen dioxide (NO2)","212","","","24","Maryland","023","Garrett","39.70595","-79.012"
"06/28/2025","AQS","240230002","4","5.3","ppb","5","Piney Run","24","100.0000","42602","Nitrogen dioxide (NO2)","212","","","24","Maryland","023","Garrett","39.70595","-79.012"
"06/29/2025","AQS","240230002","4","5.4","ppb","5","Piney Run","24","100.0000","42602","Nitrogen dioxide (NO2)","212","","","24","Maryland","023","Garrett","39.70595","-79.012"
"06/30/2025","AQS","240230002","4","5.4","ppb","5","Piney Run","24","100.0000","42602","Nitrogen dioxide (NO2)","212","","","24","Maryland","023","Garrett","39.70595","-79.012"
"07/01/2025","AQS","240230002","4","5.2","ppb","5","Piney Run","23","96.0000","42602","Nitrogen dioxide (NO2)","212","","","24","Maryland","023","Garrett","39.70595","-79.012"
"07/02/2025","AQS","240230002","4","5.2","ppb","5","Piney Run","24","100.0000","42602","Nitrogen dioxide (NO2)","212","","","24","Maryland","023","Garrett","39.70595","-79.012"
"07/03/2025","AQS","240230002","4","6.3","ppb","6","Piney Run","24","100.0000","42602","Nitrogen dioxide (NO2)","212","","","24","Maryland","023","Garrett","39.70595","-79.012"
"07/04/2025","AQS","240230002","4","7.4","ppb","7","Piney Run","24","100.0000","42602","Nitrogen dioxide (NO2)","212","","","24","Maryland","023","Garrett","39.70595","-79.012"
"07/05/2025","AQS","240230002","4","6.4","ppb","6","Piney Run","24","100.0000","42602","Nitrogen dioxide (NO2)","212","","","24","Maryland","023","Garrett","39.70595","-79.012"
"07/06/2025","AQS","240230002","4","6.4","ppb","6","Piney Run","24","100.0000","42602","Nitrogen dioxide (NO2)","212","","","24","Maryland","023","Garrett","39.70595","-79.012"
"07/07/2025","AQS","240230002","4","6.3","ppb","6","Piney Run","24","100.0000","42602","Nitrogen dioxide (NO2)","212","","","24","Maryland","023","Garrett","39.70595","-79.012"
"07/08/2025","AQS","240230002","4","5.6","ppb","5","Piney Run","23","96.0000","42602","Nitrogen dioxide (NO2)","212","","","24","Maryland","023","Garrett","39.70595","-79.012"
"07/09/2025","AQS","240230002","4","7.7","ppb","7","Piney Run","24","100.0000","42602","Nitrogen dioxide (NO2)","212","","","24","Maryland","023","Garrett","39.70595","-79.012"
"07/10/2025","AQS","240230002","4","5.8","ppb","5","Piney Run","24","100.0000","42602","Nitrogen dioxide (NO2)","212","","","24","Maryland","023","Garrett","39.70595","-79.012"
"07/11/2025","AQS","240230002","4","6.8","ppb","6","Piney Run","24","100.0000","42602","Nitrogen dioxide (NO2)","212","","","24","Maryland","023","Garrett","39.70595","-79.012"
"07/12/2025","AQS","240230002","4","6.1","ppb","6","Piney Run","24","100.0000","42602","Nitrogen dioxide (NO2)","212","","","24","Maryland","023","Garrett","39.70595","-79.012"
"07/13/2025","AQS","240230002","4","3.2","ppb","3","Piney Run","24","100.0000","42602","Nitrogen dioxide (NO2)","212","","","24","Maryland","023","Garrett","39.70595","-79.012"
"07/14/2025","AQS","240230002","4","4.5","ppb","4","Piney Run","24","100.0000","42602","Nitrogen dioxide (NO2)","212","","","24","Maryland","023","Garrett","39.70595","-79.012"
"07/15/2025","AQS","240230002","4","4.9","ppb","4","Piney Run","23","96.0000","42602","Nitrogen dioxide (NO2)","212","","","24","Maryland","023","Garrett","39.70595","-79.012"
"07/16/2025","AQS","240230002","4","4.1","ppb","4","Piney Run","24","100.0000","42602","Nitrogen dioxide (NO2)","212","","","24","Maryland","023","Garrett","39.70595","-79.012"
"07/17/2025","AQS","240230002","4","4.9","ppb","4","Piney Run","24","100.0000","42602","Nitrogen dioxide (NO2)","212","","","24","Maryland","023","Garrett","39.70595","-79.012"
"07/18/2025","AQS","240230002","4","3.9","ppb","3","Piney Run","24","100.0000","42602","Nitrogen dioxide (NO2)","212","","","24","Maryland","023","Garrett","39.70595","-79.012"
"07/19/2025","AQS","240230002","4","3.9","ppb","3","Piney Run","24","100.0000","42602","Nitrogen dioxide (NO2)","212","","","24","Maryland","023","Garrett","39.70595","-79.012"
"07/20/2025","AQS","240230002","4","4.9","ppb","4","Piney Run","24","100.0000","42602","Nitrogen dioxide (NO2)","212","","","24","Maryland","023","Garrett","39.70595","-79.012"
"07/21/2025","AQS","240230002","4","5.6","ppb","5","Piney Run","24","100.0000","42602","Nitrogen dioxide (NO2)","212","","","24","Maryland","023","Garrett","39.70595","-79.012"
"07/22/2025","AQS","240230002","4","7.2","ppb","7","Piney Run","23","96.0000","42602","Nitrogen dioxide (NO2)","212","","","24","Maryland","023","Garrett","39.70595","-79.012"
"07/23/2025","AQS","240230002","4","7.3","ppb","7","Piney Run","24","100.0000","42602","Nitrogen dioxide (NO2)","212","","","24","Maryland","023","Garrett","39.70595","-79.012"
"07/24/2025","AQS","240230002","4","6","ppb","6","Piney Run","24","100.0000","42602","Nitrogen dioxide (NO2)","212","","","24","Maryland","023","Garrett","39.70595","-79.012"
"07/25/2025","AQS","240230002","4","7.2","ppb","7","Piney Run","24","100.0000","42602","Nitrogen dioxide (NO2)","212","","","24","Maryland","023","Garrett","39.70595","-79.012"
"07/26/2025","AQS","240230002","4","6","ppb","6","Piney Run","24","100.0000","42602","Nitrogen dioxide (NO2)","212","","","24","Maryland","023","Garrett","39.70595","-79.012"
"07/27/2025","AQS","240230002","4","5.2","ppb","5","Piney Run","24","100.0000","42602","Nitrogen dioxide (NO2)","212","","","24","Maryland","023","Garrett","39.70595","-79.012"
"07/28/2025","AQS","240230002","4","4.3","ppb","4","Piney Run","24","100.0000","42602","Nitrogen dioxide (NO2)","212","","","24","Maryland","023","Garrett","39.70595","-79.012"
"07/29/2025","AQS","240230002","4","4.8","ppb","4","Piney Run","23","96.0000","42602","Nitrogen dioxide (NO2)","212","","","24","Maryland","023","Garrett","39.70595","-79.012"
"07/30/2025","AQS","240230002","4","4.2","ppb","4","Piney Run","24","100.0000","42602","Nitrogen dioxide (NO2)","212","","","24","Maryland","023","Garrett","39.70595","-79.012"
"07/31/2025","AQS","240230002","4","8.9","ppb","8","Piney Run","24","100.0000","42602","Nitrogen dioxide (NO2)","212","","","24","Maryland","023","Garrett","39.70595","-79.012"
"08/01/2025","AQS","240230002","4","7","ppb","7","Piney Run","24","100.0000","42602","Nitrogen dioxide (NO2)","212","","","24","Maryland","023","Garrett","39.70595","-79.012"
"08/02/2025","AQS","240230002","4","3.7","ppb","3","Piney Run","24","100.0000","42602","Nitrogen dioxide (NO2)","212","","","24","Maryland","023","Garrett","39.70595","-79.012"
"08/03/2025","AQS","240230002","4","3.4","ppb","3","Piney Run","24","100.0000","42602","Nitrogen dioxide (NO2)","212","","","24","Maryland","023","Garrett","39.70595","-79.012"
"08/04/2025","AQS","240230002","4","6.5","ppb","6","Piney Run","23","96.0000","42602","Nitrogen dioxide (NO2)","212","","","24","Maryland","023","Garrett","39.70595","-79.012"
"08/05/2025","AQS","240230002","4","11.7","ppb","10","Piney Run","23","96.0000","42602","Nitrogen dioxide (NO2)","212","","","24","Maryland","023","Garrett","39.70595","-79.012"
"08/06/2025","AQS","240230002","4","10.6","ppb","9","Piney Run","24","100.0000","42602","Nitrogen dioxide (NO2)","212","","","24","Maryland","023","Garrett","39.70595","-79.012"
"08/07/2025","AQS","240230002","4","14.9","ppb","13","Piney Run","24","100.0000","42602","Nitrogen dioxide (NO2)","212","","","24","Maryland","023","Garrett","39.70595","-79.012"
"08/08/2025","AQS","240230002","4","11.3","ppb","10","Piney Run","24","100.0000","42602","Nitrogen dioxide (NO2)","212","","","24","Maryland","023","Garrett","39.70595","-79.012"
"08/09/2025","AQS","240230002","4","6.1","ppb","6","Piney Run","24","100.0000","42602","Nitrogen dioxide (NO2)","212","","","24","Maryland","023","Garrett","39.70595","-79.012"
"08/10/2025","AQS","240230002","4","5.1","ppb","5","Piney Run","24","100.0000","42602","Nitrogen dioxide (NO2)","212","","","24","Maryland","023","Garrett","39.70595","-79.012"
"08/11/2025","AQS","240230002","4","4.5","ppb","4","Piney Run","24","100.0000","42602","Nitrogen dioxide (NO2)","212","","","24","Maryland","023","Garrett","39.70595","-79.012"
"08/12/2025","AQS","240230002","4","3.6","ppb","3","Piney Run","23","96.0000","42602","Nitrogen dioxide (NO2)","212","","","24","Maryland","023","Garrett","39.70595","-79.012"
"08/13/2025","AQS","240230002","4","2.7","ppb","2","Piney Run","24","100.0000","42602","Nitrogen dioxide (NO2)","212","","","24","Maryland","023","Garrett","39.70595","-79.012"
"08/14/2025","AQS","240230002","4","4.6","ppb","4","Piney Run","24","100.0000","42602","Nitrogen dioxide (NO2)","212","","","24","Maryland","023","Garrett","39.70595","-79.012"
"08/15/2025","AQS","240230002","4","5.4","ppb","5","Piney Run","24","100.0000","42602","Nitrogen dioxide (NO2)","212","","","24","Maryland","023","Garrett","39.70595","-79.012"
"08/16/2025","AQS","240230002","4","7.1","ppb","7","Piney Run","24","100.0000","42602","Nitrogen dioxide (NO2)","212","","","24","Maryland","023","Garrett","39.70595","-79.012"
"08/17/2025","AQS","240230002","4","6.4","ppb","6","Piney Run","24","100.0000","42602","Nitrogen dioxide (NO2)","212","","","24","Maryland","023","Garrett","39.70595","-79.012"
"08/18/2025","AQS","240230002","4","4","ppb","4","Piney Run","24","100.0000","42602","Nitrogen dioxide (NO2)","212","","","24","Maryland","023","Garrett","39.70595","-79.012"
"08/19/2025","AQS","240230002","4","3.2","ppb","3","Piney Run","23","96.0000","42602","Nitrogen dioxide (NO2)","212","","","24","Maryland","023","Garrett","39.70595","-79.012"
"08/20/2025","AQS","240230002","4","4.2","ppb","4","Piney Run","24","100.0000","42602","Nitrogen dioxide (NO2)","212","","","24","Maryland","023","Garrett","39.70595","-79.012"
"08/21/2025","AQS","240230002","4","2.7","ppb","2","Piney Run","24","100.0000","42602","Nitrogen dioxide (NO2)","212","","","24","Maryland","023","Garrett","39.70595","-79.012"
"08/22/2025","AQS","240230002","4","2.6","ppb","2","Piney Run","24","100.0000","42602","Nitrogen dioxide (NO2)","212","","","24","Maryland","023","Garrett","39.70595","-79.012"
"08/23/2025","AQS","240230002","4","4.6","ppb","4","Piney Run","24","100.0000","42602","Nitrogen dioxide (NO2)","212","","","24","Maryland","023","Garrett","39.70595","-79.012"
"08/24/2025","AQS","240230002","4","4.5","ppb","4","Piney Run","24","100.0000","42602","Nitrogen dioxide (NO2)","212","","","24","Maryland","023","Garrett","39.70595","-79.012"
"08/25/2025","AQS","240230002","4","2.9","ppb","2","Piney Run","24","100.0000","42602","Nitrogen dioxide (NO2)","212","","","24","Maryland","023","Garrett","39.70595","-79.012"
"08/26/2025","AQS","240230002","4","4.4","ppb","4","Piney Run","20","83.0000","42602","Nitrogen dioxide (NO2)","212","","","24","Maryland","023","Garrett","39.70595","-79.012"
"08/27/2025","AQS","240230002","4","4.3","ppb","4","Piney Run","24","100.0000","42602","Nitrogen dioxide (NO2)","212","","","24","Maryland","023","Garrett","39.70595","-79.012"
"08/28/2025","AQS","240230002","4","3.4","ppb","3","Piney Run","24","100.0000","42602","Nitrogen dioxide (NO2)","212","","","24","Maryland","023","Garrett","39.70595","-79.012"
"08/29/2025","AQS","240230002","4","3.7","ppb","3","Piney Run","24","100.0000","42602","Nitrogen dioxide (NO2)","212","","","24","Maryland","023","Garrett","39.70595","-79.012"
"08/30/2025","AQS","240230002","4","3","ppb","3","Piney Run","24","100.0000","42602","Nitrogen dioxide (NO2)","212","","","24","Maryland","023","Garrett","39.70595","-79.012"
"08/31/2025","AQS","240230002","4","3.3","ppb","3","Piney Run","24","100.0000","42602","Nitrogen dioxide (NO2)","212","","","24","Maryland","023","Garrett","39.70595","-79.012"
"09/01/2025","AQS","240230002","4","2.9","ppb","2","Piney Run","24","100.0000","42602","Nitrogen dioxide (NO2)","212","","","24","Maryland","023","Garrett","39.70595","-79.012"
"09/02/2025","AQS","240230002","4","3.2","ppb","3","Piney Run","23","96.0000","42602","Nitrogen dioxide (NO2)","212","","","24","Maryland","023","Garrett","39.70595","-79.012"
"09/03/2025","AQS","240230002","4","4.3","ppb","4","Piney Run","24","100.0000","42602","Nitrogen dioxide (NO2)","212","","","24","Maryland","023","Garrett","39.70595","-79.012"
"09/04/2025","AQS","240230002","4","4.3","ppb","4","Piney Run","24","100.0000","42602","Nitrogen dioxide (NO2)","212","","","24","Maryland","023","Garrett","39.70595","-79.012"
"09/05/2025","AQS","240230002","4","6.3","ppb","6","Piney Run","24","100.0000","42602","Nitrogen dioxide (NO2)","212","","","24","Maryland","023","Garrett","39.70595","-79.012"
"09/06/2025","AQS","240230002","4","7","ppb","7","Piney Run","24","100.0000","42602","Nitrogen dioxide (NO2)","212","","","24","Maryland","023","Garrett","39.70595","-79.012"
"09/07/2025","AQS","240230002","4","3.7","ppb","3","Piney Run","24","100.0000","42602","Nitrogen dioxide (NO2)","212","","","24","Maryland","023","Garrett","39.70595","-79.012"
"09/08/2025","AQS","240230002","4","3.4","ppb","3","Piney Run","24","100.0000","42602","Nitrogen dioxide (NO2)","212","","","24","Maryland","023","Garrett","39.70595","-79.012"
"09/09/2025","AQS","240230002","4","3.1","ppb","3","Piney Run","23","96.0000","42602","Nitrogen dioxide (NO2)","212","","","24","Maryland","023","Garrett","39.70595","-79.012"
"09/10/2025","AQS","240230002","4","4","ppb","4","Piney Run","24","100.0000","42602","Nitrogen dioxide (NO2)","212","","","24","Maryland","023","Garrett","39.70595","-79.012"
"09/11/2025","AQS","240230002","4","4","ppb","4","Piney Run","24","100.0000","42602","Nitrogen dioxide (NO2)","212","","","24","Maryland","023","Garrett","39.70595","-79.012"
"09/12/2025","AQS","240230002","4","4.3","ppb","4","Piney Run","22","92.0000","42602","Nitrogen dioxide (NO2)","212","","","24","Maryland","023","Garrett","39.70595","-79.012"
"09/13/2025","AQS","240230002","4","4.9","ppb","4","Piney Run","24","100.0000","42602","Nitrogen dioxide (NO2)","212","","","24","Maryland","023","Garrett","39.70595","-79.012"
"09/14/2025","AQS","240230002","4","5","ppb","5","Piney Run","24","100.0000","42602","Nitrogen dioxide (NO2)","212","","","24","Maryland","023","Garrett","39.70595","-79.012"
"09/15/2025","AQS","240230002","4","5.5","ppb","5","Piney Run","24","100.0000","42602","Nitrogen dioxide (NO2)","212","","","24","Maryland","023","Garrett","39.70595","-79.012"
"09/16/2025","AQS","240230002","4","5.2","ppb","5","Piney Run","21","88.0000","42602","Nitrogen dioxide (NO2)","212","","","24","Maryland","023","Garrett","39.70595","-79.012"
"09/17/2025","AQS","240230002","4","5","ppb","5","Piney Run","24","100.0000","42602","Nitrogen dioxide (NO2)","212","","","24","Maryland","023","Garrett","39.70595","-79.012"
"09/18/2025","AQS","240230002","4","6.2","ppb","6","Piney Run","24","100.0000","42602","Nitrogen dioxide (NO2)","212","","","24","Maryland","023","Garrett","39.70595","-79.012"
"09/19/2025","AQS","240230002","4","6.6","ppb","6","Piney Run","24","100.0000","42602","Nitrogen dioxide (NO2)","212","","","24","Maryland","023","Garrett","39.70595","-79.012"
"09/20/2025","AQS","240230002","4","6.5","ppb","6","Piney Run","24","100.0000","42602","Nitrogen dioxide (NO2)","212","","","24","Maryland","023","Garrett","39.70595","-79.012"
"09/21/2025","AQS","240230002","4","4.1","ppb","4","Piney Run","24","100.0000","42602","Nitrogen dioxide (NO2)","212","","","24","Maryland","023","Garrett","39.70595","-79.012"
"09/22/2025","AQS","240230002","4","6.5","ppb","6","Piney Run","24","100.0000","42602","Nitrogen dioxide (NO2)","212","","","24","Maryland","023","Garrett","39.70595","-79.012"
"09/23/2025","AQS","240230002","4","4.2","ppb","4","Piney Run","23","96.0000","42602","Nitrogen dioxide (NO2)","212","","","24","Maryland","023","Garrett","39.70595","-79.012"
"09/24/2025","AQS","240230002","4","5.3","ppb","5","Piney Run","23","96.0000","42602","Nitrogen dioxide (NO2)","212","","","24","Maryland","023","Garrett","39.70595","-79.012"
"09/25/2025","AQS","240230002","4","4.3","ppb","4","Piney Run","24","100.0000","42602","Nitrogen dioxide (NO2)","212","","","24","Maryland","023","Garrett","39.70595","-79.012"
"09/27/2025","AQS","240230002","4","7","ppb","7","Piney Run","24","100.0000","42602","Nitrogen dioxide (NO2)","212","","","24","Maryland","023","Garrett","39.70595","-79.012"
"09/28/2025","AQS","240230002","4","7","ppb","7","Piney Run","24","100.0000","42602","Nitrogen dioxide (NO2)","212","","","24","Maryland","023","Garrett","39.70595","-79.012"
"09/29/2025","AQS","240230002","4","6.6","ppb","6","Piney Run","24","100.0000","42602","Nitrogen dioxide (NO2)","212","","","24","Maryland","023","Garrett","39.70595","-79.012"
"09/30/2025","AQS","240230002","4","6.4","ppb","6","Piney Run","18","75.0000","42602","Nitrogen dioxide (NO2)","212","","","24","Maryland","023","Garrett","39.70595","-79.012"
"05/16/2025","AQS","240270006","4","25","ppb","24","Howard County Near Road","21","88.0000","42602","Nitrogen dioxide (NO2)","212","12580","Baltimore-Columbia-Towson, MD","24","Maryland","027","Howard","39.14313","-76.84611"
"05/17/2025","AQS","240270006","4","21.3","ppb","20","Howard County Near Road","24","100.0000","42602","Nitrogen dioxide (NO2)","212","12580","Baltimore-Columbia-Towson, MD","24","Maryland","027","Howard","39.14313","-76.84611"
"05/18/2025","AQS","240270006","4","10.7","ppb","9","Howard County Near Road","24","100.0000","42602","Nitrogen dioxide (NO2)","212","12580","Baltimore-Columbia-Towson, MD","24","Maryland","027","Howard","39.14313","-76.84611"
"05/19/2025","AQS","240270006","4","22.9","ppb","21","Howard County Near Road","23","96.0000","42602","Nitrogen dioxide (NO2)","212","12580","Baltimore-Columbia-Towson, MD","24","Maryland","027","Howard","39.14313","-76.84611"
"05/20/2025","AQS","240270006","4","34","ppb","32","Howard County Near Road","24","100.0000","42602","Nitrogen dioxide (NO2)","212","12580","Baltimore-Columbia-Towson, MD","24","Maryland","027","Howard","39.14313","-76.84611"
"05/21/2025","AQS","240270006","4","24.7","ppb","23","Howard County Near Road","23","96.0000","42602","Nitrogen dioxide (NO2)","212","12580","Baltimore-Columbia-Towson, MD","24","Maryland","027","Howard","39.14313","-76.84611"
"05/22/2025","AQS","240270006","4","29.7","ppb","27","Howard County Near Road","24","100.0000","42602","Nitrogen dioxide (NO2)","212","12580","Baltimore-Columbia-Towson, MD","24","Maryland","027","Howard","39.14313","-76.84611"
"05/23/2025","AQS","240270006","4","13.1","ppb","12","Howard County Near Road","23","96.0000","42602","Nitrogen dioxide (NO2)","212","12580","Baltimore-Columbia-Towson, MD","24","Maryland","027","Howard","39.14313","-76.84611"
"05/24/2025","AQS","240270006","4","19.7","ppb","18","Howard County Near Road","24","100.0000","42602","Nitrogen dioxide (NO2)","212","12580","Baltimore-Columbia-Towson, MD","24","Maryland","027","Howard","39.14313","-76.84611"
"05/25/2025","AQS","240270006","4","22.2","ppb","21","Howard County Near Road","24","100.0000","42602","Nitrogen dioxide (NO2)","212","12580","Baltimore-Columbia-Towson, MD","24","Maryland","027","Howard","39.14313","-76.84611"
"05/26/2025","AQS","240270006","4","31.3","ppb","29","Howard County Near Road","23","96.0000","42602","Nitrogen dioxide (NO2)","212","12580","Baltimore-Columbia-Towson, MD","24","Maryland","027","Howard","39.14313","-76.84611"
"05/27/2025","AQS","240270006","4","31.8","ppb","29","Howard County Near Road","24","100.0000","42602","Nitrogen dioxide (NO2)","212","12580","Baltimore-Columbia-Towson, MD","24","Maryland","027","Howard","39.14313","-76.84611"
"05/28/2025","AQS","240270006","4","23.9","ppb","22","Howard County Near Road","23","96.0000","42602","Nitrogen dioxide (NO2)","212","12580","Baltimore-Columbia-Towson, MD","24","Maryland","027","Howard","39.14313","-76.84611"
"05/29/2025","AQS","240270006","4","30.5","ppb","28","Howard County Near Road","24","100.0000","42602","Nitrogen dioxide (NO2)","212","12580","Baltimore-Columbia-Towson, MD","24","Maryland","027","Howard","39.14313","-76.84611"
"05/30/2025","AQS","240270006","4","23.4","ppb","22","Howard County Near Road","23","96.0000","42602","Nitrogen dioxide (NO2)","212","12580","Baltimore-Columbia-Towson, MD","24","Maryland","027","Howard","39.14313","-76.84611"
"05/31/2025","AQS","240270006","4","9.2","ppb","8","Howard County Near Road","24","100.0000","42602","Nitrogen dioxide (NO2)","212","12580","Baltimore-Columbia-Towson, MD","24","Maryland","027","Howard","39.14313","-76.84611"
"06/01/2025","AQS","240270006","4","15.9","ppb","14","Howard County Near Road","24","100.0000","42602","Nitrogen dioxide (NO2)","212","12580","Baltimore-Columbia-Towson, MD","24","Maryland","027","Howard","39.14313","-76.84611"
"06/02/2025","AQS","240270006","4","31.3","ppb","29","Howard County Near Road","23","96.0000","42602","Nitrogen dioxide (NO2)","212","12580","Baltimore-Columbia-Towson, MD","24","Maryland","027","Howard","39.14313","-76.84611"
"06/12/2025","AQS","240270006","4","33.7","ppb","31","Howard County Near Road","18","75.0000","42602","Nitrogen dioxide (NO2)","212","12580","Baltimore-Columbia-Towson, MD","24","Maryland","027","Howard","39.14313","-76.84611"
"06/13/2025","AQS","240270006","4","31.7","ppb","29","Howard County Near Road","23","96.0000","42602","Nitrogen dioxide (NO2)","212","12580","Baltimore-Columbia-Towson, MD","24","Maryland","027","Howard","39.14313","-76.84611"
"06/14/2025","AQS","240270006","4","23.2","ppb","22","Howard County Near Road","24","100.0000","42602","Nitrogen dioxide (NO2)","212","12580","Baltimore-Columbia-Towson, MD","24","Maryland","027","Howard","39.14313","-76.84611"
"06/15/2025","AQS","240270006","4","11.8","ppb","10","Howard County Near Road","24","100.0000","42602","Nitrogen dioxide (NO2)","212","12580","Baltimore-Columbia-Towson, MD","24","Maryland","027","Howard","39.14313","-76.84611"
"06/16/2025","AQS","240270006","4","18.7","ppb","17","Howard County Near Road","22","92.0000","42602","Nitrogen dioxide (NO2)","212","12580","Baltimore-Columbia-Towson, MD","24","Maryland","027","Howard","39.14313","-76.84611"
"06/17/2025","AQS","240270006","4","20.5","ppb","19","Howard County Near Road","24","100.0000","42602","Nitrogen dioxide (NO2)","212","12580","Baltimore-Columbia-Towson, MD","24","Maryland","027","Howard","39.14313","-76.84611"
"06/18/2025","AQS","240270006","4","20.9","ppb","19","Howard County Near Road","23","96.0000","42602","Nitrogen dioxide (NO2)","212","12580","Baltimore-Columbia-Towson, MD","24","Maryland","027","Howard","39.14313","-76.84611"
"06/19/2025","AQS","240270006","4","28.4","ppb","26","Howard County Near Road","24","100.0000","42602","Nitrogen dioxide (NO2)","212","12580","Baltimore-Columbia-Towson, MD","24","Maryland","027","Howard","39.14313","-76.84611"
"06/20/2025","AQS","240270006","4","23","ppb","22","Howard County Near Road","23","96.0000","42602","Nitrogen dioxide (NO2)","212","12580","Baltimore-Columbia-Towson, MD","24","Maryland","027","Howard","39.14313","-76.84611"
"06/21/2025","AQS","240270006","4","27.6","ppb","25","Howard County Near Road","24","100.0000","42602","Nitrogen dioxide (NO2)","212","12580","Baltimore-Columbia-Towson, MD","24","Maryland","027","Howard","39.14313","-76.84611"
"06/22/2025","AQS","240270006","4","25.3","ppb","24","Howard County Near Road","24","100.0000","42602","Nitrogen dioxide (NO2)","212","12580","Baltimore-Columbia-Towson, MD","24","Maryland","027","Howard","39.14313","-76.84611"
"06/23/2025","AQS","240270006","4","18.4","ppb","17","Howard County Near Road","23","96.0000","42602","Nitrogen dioxide (NO2)","212","12580","Baltimore-Columbia-Towson, MD","24","Maryland","027","Howard","39.14313","-76.84611"
"06/24/2025","AQS","240270006","4","25.4","ppb","24","Howard County Near Road","24","100.0000","42602","Nitrogen dioxide (NO2)","212","12580","Baltimore-Columbia-Towson, MD","24","Maryland","027","Howard","39.14313","-76.84611"
"06/25/2025","AQS","240270006","4","24.1","ppb","23","Howard County Near Road","23","96.0000","42602","Nitrogen dioxide (NO2)","212","12580","Baltimore-Columbia-Towson, MD","24","Maryland","027","Howard","39.14313","-76.84611"
"06/26/2025","AQS","240270006","4","29.8","ppb","27","Howard County Near Road","24","100.0000","42602","Nitrogen dioxide (NO2)","212","12580","Baltimore-Columbia-Towson, MD","24","Maryland","027","Howard","39.14313","-76.84611"
"06/27/2025","AQS","240270006","4","20.5","ppb","19","Howard County Near Road","21","88.0000","42602","Nitrogen dioxide (NO2)","212","12580","Baltimore-Columbia-Towson, MD","24","Maryland","027","Howard","39.14313","-76.84611"
"06/28/2025","AQS","240270006","4","17.5","ppb","16","Howard County Near Road","24","100.0000","42602","Nitrogen dioxide (NO2)","212","12580","Baltimore-Columbia-Towson, MD","24","Maryland","027","Howard","39.14313","-76.84611"
"06/29/2025","AQS","240270006","4","16.7","ppb","15","Howard County Near Road","24","100.0000","42602","Nitrogen dioxide (NO2)","212","12580","Baltimore-Columbia-Towson, MD","24","Maryland","027","Howard","39.14313","-76.84611"
"06/30/2025","AQS","240270006","4","31.2","ppb","29","Howard County Near Road","23","96.0000","42602","Nitrogen dioxide (NO2)","212","12580","Baltimore-Columbia-Towson, MD","24","Maryland","027","Howard","39.14313","-76.84611"
"01/01/2025","AQS","240330030","4","13.6","ppb","12","HU-Beltsville","24","100.0000","42602","Nitrogen dioxide (NO2)","212","47900","Washington-Arlington-Alexandria, DC-VA-MD-WV","24","Maryland","033","Prince George's","39.055277","-76.878333"
"01/02/2025","AQS","240330030","4","14.1","ppb","13","HU-Beltsville","24","100.0000","42602","Nitrogen dioxide (NO2)","212","47900","Washington-Arlington-Alexandria, DC-VA-MD-WV","24","Maryland","033","Prince George's","39.055277","-76.878333"
"01/03/2025","AQS","240330030","4","20.3","ppb","19","HU-Beltsville","24","100.0000","42602","Nitrogen dioxide (NO2)","212","47900","Washington-Arlington-Alexandria, DC-VA-MD-WV","24","Maryland","033","Prince George's","39.055277","-76.878333"
"01/04/2025","AQS","240330030","4","5.1","ppb","5","HU-Beltsville","24","100.0000","42602","Nitrogen dioxide (NO2)","212","47900","Washington-Arlington-Alexandria, DC-VA-MD-WV","24","Maryland","033","Prince George's","39.055277","-76.878333"
"01/05/2025","AQS","240330030","4","11.7","ppb","10","HU-Beltsville","24","100.0000","42602","Nitrogen dioxide (NO2)","212","47900","Washington-Arlington-Alexandria, DC-VA-MD-WV","24","Maryland","033","Prince George's","39.055277","-76.878333"
"01/06/2025","AQS","240330030","4","12.9","ppb","11","HU-Beltsville","24","100.0000","42602","Nitrogen dioxide (NO2)","212","47900","Washington-Arlington-Alexandria, DC-VA-MD-WV","24","Maryland","033","Prince George's","39.055277","-76.878333"
"01/07/2025","AQS","240330030","4","5.9","ppb","5","HU-Beltsville","24","100.0000","42602","Nitrogen dioxide (NO2)","212","47900","Washington-Arlington-Alexandria, DC-VA-MD-WV","24","Maryland","033","Prince George's","39.055277","-76.878333"
"01/08/2025","AQS","240330030","4","8.3","ppb","8","HU-Beltsville","24","100.0000","42602","Nitrogen dioxide (NO2)","212","47900","Washington-Arlington-Alexandria, DC-VA-MD-WV","24","Maryland","033","Prince George's","39.055277","-76.878333"
"01/09/2025","AQS","240330030","4","6.6","ppb","6","HU-Beltsville","24","100.0000","42602","Nitrogen dioxide (NO2)","212","47900","Washington-Arlington-Alexandria, DC-VA-MD-WV","24","Maryland","033","Prince George's","39.055277","-76.878333"
"01/10/2025","AQS","240330030","4","16.6","ppb","15","HU-Beltsville","24","100.0000","42602","Nitrogen dioxide (NO2)","212","47900","Washington-Arlington-Alexandria, DC-VA-MD-WV","24","Maryland","033","Prince George's","39.055277","-76.878333"
"01/11/2025","AQS","240330030","4","16.5","ppb","15","HU-Beltsville","24","100.0000","42602","Nitrogen dioxide (NO2)","212","47900","Washington-Arlington-Alexandria, DC-VA-MD-WV","24","Maryland","033","Prince George's","39.055277","-76.878333"
"01/12/2025","AQS","240330030","4","26.6","ppb","25","HU-Beltsville","24","100.0000","42602","Nitrogen dioxide (NO2)","212","47900","Washington-Arlington-Alexandria, DC-VA-MD-WV","24","Maryland","033","Prince George's","39.055277","-76.878333"
"01/13/2025","AQS","240330030","4","39.3","ppb","37","HU-Beltsville","24","100.0000","42602","Nitrogen dioxide (NO2)","212","47900","Washington-Arlington-Alexandria, DC-VA-MD-WV","24","Maryland","033","Prince George's","39.055277","-76.878333"
"01/14/2025","AQS","240330030","4","11.2","ppb","10","HU-Beltsville","24","100.0000","42602","Nitrogen dioxide (NO2)","212","47900","Washington-Arlington-Alexandria, DC-VA-MD-WV","24","Maryland","033","Prince George's","39.055277","-76.878333"
"01/15/2025","AQS","240330030","4","9.1","ppb","8","HU-Beltsville","24","100.0000","42602","Nitrogen dioxide (NO2)","212","47900","Washington-Arlington-Alexandria, DC-VA-MD-WV","24","Maryland","033","Prince George's","39.055277","-76.878333"
"01/16/2025","AQS","240330030","4","30.2","ppb","28","HU-Beltsville","24","100.0000","42602","Nitrogen dioxide (NO2)","212","47900","Washington-Arlington-Alexandria, DC-VA-MD-WV","24","Maryland","033","Prince George's","39.055277","-76.878333"
"01/17/2025","AQS","240330030","4","25.4","ppb","24","HU-Beltsville","24","100.0000","42602","Nitrogen dioxide (NO2)","212","47900","Washington-Arlington-Alexandria, DC-VA-MD-WV","24","Maryland","033","Prince George's","39.055277","-76.878333"
"01/18/2025","AQS","240330030","4","24.5","ppb","23","HU-Beltsville","24","100.0000","42602","Nitrogen dioxide (NO2)","212","47900","Washington-Arlington-Alexandria, DC-VA-MD-WV","24","Maryland","033","Prince George's","39.055277","-76.878333"
"01/19/2025","AQS","240330030","4","18.8","ppb","17","HU-Beltsville","24","100.0000","42602","Nitrogen dioxide (NO2)","212","47900","Washington-Arlington-Alexandria, DC-VA-MD-WV","24","Maryland","033","Prince George's","39.055277","-76.878333"
"01/20/2025","AQS","240330030","4","12.1","ppb","11","HU-Beltsville","24","100.0000","42602","Nitrogen dioxide (NO2)","212","47900","Washington-Arlington-Alexandria, DC-VA-MD-WV","24","Maryland","033","Prince George's","39.055277","-76.878333"
"01/21/2025","AQS","240330030","4","14.2","ppb","13","HU-Beltsville","24","100.0000","42602","Nitrogen dioxide (NO2)","212","47900","Washington-Arlington-Alexandria, DC-VA-MD-WV","24","Maryland","033","Prince George's","39.055277","-76.878333"
"01/22/2025","AQS","240330030","4","19.2","ppb","18","HU-Beltsville","24","100.0000","42602","Nitrogen dioxide (NO2)","212","47900","Washington-Arlington-Alexandria, DC-VA-MD-WV","24","Maryland","033","Prince George's","39.055277","-76.878333"
"01/23/2025","AQS","240330030","4","37","ppb","35","HU-Beltsville","24","100.0000","42602","Nitrogen dioxide (NO2)","212","47900","Washington-Arlington-Alexandria, DC-VA-MD-WV","24","Maryland","033","Prince George's","39.055277","-76.878333"
"01/24/2025","AQS","240330030","4","36.3","ppb","34","HU-Beltsville","24","100.0000","42602","Nitrogen dioxide (NO2)","212","47900","Washington-Arlington-Alexandria, DC-VA-MD-WV","24","Maryland","033","Prince George's","39.055277","-76.878333"
"01/25/2025","AQS","240330030","4","34.7","ppb","32","HU-Beltsville","24","100.0000","42602","Nitrogen dioxide (NO2)","212","47900","Washington-Arlington-Alexandria, DC-VA-MD-WV","24","Maryland","033","Prince George's","39.055277","-76.878333"
"01/26/2025","AQS","240330030","4","33.3","ppb","31","HU-Beltsville","24","100.0000","42602","Nitrogen dioxide (NO2)","212","47900","Washington-Arlington-Alexandria, DC-VA-MD-WV","24","Maryland","033","Prince George's","39.055277","-76.878333"
"01/27/2025","AQS","240330030","4","38.3","ppb","36","HU-Beltsville","24","100.0000","42602","Nitrogen dioxide (NO2)","212","47900","Washington-Arlington-Alexandria, DC-VA-MD-WV","24","Maryland","033","Prince George's","39.055277","-76.878333"
"01/28/2025","AQS","240330030","4","35","ppb","33","HU-Beltsville","24","100.0000","42602","Nitrogen dioxide (NO2)","212","47900","Washington-Arlington-Alexandria, DC-VA-MD-WV","24","Maryland","033","Prince George's","39.055277","-76.878333"
"01/29/2025","AQS","240330030","4","26.3","ppb","25","HU-Beltsville","23","96.0000","42602","Nitrogen dioxide (NO2)","212","47900","Washington-Arlington-Alexandria, DC-VA-MD-WV","24","Maryland","033","Prince George's","39.055277","-76.878333"
"01/30/2025","AQS","240330030","4","31.3","ppb","29","HU-Beltsville","24","100.0000","42602","Nitrogen dioxide (NO2)","212","47900","Washington-Arlington-Alexandria, DC-VA-MD-WV","24","Maryland","033","Prince George's","39.055277","-76.878333"
"01/31/2025","AQS","240330030","4","23.2","ppb","22","HU-Beltsville","24","100.0000","42602","Nitrogen dioxide (NO2)","212","47900","Washington-Arlington-Alexandria, DC-VA-MD-WV","24","Maryland","033","Prince George's","39.055277","-76.878333"
"02/01/2025","AQS","240330030","4","12.3","ppb","11","HU-Beltsville","24","100.0000","42602","Nitrogen dioxide (NO2)","212","47900","Washington-Arlington-Alexandria, DC-VA-MD-WV","24","Maryland","033","Prince George's","39.055277","-76.878333"
"02/02/2025","AQS","240330030","4","10.2","ppb","9","HU-Beltsville","24","100.0000","42602","Nitrogen dioxide (NO2)","212","47900","Washington-Arlington-Alexandria, DC-VA-MD-WV","24","Maryland","033","Prince George's","39.055277","-76.878333"
"02/03/2025","AQS","240330030","4","27.5","ppb","25","HU-Beltsville","24","100.0000","42602","Nitrogen dioxide (NO2)","212","47900","Washington-Arlington-Alexandria, DC-VA-MD-WV","24","Maryland","033","Prince George's","39.055277","-76.878333"
"02/04/2025","AQS","240330030","4","22.9","ppb","21","HU-Beltsville","22","92.0000","42602","Nitrogen dioxide (NO2)","212","47900","Washington-Arlington-Alexandria, DC-VA-MD-WV","24","Maryland","033","Prince George's","39.055277","-76.878333"
"02/05/2025","AQS","240330030","4","8.9","ppb","8","HU-Beltsville","24","100.0000","42602","Nitrogen dioxide (NO2)","212","47900","Washington-Arlington-Alexandria, DC-VA-MD-WV","24","Maryland","033","Prince George's","39.055277","-76.878333"
"02/06/2025","AQS","240330030","4","16.7","ppb","15","HU-Beltsville","24","100.0000","42602","Nitrogen dioxide (NO2)","212","47900","Washington-Arlington-Alexandria, DC-VA-MD-WV","24","Maryland","033","Prince George's","39.055277","-76.878333"
"02/07/2025","AQS","240330030","4","16","ppb","15","HU-Beltsville","24","100.0000","42602","Nitrogen dioxide (NO2)","212","47900","Washington-Arlington-Alexandria, DC-VA-MD-WV","24","Maryland","033","Prince George's","39.055277","-76.878333"
"02/08/2025","AQS","240330030","4","14.1","ppb","13","HU-Beltsville","24","100.0000","42602","Nitrogen dioxide (NO2)","212","47900","Washington-Arlington-Alexandria, DC-VA-MD-WV","24","Maryland","033","Prince George's","39.055277","-76.878333"
"02/09/2025","AQS","240330030","4","6.7","ppb","6","HU-Beltsville","24","100.0000","42602","Nitrogen dioxide (NO2)","212","47900","Washington-Arlington-Alexandria, DC-VA-MD-WV","24","Maryland","033","Prince George's","39.055277","-76.878333"
"02/10/2025","AQS","240330030","4","15.2","ppb","14","HU-Beltsville","24","100.0000","42602","Nitrogen dioxide (NO2)","212","47900","Washington-Arlington-Alexandria, DC-VA-MD-WV","24","Maryland","033","Prince George's","39.055277","-76.878333"
"02/11/2025","AQS","240330030","4","28.8","ppb","26","HU-Beltsville","24","100.0000","42602","Nitrogen dioxide (NO2)","212","47900","Washington-Arlington-Alexandria, DC-VA-MD-WV","24","Maryland","033","Prince George's","39.055277","-76.878333"
"02/12/2025","AQS","240330030","4","20.3","ppb","19","HU-Beltsville","24","100.0000","42602","Nitrogen dioxide (NO2)","212","47900","Washington-Arlington-Alexandria, DC-VA-MD-WV","24","Maryland","033","Prince George's","39.055277","-76.878333"
"02/13/2025","AQS","240330030","4","19.5","ppb","18","HU-Beltsville","24","100.0000","42602","Nitrogen dioxide (NO2)","212","47900","Washington-Arlington-Alexandria, DC-VA-MD-WV","24","Maryland","033","Prince George's","39.055277","-76.878333"
"02/14/2025","AQS","240330030","4","19.6","ppb","18","HU-Beltsville","24","100.0000","42602","Nitrogen dioxide (NO2)","212","47900","Washington-Arlington-Alexandria, DC-VA-MD-WV","24","Maryland","033","Prince George's","39.055277","-76.878333"
"02/15/2025","AQS","240330030","4","13.2","ppb","12","HU-Beltsville","24","100.0000","42602","Nitrogen dioxide (NO2)","212","47900","Washington-Arlington-Alexandria, DC-VA-MD-WV","24","Maryland","033","Prince George's","39.055277","-76.878333"
"02/16/2025","AQS","240330030","4","7.7","ppb","7","HU-Beltsville","24","100.0000","42602","Nitrogen dioxide (NO2)","212","47900","Washington-Arlington-Alexandria, DC-VA-MD-WV","24","Maryland","033","Prince George's","39.055277","-76.878333"
"02/17/2025","AQS","240330030","4","4.4","ppb","4","HU-Beltsville","24","100.0000","42602","Nitrogen dioxide (NO2)","212","47900","Washington-Arlington-Alexandria, DC-VA-MD-WV","24","Maryland","033","Prince George's","39.055277","-76.878333"
"02/18/2025","AQS","240330030","4","7.9","ppb","7","HU-Beltsville","24","100.0000","42602","Nitrogen dioxide (NO2)","212","47900","Washington-Arlington-Alexandria, DC-VA-MD-WV","24","Maryland","033","Prince George's","39.055277","-76.878333"
"02/19/2025","AQS","240330030","4","24.1","ppb","23","HU-Beltsville","24","100.0000","42602","Nitrogen dioxide (NO2)","212","47900","Washington-Arlington-Alexandria, DC-VA-MD-WV","24","Maryland","033","Prince George's","39.055277","-76.878333"
"02/20/2025","AQS","240330030","4","11.4","ppb","10","HU-Beltsville","24","100.0000","42602","Nitrogen dioxide (NO2)","212","47900","Washington-Arlington-Alexandria, DC-VA-MD-WV","24","Maryland","033","Prince George's","39.055277","-76.878333"
"02/25/2025","AQS","240330030","4","29","ppb","27","HU-Beltsville","24","100.0000","42602","Nitrogen dioxide (NO2)","212","47900","Washington-Arlington-Alexandria, DC-VA-MD-WV","24","Maryland","033","Prince George's","39.055277","-76.878333"
"02/26/2025","AQS","240330030","4","40.2","ppb","38","HU-Beltsville","24","100.0000","42602","Nitrogen dioxide (NO2)","212","47900","Washington-Arlington-Alexandria, DC-VA-MD-WV","24","Maryland","033","Prince George's","39.055277","-76.878333"
"02/27/2025","AQS","240330030","4","28.1","ppb","26","HU-Beltsville","24","100.0000","42602","Nitrogen dioxide (NO2)","212","47900","Washington-Arlington-Alexandria, DC-VA-MD-WV","24","Maryland","033","Prince George's","39.055277","-76.878333"
"02/28/2025","AQS","240330030","4","7.3","ppb","7","HU-Beltsville","24","100.0000","42602","Nitrogen dioxide (NO2)","212","47900","Washington-Arlington-Alexandria, DC-VA-MD-WV","24","Maryland","033","Prince George's","39.055277","-76.878333"
"03/02/2025","AQS","240330030","4","12.5","ppb","11","HU-Beltsville","23","96.0000","42602","Nitrogen dioxide (NO2)","212","47900","Washington-Arlington-Alexandria, DC-VA-MD-WV","24","Maryland","033","Prince George's","39.055277","-76.878333"
"03/03/2025","AQS","240330030","4","33.3","ppb","31","HU-Beltsville","24","100.0000","42602","Nitrogen dioxide (NO2)","212","47900","Washington-Arlington-Alexandria, DC-VA-MD-WV","24","Maryland","033","Prince George's","39.055277","-76.878333"
"03/04/2025","AQS","240330030","4","11.9","ppb","10","HU-Beltsville","24","100.0000","42602","Nitrogen dioxide (NO2)","212","47900","Washington-Arlington-Alexandria, DC-VA-MD-WV","24","Maryland","033","Prince George's","39.055277","-76.878333"
"03/05/2025","AQS","240330030","4","5.1","ppb","5","HU-Beltsville","24","100.0000","42602","Nitrogen dioxide (NO2)","212","47900","Washington-Arlington-Alexandria, DC-VA-MD-WV","24","Maryland","033","Prince George's","39.055277","-76.878333"
"03/06/2025","AQS","240330030","4","6.4","ppb","6","HU-Beltsville","24","100.0000","42602","Nitrogen dioxide (NO2)","212","47900","Washington-Arlington-Alexandria, DC-VA-MD-WV","24","Maryland","033","Prince George's","39.055277","-76.878333"
"03/07/2025","AQS","240330030","4","16.4","ppb","15","HU-Beltsville","24","100.0000","42602","Nitrogen dioxide (NO2)","212","47900","Washington-Arlington-Alexandria, DC-VA-MD-WV","24","Maryland","033","Prince George's","39.055277","-76.878333"
"03/08/2025","AQS","240330030","4","23","ppb","22","HU-Beltsville","24","100.0000","42602","Nitrogen dioxide (NO2)","212","47900","Washington-Arlington-Alexandria, DC-VA-MD-WV","24","Maryland","033","Prince George's","39.055277","-76.878333"
"03/09/2025","AQS","240330030","4","13.9","ppb","12","HU-Beltsville","24","100.0000","42602","Nitrogen dioxide (NO2)","212","47900","Washington-Arlington-Alexandria, DC-VA-MD-WV","24","Maryland","033","Prince George's","39.055277","-76.878333"
"03/10/2025","AQS","240330030","4","34.5","ppb","32","HU-Beltsville","24","100.0000","42602","Nitrogen dioxide (NO2)","212","47900","Washington-Arlington-Alexandria, DC-VA-MD-WV","24","Maryland","033","Prince George's","39.055277","-76.878333"
"03/11/2025","AQS","240330030","4","30.3","ppb","28","HU-Beltsville","24","100.0000","42602","Nitrogen dioxide (NO2)","212","47900","Washington-Arlington-Alexandria, DC-VA-MD-WV","24","Maryland","033","Prince George's","39.055277","-76.878333"
"03/12/2025","AQS","240330030","4","22.8","ppb","21","HU-Beltsville","24","100.0000","42602","Nitrogen dioxide (NO2)","212","47900","Washington-Arlington-Alexandria, DC-VA-MD-WV","24","Maryland","033","Prince George's","39.055277","-76.878333"
"03/13/2025","AQS","240330030","4","11.4","ppb","10","HU-Beltsville","24","100.0000","42602","Nitrogen dioxide (NO2)","212","47900","Washington-Arlington-Alexandria, DC-VA-MD-WV","24","Maryland","033","Prince George's","39.055277","-76.878333"
"03/14/2025","AQS","240330030","4","6.2","ppb","6","HU-Beltsville","24","100.0000","42602","Nitrogen dioxide (NO2)","212","47900","Washington-Arlington-Alexandria, DC-VA-MD-WV","24","Maryland","033","Prince George's","39.055277","-76.878333"
"03/15/2025","AQS","240330030","4","4.4","ppb","4","HU-Beltsville","24","100.0000","42602","Nitrogen dioxide (NO2)","212","47900","Washington-Arlington-Alexandria, DC-VA-MD-WV","24","Maryland","033","Prince George's","39.055277","-76.878333"
"03/16/2025","AQS","240330030","4","2.2","ppb","2","HU-Beltsville","24","100.0000","42602","Nitrogen dioxide (NO2)","212","47900","Washington-Arlington-Alexandria, DC-VA-MD-WV","24","Maryland","033","Prince George's","39.055277","-76.878333"
"03/17/2025","AQS","240330030","4","8.4","ppb","8","HU-Beltsville","24","100.0000","42602","Nitrogen dioxide (NO2)","212","47900","Washington-Arlington-Alexandria, DC-VA-MD-WV","24","Maryland","033","Prince George's","39.055277","-76.878333"
"03/18/2025","AQS","240330030","4","11.1","ppb","10","HU-Beltsville","23","96.0000","42602","Nitrogen dioxide (NO2)","212","47900","Washington-Arlington-Alexandria, DC-VA-MD-WV","24","Maryland","033","Prince George's","39.055277","-76.878333"
"03/19/2025","AQS","240330030","4","42.7","ppb","40","HU-Beltsville","24","100.0000","42602","Nitrogen dioxide (NO2)","212","47900","Washington-Arlington-Alexandria, DC-VA-MD-WV","24","Maryland","033","Prince George's","39.055277","-76.878333"
"03/20/2025","AQS","240330030","4","9.2","ppb","8","HU-Beltsville","24","100.0000","42602","Nitrogen dioxide (NO2)","212","47900","Washington-Arlington-Alexandria, DC-VA-MD-WV","24","Maryland","033","Prince George's","39.055277","-76.878333"
"03/22/2025","AQS","240330030","4","29.6","ppb","27","HU-Beltsville","24","100.0000","42602","Nitrogen dioxide (NO2)","212","47900","Washington-Arlington-Alexandria, DC-VA-MD-WV","24","Maryland","033","Prince George's","39.055277","-76.878333"
"03/23/2025","AQS","240330030","4","3","ppb","3","HU-Beltsville","24","100.0000","42602","Nitrogen dioxide (NO2)","212","47900","Washington-Arlington-Alexandria, DC-VA-MD-WV","24","Maryland","033","Prince George's","39.055277","-76.878333"
"03/24/2025","AQS","240330030","4","12.3","ppb","11","HU-Beltsville","24","100.0000","42602","Nitrogen dioxide (NO2)","212","47900","Washington-Arlington-Alexandria, DC-VA-MD-WV","24","Maryland","033","Prince George's","39.055277","-76.878333"
"03/25/2025","AQS","240330030","4","9.5","ppb","8","HU-Beltsville","24","100.0000","42602","Nitrogen dioxide (NO2)","212","47900","Washington-Arlington-Alexandria, DC-VA-MD-WV","24","Maryland","033","Prince George's","39.055277","-76.878333"
"03/26/2025","AQS","240330030","4","12.9","ppb","11","HU-Beltsville","23","96.0000","42602","Nitrogen dioxide (NO2)","212","47900","Washington-Arlington-Alexandria, DC-VA-MD-WV","24","Maryland","033","Prince George's","39.055277","-76.878333"
"03/27/2025","AQS","240330030","4","33.7","ppb","31","HU-Beltsville","24","100.0000","42602","Nitrogen dioxide (NO2)","212","47900","Washington-Arlington-Alexandria, DC-VA-MD-WV","24","Maryland","033","Prince George's","39.055277","-76.878333"
"03/28/2025","AQS","240330030","4","37.1","ppb","35","HU-Beltsville","23","96.0000","42602","Nitrogen dioxide (NO2)","212","47900","Washington-Arlington-Alexandria, DC-VA-MD-WV","24","Maryland","033","Prince George's","39.055277","-76.878333"
"03/29/2025","AQS","240330030","4","22","ppb","21","HU-Beltsville","24","100.0000","42602","Nitrogen dioxide (NO2)","212","47900","Washington-Arlington-Alexandria, DC-VA-MD-WV","24","Maryland","033","Prince George's","39.055277","-76.878333"
"03/30/2025","AQS","240330030","4","10.1","ppb","9","HU-Beltsville","24","100.0000","42602","Nitrogen dioxide (NO2)","212","47900","Washington-Arlington-Alexandria, DC-VA-MD-WV","24","Maryland","033","Prince George's","39.055277","-76.878333"
"03/31/2025","AQS","240330030","4","5.1","ppb","5","HU-Beltsville","23","96.0000","42602","Nitrogen dioxide (NO2)","212","47900","Washington-Arlington-Alexandria, DC-VA-MD-WV","24","Maryland","033","Prince George's","39.055277","-76.878333"
"04/01/2025","AQS","240330030","4","15.7","ppb","14","HU-Beltsville","24","100.0000","42602","Nitrogen dioxide (NO2)","212","47900","Washington-Arlington-Alexandria, DC-VA-MD-WV","24","Maryland","033","Prince George's","39.055277","-76.878333"
"04/02/2025","AQS","240330030","4","18.9","ppb","17","HU-Beltsville","23","96.0000","42602","Nitrogen dioxide (NO2)","212","47900","Washington-Arlington-Alexandria, DC-VA-MD-WV","24","Maryland","033","Prince George's","39.055277","-76.878333"
"04/03/2025","AQS","240330030","4","15","ppb","14","HU-Beltsville","24","100.0000","42602","Nitrogen dioxide (NO2)","212","47900","Washington-Arlington-Alexandria, DC-VA-MD-WV","24","Maryland","033","Prince George's","39.055277","-76.878333"
"04/04/2025","AQS","240330030","4","12","ppb","11","HU-Beltsville","22","92.0000","42602","Nitrogen dioxide (NO2)","212","47900","Washington-Arlington-Alexandria, DC-VA-MD-WV","24","Maryland","033","Prince George's","39.055277","-76.878333"
"04/05/2025","AQS","240330030","4","9.9","ppb","8","HU-Beltsville","24","100.0000","42602","Nitrogen dioxide (NO2)","212","47900","Washington-Arlington-Alexandria, DC-VA-MD-WV","24","Maryland","033","Prince George's","39.055277","-76.878333"
"04/06/2025","AQS","240330030","4","7.7","ppb","7","HU-Beltsville","24","100.0000","42602","Nitrogen dioxide (NO2)","212","47900","Washington-Arlington-Alexandria, DC-VA-MD-WV","24","Maryland","033","Prince George's","39.055277","-76.878333"
"04/07/2025","AQS","240330030","4","9.5","ppb","8","HU-Beltsville","24","100.0000","42602","Nitrogen dioxide (NO2)","212","47900","Washington-Arlington-Alexandria, DC-VA-MD-WV","24","Maryland","033","Prince George's","39.055277","-76.878333"
"04/08/2025","AQS","240330030","4","7.5","ppb","7","HU-Beltsville","23","96.0000","42602","Nitrogen dioxide (NO2)","212","47900","Washington-Arlington-Alexandria, DC-VA-MD-WV","24","Maryland","033","Prince George's","39.055277","-76.878333"
"04/09/2025","AQS","240330030","4","23.4","ppb","22","HU-Beltsville","24","100.0000","42602","Nitrogen dioxide (NO2)","212","47900","Washington-Arlington-Alexandria, DC-VA-MD-WV","24","Maryland","033","Prince George's","39.055277","-76.878333"
"04/10/2025","AQS","240330030","4","4.4","ppb","4","HU-Beltsville","23","96.0000","42602","Nitrogen dioxide (NO2)","212","47900","Washington-Arlington-Alexandria, DC-VA-MD-WV","24","Maryland","033","Prince George's","39.055277","-76.878333"
"04/11/2025","AQS","240330030","4","9.6","ppb","8","HU-Beltsville","24","100.0000","42602","Nitrogen dioxide (NO2)","212","47900","Washington-Arlington-Alexandria, DC-VA-MD-WV","24","Maryland","033","Prince George's","39.055277","-76.878333"
"04/12/2025","AQS","240330030","4","3.7","ppb","3","HU-Beltsville","24","100.0000","42602","Nitrogen dioxide (NO2)","212","47900","Washington-Arlington-Alexandria, DC-VA-MD-WV","24","Maryland","033","Prince George's","39.055277","-76.878333"
"04/13/2025","AQS","240330030","4","27.8","ppb","25","HU-Beltsville","23","96.0000","42602","Nitrogen dioxide (NO2)","212","47900","Washington-Arlington-Alexandria, DC-VA-MD-WV","24","Maryland","033","Prince George's","39.055277","-76.878333"
"04/14/2025","AQS","240330030","4","32.1","ppb","30","HU-Beltsville","24","100.0000","42602","Nitrogen dioxide (NO2)","212","47900","Washington-Arlington-Alexandria, DC-VA-MD-WV","24","Maryland","033","Prince George's","39.055277","-76.878333"
"04/15/2025","AQS","240330030","4","11.9","ppb","10","HU-Beltsville","24","100.0000","42602","Nitrogen dioxide (NO2)","212","47900","Washington-Arlington-Alexandria, DC-VA-MD-WV","24","Maryland","033","Prince George's","39.055277","-76.878333"
"04/16/2025","AQS","240330030","4","6.3","ppb","6","HU-Beltsville","23","96.0000","42602","Nitrogen dioxide (NO2)","212","47900","Washington-Arlington-Alexandria, DC-VA-MD-WV","24","Maryland","033","Prince George's","39.055277","-76.878333"
"04/17/2025","AQS","240330030","4","14.6","ppb","13","HU-Beltsville","23","96.0000","42602","Nitrogen dioxide (NO2)","212","47900","Washington-Arlington-Alexandria, DC-VA-MD-WV","24","Maryland","033","Prince George's","39.055277","-76.878333"
"04/18/2025","AQS","240330030","4","10.3","ppb","9","HU-Beltsville","21","88.0000","42602","Nitrogen dioxide (NO2)","212","47900","Washington-Arlington-Alexandria, DC-VA-MD-WV","24","Maryland","033","Prince George's","39.055277","-76.878333"
"04/19/2025","AQS","240330030","4","6.9","ppb","6","HU-Beltsville","18","75.0000","42602","Nitrogen dioxide (NO2)","212","47900","Washington-Arlington-Alexandria, DC-VA-MD-WV","24","Maryland","033","Prince George's","39.055277","-76.878333"
"04/20/2025","AQS","240330030","4","5.5","ppb","5","HU-Beltsville","22","92.0000","42602","Nitrogen dioxide (NO2)","212","47900","Washington-Arlington-Alexandria, DC-VA-MD-WV","24","Maryland","033","Prince George's","39.055277","-76.878333"
"04/21/2025","AQS","240330030","4","5","ppb","5","HU-Beltsville","24","100.0000","42602","Nitrogen dioxide (NO2)","212","47900","Washington-Arlington-Alexandria, DC-VA-MD-WV","24","Maryland","033","Prince George's","39.055277","-76.878333"
"04/22/2025","AQS","240330030","4","15.1","ppb","14","HU-Beltsville","19","79.0000","42602","Nitrogen dioxide (NO2)","212","47900","Washington-Arlington-Alexandria, DC-VA-MD-WV","24","Maryland","033","Prince George's","39.055277","-76.878333"
"04/23/2025","AQS","240330030","4","15.8","ppb","14","HU-Beltsville","24","100.0000","42602","Nitrogen dioxide (NO2)","212","47900","Washington-Arlington-Alexandria, DC-VA-MD-WV","24","Maryland","033","Prince George's","39.055277","-76.878333"
"04/24/2025","AQS","240330030","4","25.4","ppb","24","HU-Beltsville","23","96.0000","42602","Nitrogen dioxide (NO2)","212","47900","Washington-Arlington-Alexandria, DC-VA-MD-WV","24","Maryland","033","Prince George's","39.055277","-76.878333"
"04/25/2025","AQS","240330030","4","17.2","ppb","16","HU-Beltsville","24","100.0000","42602","Nitrogen dioxide (NO2)","212","47900","Washington-Arlington-Alexandria, DC-VA-MD-WV","24","Maryland","033","Prince George's","39.055277","-76.878333"
"04/26/2025","AQS","240330030","4","5.2","ppb","5","HU-Beltsville","24","100.0000","42602","Nitrogen dioxide (NO2)","212","47900","Washington-Arlington-Alexandria, DC-VA-MD-WV","24","Maryland","033","Prince George's","39.055277","-76.878333"
"04/27/2025","AQS","240330030","4","5.5","ppb","5","HU-Beltsville","24","100.0000","42602","Nitrogen dioxide (NO2)","212","47900","Washington-Arlington-Alexandria, DC-VA-MD-WV","24","Maryland","033","Prince George's","39.055277","-76.878333"
"04/28/2025","AQS","240330030","4","17.1","ppb","16","HU-Beltsville","23","96.0000","42602","Nitrogen dioxide (NO2)","212","47900","Washington-Arlington-Alexandria, DC-VA-MD-WV","24","Maryland","033","Prince George's","39.055277","-76.878333"
"04/29/2025","AQS","240330030","4","7.5","ppb","7","HU-Beltsville","24","100.0000","42602","Nitrogen dioxide (NO2)","212","47900","Washington-Arlington-Alexandria, DC-VA-MD-WV","24","Maryland","033","Prince George's","39.055277","-76.878333"
"05/01/2025","AQS","240330030","4","17.9","ppb","16","HU-Beltsville","22","92.0000","42602","Nitrogen dioxide (NO2)","212","47900","Washington-Arlington-Alexandria, DC-VA-MD-WV","24","Maryland","033","Prince George's","39.055277","-76.878333"
"05/02/2025","AQS","240330030","4","6.7","ppb","6","HU-Beltsville","22","92.0000","42602","Nitrogen dioxide (NO2)","212","47900","Washington-Arlington-Alexandria, DC-VA-MD-WV","24","Maryland","033","Prince George's","39.055277","-76.878333"
"05/03/2025","AQS","240330030","4","4.3","ppb","4","HU-Beltsville","24","100.0000","42602","Nitrogen dioxide (NO2)","212","47900","Washington-Arlington-Alexandria, DC-VA-MD-WV","24","Maryland","033","Prince George's","39.055277","-76.878333"
"05/04/2025","AQS","240330030","4","3.8","ppb","3","HU-Beltsville","24","100.0000","42602","Nitrogen dioxide (NO2)","212","47900","Washington-Arlington-Alexandria, DC-VA-MD-WV","24","Maryland","033","Prince George's","39.055277","-76.878333"
"05/05/2025","AQS","240330030","4","3.7","ppb","3","HU-Beltsville","21","88.0000","42602","Nitrogen dioxide (NO2)","212","47900","Washington-Arlington-Alexandria, DC-VA-MD-WV","24","Maryland","033","Prince George's","39.055277","-76.878333"
"05/06/2025","AQS","240330030","4","6.9","ppb","6","HU-Beltsville","19","79.0000","42602","Nitrogen dioxide (NO2)","212","47900","Washington-Arlington-Alexandria, DC-VA-MD-WV","24","Maryland","033","Prince George's","39.055277","-76.878333"
"05/07/2025","AQS","240330030","4","11.4","ppb","10","HU-Beltsville","20","83.0000","42602","Nitrogen dioxide (NO2)","212","47900","Washington-Arlington-Alexandria, DC-VA-MD-WV","24","Maryland","033","Prince George's","39.055277","-76.878333"
"05/08/2025","AQS","240330030","4","19.7","ppb","18","HU-Beltsville","24","100.0000","42602","Nitrogen dioxide (NO2)","212","47900","Washington-Arlington-Alexandria, DC-VA-MD-WV","24","Maryland","033","Prince George's","39.055277","-76.878333"
"05/09/2025","AQS","240330030","4","6","ppb","6","HU-Beltsville","24","100.0000","42602","Nitrogen dioxide (NO2)","212","47900","Washington-Arlington-Alexandria, DC-VA-MD-WV","24","Maryland","033","Prince George's","39.055277","-76.878333"
"05/10/2025","AQS","240330030","4","13.2","ppb","12","HU-Beltsville","24","100.0000","42602","Nitrogen dioxide (NO2)","212","47900","Washington-Arlington-Alexandria, DC-VA-MD-WV","24","Maryland","033","Prince George's","39.055277","-76.878333"
"05/11/2025","AQS","240330030","4","11.8","ppb","10","HU-Beltsville","24","100.0000","42602","Nitrogen dioxide (NO2)","212","47900","Washington-Arlington-Alexandria, DC-VA-MD-WV","24","Maryland","033","Prince George's","39.055277","-76.878333"
"05/12/2025","AQS","240330030","4","17.3","ppb","16","HU-Beltsville","24","100.0000","42602","Nitrogen dioxide (NO2)","212","47900","Washington-Arlington-Alexandria, DC-VA-MD-WV","24","Maryland","033","Prince George's","39.055277","-76.878333"
"05/13/2025","AQS","240330030","4","2.5","ppb","2","HU-Beltsville","24","100.0000","42602","Nitrogen dioxide (NO2)","212","47900","Washington-Arlington-Alexandria, DC-VA-MD-WV","24","Maryland","033","Prince George's","39.055277","-76.878333"
"05/14/2025","AQS","240330030","4","7.5","ppb","7","HU-Beltsville","24","100.0000","42602","Nitrogen dioxide (NO2)","212","47900","Washington-Arlington-Alexandria, DC-VA-MD-WV","24","Maryland","033","Prince George's","39.055277","-76.878333"
"05/15/2025","AQS","240330030","4","6.6","ppb","6","HU-Beltsville","24","100.0000","42602","Nitrogen dioxide (NO2)","212","47900","Washington-Arlington-Alexandria, DC-VA-MD-WV","24","Maryland","033","Prince George's","39.055277","-76.878333"
"05/16/2025","AQS","240330030","4","10.6","ppb","9","HU-Beltsville","24","100.0000","42602","Nitrogen dioxide (NO2)","212","47900","Washington-Arlington-Alexandria, DC-VA-MD-WV","24","Maryland","033","Prince George's","39.055277","-76.878333"
"05/17/2025","AQS","240330030","4","6.7","ppb","6","HU-Beltsville","24","100.0000","42602","Nitrogen dioxide (NO2)","212","47900","Washington-Arlington-Alexandria, DC-VA-MD-WV","24","Maryland","033","Prince George's","39.055277","-76.878333"
"05/18/2025","AQS","240330030","4","2.4","ppb","2","HU-Beltsville","24","100.0000","42602","Nitrogen dioxide (NO2)","212","47900","Washington-Arlington-Alexandria, DC-VA-MD-WV","24","Maryland","033","Prince George's","39.055277","-76.878333"
"05/19/2025","AQS","240330030","4","7","ppb","7","HU-Beltsville","24","100.0000","42602","Nitrogen dioxide (NO2)","212","47900","Washington-Arlington-Alexandria, DC-VA-MD-WV","24","Maryland","033","Prince George's","39.055277","-76.878333"
"05/20/2025","AQS","240330030","4","4.8","ppb","4","HU-Beltsville","24","100.0000","42602","Nitrogen dioxide (NO2)","212","47900","Washington-Arlington-Alexandria, DC-VA-MD-WV","24","Maryland","033","Prince George's","39.055277","-76.878333"
"05/21/2025","AQS","240330030","4","4.6","ppb","4","HU-Beltsville","24","100.0000","42602","Nitrogen dioxide (NO2)","212","47900","Washington-Arlington-Alexandria, DC-VA-MD-WV","24","Maryland","033","Prince George's","39.055277","-76.878333"
"05/22/2025","AQS","240330030","4","4.7","ppb","4","HU-Beltsville","24","100.0000","42602","Nitrogen dioxide (NO2)","212","47900","Washington-Arlington-Alexandria, DC-VA-MD-WV","24","Maryland","033","Prince George's","39.055277","-76.878333"
"05/23/2025","AQS","240330030","4","6.3","ppb","6","HU-Beltsville","23","96.0000","42602","Nitrogen dioxide (NO2)","212","47900","Washington-Arlington-Alexandria, DC-VA-MD-WV","24","Maryland","033","Prince George's","39.055277","-76.878333"
"05/24/2025","AQS","240330030","4","7.4","ppb","7","HU-Beltsville","24","100.0000","42602","Nitrogen dioxide (NO2)","212","47900","Washington-Arlington-Alexandria, DC-VA-MD-WV","24","Maryland","033","Prince George's","39.055277","-76.878333"
"05/25/2025","AQS","240330030","4","4.8","ppb","4","HU-Beltsville","24","100.0000","42602","Nitrogen dioxide (NO2)","212","47900","Washington-Arlington-Alexandria, DC-VA-MD-WV","24","Maryland","033","Prince George's","39.055277","-76.878333"
"05/26/2025","AQS","240330030","4","13.1","ppb","12","HU-Beltsville","24","100.0000","42602","Nitrogen dioxide (NO2)","212","47900","Washington-Arlington-Alexandria, DC-VA-MD-WV","24","Maryland","033","Prince George's","39.055277","-76.878333"
"05/27/2025","AQS","240330030","4","16.9","ppb","15","HU-Beltsville","24","100.0000","42602","Nitrogen dioxide (NO2)","212","47900","Washington-Arlington-Alexandria, DC-VA-MD-WV","24","Maryland","033","Prince George's","39.055277","-76.878333"
"05/28/2025","AQS","240330030","4","7.1","ppb","7","HU-Beltsville","24","100.0000","42602","Nitrogen dioxide (NO2)","212","47900","Washington-Arlington-Alexandria, DC-VA-MD-WV","24","Maryland","033","Prince George's","39.055277","-76.878333"
"05/29/2025","AQS","240330030","4","6.6","ppb","6","HU-Beltsville","24","100.0000","42602","Nitrogen dioxide (NO2)","212","47900","Washington-Arlington-Alexandria, DC-VA-MD-WV","24","Maryland","033","Prince George's","39.055277","-76.878333"
"05/30/2025","AQS","240330030","4","6.2","ppb","6","HU-Beltsville","24","100.0000","42602","Nitrogen dioxide (NO2)","212","47900","Washington-Arlington-Alexandria, DC-VA-MD-WV","24","Maryland","033","Prince George's","39.055277","-76.878333"
"05/31/2025","AQS","240330030","4","3.1","ppb","3","HU-Beltsville","24","100.0000","42602","Nitrogen dioxide (NO2)","212","47900","Washington-Arlington-Alexandria, DC-VA-MD-WV","24","Maryland","033","Prince George's","39.055277","-76.878333"
"06/01/2025","AQS","240330030","4","11.3","ppb","10","HU-Beltsville","24","100.0000","42602","Nitrogen dioxide (NO2)","212","47900","Washington-Arlington-Alexandria, DC-VA-MD-WV","24","Maryland","033","Prince George's","39.055277","-76.878333"
"06/02/2025","AQS","240330030","4","29.5","ppb","27","HU-Beltsville","23","96.0000","42602","Nitrogen dioxide (NO2)","212","47900","Washington-Arlington-Alexandria, DC-VA-MD-WV","24","Maryland","033","Prince George's","39.055277","-76.878333"
"06/03/2025","AQS","240330030","4","27.4","ppb","25","HU-Beltsville","24","100.0000","42602","Nitrogen dioxide (NO2)","212","47900","Washington-Arlington-Alexandria, DC-VA-MD-WV","24","Maryland","033","Prince George's","39.055277","-76.878333"
"06/04/2025","AQS","240330030","4","18","ppb","17","HU-Beltsville","24","100.0000","42602","Nitrogen dioxide (NO2)","212","47900","Washington-Arlington-Alexandria, DC-VA-MD-WV","24","Maryland","033","Prince George's","39.055277","-76.878333"
"06/05/2025","AQS","240330030","4","8.3","ppb","8","HU-Beltsville","24","100.0000","42602","Nitrogen dioxide (NO2)","212","47900","Washington-Arlington-Alexandria, DC-VA-MD-WV","24","Maryland","033","Prince George's","39.055277","-76.878333"
"06/06/2025","AQS","240330030","4","12.2","ppb","11","HU-Beltsville","24","100.0000","42602","Nitrogen dioxide (NO2)","212","47900","Washington-Arlington-Alexandria, DC-VA-MD-WV","24","Maryland","033","Prince George's","39.055277","-76.878333"
"06/07/2025","AQS","240330030","4","5.5","ppb","5","HU-Beltsville","24","100.0000","42602","Nitrogen dioxide (NO2)","212","47900","Washington-Arlington-Alexandria, DC-VA-MD-WV","24","Maryland","033","Prince George's","39.055277","-76.878333"
"06/08/2025","AQS","240330030","4","6.2","ppb","6","HU-Beltsville","24","100.0000","42602","Nitrogen dioxide (NO2)","212","47900","Washington-Arlington-Alexandria, DC-VA-MD-WV","24","Maryland","033","Prince George's","39.055277","-76.878333"
"06/10/2025","AQS","240330030","4","7.3","ppb","7","HU-Beltsville","24","100.0000","42602","Nitrogen dioxide (NO2)","212","47900","Washington-Arlington-Alexandria, DC-VA-MD-WV","24","Maryland","033","Prince George's","39.055277","-76.878333"
"06/11/2025","AQS","240330030","4","13.7","ppb","12","HU-Beltsville","24","100.0000","42602","Nitrogen dioxide (NO2)","212","47900","Washington-Arlington-Alexandria, DC-VA-MD-WV","24","Maryland","033","Prince George's","39.055277","-76.878333"
"06/12/2025","AQS","240330030","4","17.4","ppb","16","HU-Beltsville","24","100.0000","42602","Nitrogen dioxide (NO2)","212","47900","Washington-Arlington-Alexandria, DC-VA-MD-WV","24","Maryland","033","Prince George's","39.055277","-76.878333"
"06/13/2025","AQS","240330030","4","12.5","ppb","11","HU-Beltsville","24","100.0000","42602","Nitrogen dioxide (NO2)","212","47900","Washington-Arlington-Alexandria, DC-VA-MD-WV","24","Maryland","033","Prince George's","39.055277","-76.878333"
"06/14/2025","AQS","240330030","4","5.4","ppb","5","HU-Beltsville","24","100.0000","42602","Nitrogen dioxide (NO2)","212","47900","Washington-Arlington-Alexandria, DC-VA-MD-WV","24","Maryland","033","Prince George's","39.055277","-76.878333"
"06/15/2025","AQS","240330030","4","3.1","ppb","3","HU-Beltsville","22","92.0000","42602","Nitrogen dioxide (NO2)","212","47900","Washington-Arlington-Alexandria, DC-VA-MD-WV","24","Maryland","033","Prince George's","39.055277","-76.878333"
"06/16/2025","AQS","240330030","4","11.5","ppb","10","HU-Beltsville","24","100.0000","42602","Nitrogen dioxide (NO2)","212","47900","Washington-Arlington-Alexandria, DC-VA-MD-WV","24","Maryland","033","Prince George's","39.055277","-76.878333"
"06/17/2025","AQS","240330030","4","4.7","ppb","4","HU-Beltsville","24","100.0000","42602","Nitrogen dioxide (NO2)","212","47900","Washington-Arlington-Alexandria, DC-VA-MD-WV","24","Maryland","033","Prince George's","39.055277","-76.878333"
"06/18/2025","AQS","240330030","4","9.2","ppb","8","HU-Beltsville","24","100.0000","42602","Nitrogen dioxide (NO2)","212","47900","Washington-Arlington-Alexandria, DC-VA-MD-WV","24","Maryland","033","Prince George's","39.055277","-76.878333"
"06/19/2025","AQS","240330030","4","11.1","ppb","10","HU-Beltsville","24","100.0000","42602","Nitrogen dioxide (NO2)","212","47900","Washington-Arlington-Alexandria, DC-VA-MD-WV","24","Maryland","033","Prince George's","39.055277","-76.878333"
"06/20/2025","AQS","240330030","4","8.4","ppb","8","HU-Beltsville","24","100.0000","42602","Nitrogen dioxide (NO2)","212","47900","Washington-Arlington-Alexandria, DC-VA-MD-WV","24","Maryland","033","Prince George's","39.055277","-76.878333"
"06/21/2025","AQS","240330030","4","10.3","ppb","9","HU-Beltsville","24","100.0000","42602","Nitrogen dioxide (NO2)","212","47900","Washington-Arlington-Alexandria, DC-VA-MD-WV","24","Maryland","033","Prince George's","39.055277","-76.878333"
"06/22/2025","AQS","240330030","4","4.9","ppb","4","HU-Beltsville","24","100.0000","42602","Nitrogen dioxide (NO2)","212","47900","Washington-Arlington-Alexandria, DC-VA-MD-WV","24","Maryland","033","Prince George's","39.055277","-76.878333"
"06/23/2025","AQS","240330030","4","14.1","ppb","13","HU-Beltsville","24","100.0000","42602","Nitrogen dioxide (NO2)","212","47900","Washington-Arlington-Alexandria, DC-VA-MD-WV","24","Maryland","033","Prince George's","39.055277","-76.878333"
"06/24/2025","AQS","240330030","4","23.5","ppb","22","HU-Beltsville","24","100.0000","42602","Nitrogen dioxide (NO2)","212","47900","Washington-Arlington-Alexandria, DC-VA-MD-WV","24","Maryland","033","Prince George's","39.055277","-76.878333"
"06/25/2025","AQS","240330030","4","17","ppb","16","HU-Beltsville","24","100.0000","42602","Nitrogen dioxide (NO2)","212","47900","Washington-Arlington-Alexandria, DC-VA-MD-WV","24","Maryland","033","Prince George's","39.055277","-76.878333"
"06/26/2025","AQS","240330030","4","7.7","ppb","7","HU-Beltsville","24","100.0000","42602","Nitrogen dioxide (NO2)","212","47900","Washington-Arlington-Alexandria, DC-VA-MD-WV","24","Maryland","033","Prince George's","39.055277","-76.878333"
"06/27/2025","AQS","240330030","4","6.1","ppb","6","HU-Beltsville","24","100.0000","42602","Nitrogen dioxide (NO2)","212","47900","Washington-Arlington-Alexandria, DC-VA-MD-WV","24","Maryland","033","Prince George's","39.055277","-76.878333"
"06/28/2025","AQS","240330030","4","5.7","ppb","5","HU-Beltsville","24","100.0000","42602","Nitrogen dioxide (NO2)","212","47900","Washington-Arlington-Alexandria, DC-VA-MD-WV","24","Maryland","033","Prince George's","39.055277","-76.878333"
"06/29/2025","AQS","240330030","4","6.5","ppb","6","HU-Beltsville","24","100.0000","42602","Nitrogen dioxide (NO2)","212","47900","Washington-Arlington-Alexandria, DC-VA-MD-WV","24","Maryland","033","Prince George's","39.055277","-76.878333"
"06/30/2025","AQS","240330030","4","8.5","ppb","8","HU-Beltsville","24","100.0000","42602","Nitrogen dioxide (NO2)","212","47900","Washington-Arlington-Alexandria, DC-VA-MD-WV","24","Maryland","033","Prince George's","39.055277","-76.878333"
"01/01/2025","AQS","245105253","4","18.5","ppb","17","Lake Montebello","23","96.0000","42602","Nitrogen dioxide (NO2)","212","12580","Baltimore-Columbia-Towson, MD","24","Maryland","510","Baltimore (City)","39.3374600009252","-76.58905"
"01/02/2025","AQS","245105253","4","9.3","ppb","8","Lake Montebello","24","100.0000","42602","Nitrogen dioxide (NO2)","212","12580","Baltimore-Columbia-Towson, MD","24","Maryland","510","Baltimore (City)","39.3374600009252","-76.58905"
"01/03/2025","AQS","245105253","4","25.8","ppb","24","Lake Montebello","23","96.0000","42602","Nitrogen dioxide (NO2)","212","12580","Baltimore-Columbia-Towson, MD","24","Maryland","510","Baltimore (City)","39.3374600009252","-76.58905"
"01/04/2025","AQS","245105253","4","4.2","ppb","4","Lake Montebello","24","100.0000","42602","Nitrogen dioxide (NO2)","212","12580","Baltimore-Columbia-Towson, MD","24","Maryland","510","Baltimore (City)","39.3374600009252","-76.58905"
"01/05/2025","AQS","245105253","4","14.2","ppb","13","Lake Montebello","24","100.0000","42602","Nitrogen dioxide (NO2)","212","12580","Baltimore-Columbia-Towson, MD","24","Maryland","510","Baltimore (City)","39.3374600009252","-76.58905"
"01/06/2025","AQS","245105253","4","8.8","ppb","8","Lake Montebello","23","96.0000","42602","Nitrogen dioxide (NO2)","212","12580","Baltimore-Columbia-Towson, MD","24","Maryland","510","Baltimore (City)","39.3374600009252","-76.58905"
"01/07/2025","AQS","245105253","4","5.9","ppb","5","Lake Montebello","23","96.0000","42602","Nitrogen dioxide (NO2)","212","12580","Baltimore-Columbia-Towson, MD","24","Maryland","510","Baltimore (City)","39.3374600009252","-76.58905"
"01/08/2025","AQS","245105253","4","8","ppb","8","Lake Montebello","23","96.0000","42602","Nitrogen dioxide (NO2)","212","12580","Baltimore-Columbia-Towson, MD","24","Maryland","510","Baltimore (City)","39.3374600009252","-76.58905"
"01/09/2025","AQS","245105253","4","4.3","ppb","4","Lake Montebello","24","100.0000","42602","Nitrogen dioxide (NO2)","212","12580","Baltimore-Columbia-Towson, MD","24","Maryland","510","Baltimore (City)","39.3374600009252","-76.58905"
"01/10/2025","AQS","245105253","4","27.3","ppb","25","Lake Montebello","23","96.0000","42602","Nitrogen dioxide (NO2)","212","12580","Baltimore-Columbia-Towson, MD","24","Maryland","510","Baltimore (City)","39.3374600009252","-76.58905"
"01/11/2025","AQS","245105253","4","21.9","ppb","20","Lake Montebello","24","100.0000","42602","Nitrogen dioxide (NO2)","212","12580","Baltimore-Columbia-Towson, MD","24","Maryland","510","Baltimore (City)","39.3374600009252","-76.58905"
"01/12/2025","AQS","245105253","4","36.6","ppb","34","Lake Montebello","24","100.0000","42602","Nitrogen dioxide (NO2)","212","12580","Baltimore-Columbia-Towson, MD","24","Maryland","510","Baltimore (City)","39.3374600009252","-76.58905"
"01/13/2025","AQS","245105253","4","39","ppb","37","Lake Montebello","23","96.0000","42602","Nitrogen dioxide (NO2)","212","12580","Baltimore-Columbia-Towson, MD","24","Maryland","510","Baltimore (City)","39.3374600009252","-76.58905"
"01/14/2025","AQS","245105253","4","8.6","ppb","8","Lake Montebello","23","96.0000","42602","Nitrogen dioxide (NO2)","212","12580","Baltimore-Columbia-Towson, MD","24","Maryland","510","Baltimore (City)","39.3374600009252","-76.58905"
"01/15/2025","AQS","245105253","4","9.1","ppb","8","Lake Montebello","23","96.0000","42602","Nitrogen dioxide (NO2)","212","12580","Baltimore-Columbia-Towson, MD","24","Maryland","510","Baltimore (City)","39.3374600009252","-76.58905"
"01/16/2025","AQS","245105253","4","31.4","ppb","29","Lake Montebello","24","100.0000","42602","Nitrogen dioxide (NO2)","212","12580","Baltimore-Columbia-Towson, MD","24","Maryland","510","Baltimore (City)","39.3374600009252","-76.58905"
"01/17/2025","AQS","245105253","4","32.7","ppb","30","Lake Montebello","23","96.0000","42602","Nitrogen dioxide (NO2)","212","12580","Baltimore-Columbia-Towson, MD","24","Maryland","510","Baltimore (City)","39.3374600009252","-76.58905"
"01/18/2025","AQS","245105253","4","34.6","ppb","32","Lake Montebello","24","100.0000","42602","Nitrogen dioxide (NO2)","212","12580","Baltimore-Columbia-Towson, MD","24","Maryland","510","Baltimore (City)","39.3374600009252","-76.58905"
"01/19/2025","AQS","245105253","4","27.8","ppb","25","Lake Montebello","24","100.0000","42602","Nitrogen dioxide (NO2)","212","12580","Baltimore-Columbia-Towson, MD","24","Maryland","510","Baltimore (City)","39.3374600009252","-76.58905"
"01/20/2025","AQS","245105253","4","11.4","ppb","10","Lake Montebello","23","96.0000","42602","Nitrogen dioxide (NO2)","212","12580","Baltimore-Columbia-Towson, MD","24","Maryland","510","Baltimore (City)","39.3374600009252","-76.58905"
"01/21/2025","AQS","245105253","4","18.3","ppb","17","Lake Montebello","23","96.0000","42602","Nitrogen dioxide (NO2)","212","12580","Baltimore-Columbia-Towson, MD","24","Maryland","510","Baltimore (City)","39.3374600009252","-76.58905"
"01/22/2025","AQS","245105253","4","32","ppb","30","Lake Montebello","23","96.0000","42602","Nitrogen dioxide (NO2)","212","12580","Baltimore-Columbia-Towson, MD","24","Maryland","510","Baltimore (City)","39.3374600009252","-76.58905"
"01/23/2025","AQS","245105253","4","39.3","ppb","37","Lake Montebello","24","100.0000","42602","Nitrogen dioxide (NO2)","212","12580","Baltimore-Columbia-Towson, MD","24","Maryland","510","Baltimore (City)","39.3374600009252","-76.58905"
"01/24/2025","AQS","245105253","4","35","ppb","33","Lake Montebello","23","96.0000","42602","Nitrogen dioxide (NO2)","212","12580","Baltimore-Columbia-Towson, MD","24","Maryland","510","Baltimore (City)","39.3374600009252","-76.58905"
"01/25/2025","AQS","245105253","4","35.6","ppb","33","Lake Montebello","24","100.0000","42602","Nitrogen dioxide (NO2)","212","12580","Baltimore-Columbia-Towson, MD","24","Maryland","510","Baltimore (City)","39.3374600009252","-76.58905"
"01/26/2025","AQS","245105253","4","41.1","ppb","39","Lake Montebello","24","100.0000","42602","Nitrogen dioxide (NO2)","212","12580","Baltimore-Columbia-Towson, MD","24","Maryland","510","Baltimore (City)","39.3374600009252","-76.58905"
"01/27/2025","AQS","245105253","4","41.5","ppb","39","Lake Montebello","23","96.0000","42602","Nitrogen dioxide (NO2)","212","12580","Baltimore-Columbia-Towson, MD","24","Maryland","510","Baltimore (City)","39.3374600009252","-76.58905"
"01/28/2025","AQS","245105253","4","37.2","ppb","35","Lake Montebello","23","96.0000","42602","Nitrogen dioxide (NO2)","212","12580","Baltimore-Columbia-Towson, MD","24","Maryland","510","Baltimore (City)","39.3374600009252","-76.58905"
"01/29/2025","AQS","245105253","4","36.9","ppb","34","Lake Montebello","23","96.0000","42602","Nitrogen dioxide (NO2)","212","12580","Baltimore-Columbia-Towson, MD","24","Maryland","510","Baltimore (City)","39.3374600009252","-76.58905"
"01/30/2025","AQS","245105253","4","34.1","ppb","32","Lake Montebello","24","100.0000","42602","Nitrogen dioxide (NO2)","212","12580","Baltimore-Columbia-Towson, MD","24","Maryland","510","Baltimore (City)","39.3374600009252","-76.58905"
"01/31/2025","AQS","245105253","4","30.5","ppb","28","Lake Montebello","23","96.0000","42602","Nitrogen dioxide (NO2)","212","12580","Baltimore-Columbia-Towson, MD","24","Maryland","510","Baltimore (City)","39.3374600009252","-76.58905"
"02/01/2025","AQS","245105253","4","16.8","ppb","15","Lake Montebello","24","100.0000","42602","Nitrogen dioxide (NO2)","212","12580","Baltimore-Columbia-Towson, MD","24","Maryland","510","Baltimore (City)","39.3374600009252","-76.58905"
"02/02/2025","AQS","245105253","4","29.9","ppb","27","Lake Montebello","24","100.0000","42602","Nitrogen dioxide (NO2)","212","12580","Baltimore-Columbia-Towson, MD","24","Maryland","510","Baltimore (City)","39.3374600009252","-76.58905"
"02/03/2025","AQS","245105253","4","32.6","ppb","30","Lake Montebello","23","96.0000","42602","Nitrogen dioxide (NO2)","212","12580","Baltimore-Columbia-Towson, MD","24","Maryland","510","Baltimore (City)","39.3374600009252","-76.58905"
"02/04/2025","AQS","245105253","4","30.8","ppb","28","Lake Montebello","23","96.0000","42602","Nitrogen dioxide (NO2)","212","12580","Baltimore-Columbia-Towson, MD","24","Maryland","510","Baltimore (City)","39.3374600009252","-76.58905"
"02/05/2025","AQS","245105253","4","9.8","ppb","8","Lake Montebello","23","96.0000","42602","Nitrogen dioxide (NO2)","212","12580","Baltimore-Columbia-Towson, MD","24","Maryland","510","Baltimore (City)","39.3374600009252","-76.58905"
"02/06/2025","AQS","245105253","4","20.6","ppb","19","Lake Montebello","24","100.0000","42602","Nitrogen dioxide (NO2)","212","12580","Baltimore-Columbia-Towson, MD","24","Maryland","510","Baltimore (City)","39.3374600009252","-76.58905"
"02/07/2025","AQS","245105253","4","19.6","ppb","18","Lake Montebello","23","96.0000","42602","Nitrogen dioxide (NO2)","212","12580","Baltimore-Columbia-Towson, MD","24","Maryland","510","Baltimore (City)","39.3374600009252","-76.58905"
"02/08/2025","AQS","245105253","4","23.3","ppb","22","Lake Montebello","24","100.0000","42602","Nitrogen dioxide (NO2)","212","12580","Baltimore-Columbia-Towson, MD","24","Maryland","510","Baltimore (City)","39.3374600009252","-76.58905"
"02/09/2025","AQS","245105253","4","10.9","ppb","9","Lake Montebello","24","100.0000","42602","Nitrogen dioxide (NO2)","212","12580","Baltimore-Columbia-Towson, MD","24","Maryland","510","Baltimore (City)","39.3374600009252","-76.58905"
"02/10/2025","AQS","245105253","4","17.8","ppb","16","Lake Montebello","23","96.0000","42602","Nitrogen dioxide (NO2)","212","12580","Baltimore-Columbia-Towson, MD","24","Maryland","510","Baltimore (City)","39.3374600009252","-76.58905"
"02/11/2025","AQS","245105253","4","22.2","ppb","21","Lake Montebello","23","96.0000","42602","Nitrogen dioxide (NO2)","212","12580","Baltimore-Columbia-Towson, MD","24","Maryland","510","Baltimore (City)","39.3374600009252","-76.58905"
"02/12/2025","AQS","245105253","4","19.9","ppb","18","Lake Montebello","23","96.0000","42602","Nitrogen dioxide (NO2)","212","12580","Baltimore-Columbia-Towson, MD","24","Maryland","510","Baltimore (City)","39.3374600009252","-76.58905"
"02/13/2025","AQS","245105253","4","28.4","ppb","26","Lake Montebello","24","100.0000","42602","Nitrogen dioxide (NO2)","212","12580","Baltimore-Columbia-Towson, MD","24","Maryland","510","Baltimore (City)","39.3374600009252","-76.58905"
"02/14/2025","AQS","245105253","4","26.6","ppb","25","Lake Montebello","23","96.0000","42602","Nitrogen dioxide (NO2)","212","12580","Baltimore-Columbia-Towson, MD","24","Maryland","510","Baltimore (City)","39.3374600009252","-76.58905"
"02/15/2025","AQS","245105253","4","12.6","ppb","11","Lake Montebello","24","100.0000","42602","Nitrogen dioxide (NO2)","212","12580","Baltimore-Columbia-Towson, MD","24","Maryland","510","Baltimore (City)","39.3374600009252","-76.58905"
"02/16/2025","AQS","245105253","4","21","ppb","20","Lake Montebello","24","100.0000","42602","Nitrogen dioxide (NO2)","212","12580","Baltimore-Columbia-Towson, MD","24","Maryland","510","Baltimore (City)","39.3374600009252","-76.58905"
"02/17/2025","AQS","245105253","4","3.9","ppb","3","Lake Montebello","23","96.0000","42602","Nitrogen dioxide (NO2)","212","12580","Baltimore-Columbia-Towson, MD","24","Maryland","510","Baltimore (City)","39.3374600009252","-76.58905"
"02/18/2025","AQS","245105253","4","6.4","ppb","6","Lake Montebello","24","100.0000","42602","Nitrogen dioxide (NO2)","212","12580","Baltimore-Columbia-Towson, MD","24","Maryland","510","Baltimore (City)","39.3374600009252","-76.58905"
"02/19/2025","AQS","245105253","4","25.2","ppb","24","Lake Montebello","23","96.0000","42602","Nitrogen dioxide (NO2)","212","12580","Baltimore-Columbia-Towson, MD","24","Maryland","510","Baltimore (City)","39.3374600009252","-76.58905"
"02/20/2025","AQS","245105253","4","13.8","ppb","12","Lake Montebello","24","100.0000","42602","Nitrogen dioxide (NO2)","212","12580","Baltimore-Columbia-Towson, MD","24","Maryland","510","Baltimore (City)","39.3374600009252","-76.58905"
"02/21/2025","AQS","245105253","4","6.5","ppb","6","Lake Montebello","23","96.0000","42602","Nitrogen dioxide (NO2)","212","12580","Baltimore-Columbia-Towson, MD","24","Maryland","510","Baltimore (City)","39.3374600009252","-76.58905"
"02/22/2025","AQS","245105253","4","34.4","ppb","32","Lake Montebello","24","100.0000","42602","Nitrogen dioxide (NO2)","212","12580","Baltimore-Columbia-Towson, MD","24","Maryland","510","Baltimore (City)","39.3374600009252","-76.58905"
"02/23/2025","AQS","245105253","4","40.7","ppb","38","Lake Montebello","24","100.0000","42602","Nitrogen dioxide (NO2)","212","12580","Baltimore-Columbia-Towson, MD","24","Maryland","510","Baltimore (City)","39.3374600009252","-76.58905"
"02/24/2025","AQS","245105253","4","39","ppb","37","Lake Montebello","18","75.0000","42602","Nitrogen dioxide (NO2)","212","12580","Baltimore-Columbia-Towson, MD","24","Maryland","510","Baltimore (City)","39.3374600009252","-76.58905"
"02/25/2025","AQS","245105253","4","38.7","ppb","36","Lake Montebello","20","83.0000","42602","Nitrogen dioxide (NO2)","212","12580","Baltimore-Columbia-Towson, MD","24","Maryland","510","Baltimore (City)","39.3374600009252","-76.58905"
"02/26/2025","AQS","245105253","4","37.6","ppb","35","Lake Montebello","19","79.0000","42602","Nitrogen dioxide (NO2)","212","12580","Baltimore-Columbia-Towson, MD","24","Maryland","510","Baltimore (City)","39.3374600009252","-76.58905"
"02/27/2025","AQS","245105253","4","41.6","ppb","39","Lake Montebello","23","96.0000","42602","Nitrogen dioxide (NO2)","212","12580","Baltimore-Columbia-Towson, MD","24","Maryland","510","Baltimore (City)","39.3374600009252","-76.58905"
"02/28/2025","AQS","245105253","4","21.5","ppb","20","Lake Montebello","23","96.0000","42602","Nitrogen dioxide (NO2)","212","12580","Baltimore-Columbia-Towson, MD","24","Maryland","510","Baltimore (City)","39.3374600009252","-76.58905"
"03/01/2025","AQS","245105253","4","29.3","ppb","27","Lake Montebello","24","100.0000","42602","Nitrogen dioxide (NO2)","212","12580","Baltimore-Columbia-Towson, MD","24","Maryland","510","Baltimore (City)","39.3374600009252","-76.58905"
"03/02/2025","AQS","245105253","4","16.8","ppb","15","Lake Montebello","24","100.0000","42602","Nitrogen dioxide (NO2)","212","12580","Baltimore-Columbia-Towson, MD","24","Maryland","510","Baltimore (City)","39.3374600009252","-76.58905"
"03/03/2025","AQS","245105253","4","23.7","ppb","22","Lake Montebello","23","96.0000","42602","Nitrogen dioxide (NO2)","212","12580","Baltimore-Columbia-Towson, MD","24","Maryland","510","Baltimore (City)","39.3374600009252","-76.58905"
"03/04/2025","AQS","245105253","4","24.2","ppb","23","Lake Montebello","23","96.0000","42602","Nitrogen dioxide (NO2)","212","12580","Baltimore-Columbia-Towson, MD","24","Maryland","510","Baltimore (City)","39.3374600009252","-76.58905"
"03/05/2025","AQS","245105253","4","15.4","ppb","14","Lake Montebello","23","96.0000","42602","Nitrogen dioxide (NO2)","212","12580","Baltimore-Columbia-Towson, MD","24","Maryland","510","Baltimore (City)","39.3374600009252","-76.58905"
"03/06/2025","AQS","245105253","4","19.5","ppb","18","Lake Montebello","24","100.0000","42602","Nitrogen dioxide (NO2)","212","12580","Baltimore-Columbia-Towson, MD","24","Maryland","510","Baltimore (City)","39.3374600009252","-76.58905"
"03/07/2025","AQS","245105253","4","7.9","ppb","7","Lake Montebello","23","96.0000","42602","Nitrogen dioxide (NO2)","212","12580","Baltimore-Columbia-Towson, MD","24","Maryland","510","Baltimore (City)","39.3374600009252","-76.58905"
"03/08/2025","AQS","245105253","4","14.8","ppb","13","Lake Montebello","24","100.0000","42602","Nitrogen dioxide (NO2)","212","12580","Baltimore-Columbia-Towson, MD","24","Maryland","510","Baltimore (City)","39.3374600009252","-76.58905"
"03/09/2025","AQS","245105253","4","28.3","ppb","26","Lake Montebello","24","100.0000","42602","Nitrogen dioxide (NO2)","212","12580","Baltimore-Columbia-Towson, MD","24","Maryland","510","Baltimore (City)","39.3374600009252","-76.58905"
"03/10/2025","AQS","245105253","4","31.7","ppb","29","Lake Montebello","23","96.0000","42602","Nitrogen dioxide (NO2)","212","12580","Baltimore-Columbia-Towson, MD","24","Maryland","510","Baltimore (City)","39.3374600009252","-76.58905"
"03/11/2025","AQS","245105253","4","41.8","ppb","39","Lake Montebello","23","96.0000","42602","Nitrogen dioxide (NO2)","212","12580","Baltimore-Columbia-Towson, MD","24","Maryland","510","Baltimore (City)","39.3374600009252","-76.58905"
"03/12/2025","AQS","245105253","4","35.8","ppb","33","Lake Montebello","23","96.0000","42602","Nitrogen dioxide (NO2)","212","12580","Baltimore-Columbia-Towson, MD","24","Maryland","510","Baltimore (City)","39.3374600009252","-76.58905"
"03/13/2025","AQS","245105253","4","21.4","ppb","20","Lake Montebello","24","100.0000","42602","Nitrogen dioxide (NO2)","212","12580","Baltimore-Columbia-Towson, MD","24","Maryland","510","Baltimore (City)","39.3374600009252","-76.58905"
"03/14/2025","AQS","245105253","4","14.8","ppb","13","Lake Montebello","23","96.0000","42602","Nitrogen dioxide (NO2)","212","12580","Baltimore-Columbia-Towson, MD","24","Maryland","510","Baltimore (City)","39.3374600009252","-76.58905"
"03/15/2025","AQS","245105253","4","9.2","ppb","8","Lake Montebello","24","100.0000","42602","Nitrogen dioxide (NO2)","212","12580","Baltimore-Columbia-Towson, MD","24","Maryland","510","Baltimore (City)","39.3374600009252","-76.58905"
"03/16/2025","AQS","245105253","4","12","ppb","11","Lake Montebello","24","100.0000","42602","Nitrogen dioxide (NO2)","212","12580","Baltimore-Columbia-Towson, MD","24","Maryland","510","Baltimore (City)","39.3374600009252","-76.58905"
"03/17/2025","AQS","245105253","4","13.8","ppb","12","Lake Montebello","23","96.0000","42602","Nitrogen dioxide (NO2)","212","12580","Baltimore-Columbia-Towson, MD","24","Maryland","510","Baltimore (City)","39.3374600009252","-76.58905"
"03/18/2025","AQS","245105253","4","36.1","ppb","34","Lake Montebello","23","96.0000","42602","Nitrogen dioxide (NO2)","212","12580","Baltimore-Columbia-Towson, MD","24","Maryland","510","Baltimore (City)","39.3374600009252","-76.58905"
"03/19/2025","AQS","245105253","4","36","ppb","34","Lake Montebello","23","96.0000","42602","Nitrogen dioxide (NO2)","212","12580","Baltimore-Columbia-Towson, MD","24","Maryland","510","Baltimore (City)","39.3374600009252","-76.58905"
"03/20/2025","AQS","245105253","4","14","ppb","13","Lake Montebello","24","100.0000","42602","Nitrogen dioxide (NO2)","212","12580","Baltimore-Columbia-Towson, MD","24","Maryland","510","Baltimore (City)","39.3374600009252","-76.58905"
"03/21/2025","AQS","245105253","4","22.2","ppb","21","Lake Montebello","23","96.0000","42602","Nitrogen dioxide (NO2)","212","12580","Baltimore-Columbia-Towson, MD","24","Maryland","510","Baltimore (City)","39.3374600009252","-76.58905"
"03/22/2025","AQS","245105253","4","32.9","ppb","30","Lake Montebello","24","100.0000","42602","Nitrogen dioxide (NO2)","212","12580","Baltimore-Columbia-Towson, MD","24","Maryland","510","Baltimore (City)","39.3374600009252","-76.58905"
"03/23/2025","AQS","245105253","4","11.2","ppb","10","Lake Montebello","24","100.0000","42602","Nitrogen dioxide (NO2)","212","12580","Baltimore-Columbia-Towson, MD","24","Maryland","510","Baltimore (City)","39.3374600009252","-76.58905"
"03/24/2025","AQS","245105253","4","28.1","ppb","26","Lake Montebello","23","96.0000","42602","Nitrogen dioxide (NO2)","212","12580","Baltimore-Columbia-Towson, MD","24","Maryland","510","Baltimore (City)","39.3374600009252","-76.58905"
"03/25/2025","AQS","245105253","4","20.7","ppb","19","Lake Montebello","23","96.0000","42602","Nitrogen dioxide (NO2)","212","12580","Baltimore-Columbia-Towson, MD","24","Maryland","510","Baltimore (City)","39.3374600009252","-76.58905"
"03/26/2025","AQS","245105253","4","14.3","ppb","13","Lake Montebello","23","96.0000","42602","Nitrogen dioxide (NO2)","212","12580","Baltimore-Columbia-Towson, MD","24","Maryland","510","Baltimore (City)","39.3374600009252","-76.58905"
"03/27/2025","AQS","245105253","4","25.9","ppb","24","Lake Montebello","24","100.0000","42602","Nitrogen dioxide (NO2)","212","12580","Baltimore-Columbia-Towson, MD","24","Maryland","510","Baltimore (City)","39.3374600009252","-76.58905"
"03/28/2025","AQS","245105253","4","41.2","ppb","39","Lake Montebello","23","96.0000","42602","Nitrogen dioxide (NO2)","212","12580","Baltimore-Columbia-Towson, MD","24","Maryland","510","Baltimore (City)","39.3374600009252","-76.58905"
"03/29/2025","AQS","245105253","4","39.8","ppb","37","Lake Montebello","24","100.0000","42602","Nitrogen dioxide (NO2)","212","12580","Baltimore-Columbia-Towson, MD","24","Maryland","510","Baltimore (City)","39.3374600009252","-76.58905"
"03/30/2025","AQS","245105253","4","26.7","ppb","25","Lake Montebello","24","100.0000","42602","Nitrogen dioxide (NO2)","212","12580","Baltimore-Columbia-Towson, MD","24","Maryland","510","Baltimore (City)","39.3374600009252","-76.58905"
"03/31/2025","AQS","245105253","4","11.8","ppb","10","Lake Montebello","23","96.0000","42602","Nitrogen dioxide (NO2)","212","12580","Baltimore-Columbia-Towson, MD","24","Maryland","510","Baltimore (City)","39.3374600009252","-76.58905"
"04/01/2025","AQS","245105253","4","25.6","ppb","24","Lake Montebello","23","96.0000","42602","Nitrogen dioxide (NO2)","212","12580","Baltimore-Columbia-Towson, MD","24","Maryland","510","Baltimore (City)","39.3374600009252","-76.58905"
"04/02/2025","AQS","245105253","4","12.1","ppb","11","Lake Montebello","23","96.0000","42602","Nitrogen dioxide (NO2)","212","12580","Baltimore-Columbia-Towson, MD","24","Maryland","510","Baltimore (City)","39.3374600009252","-76.58905"
"04/03/2025","AQS","245105253","4","28.8","ppb","26","Lake Montebello","24","100.0000","42602","Nitrogen dioxide (NO2)","212","12580","Baltimore-Columbia-Towson, MD","24","Maryland","510","Baltimore (City)","39.3374600009252","-76.58905"
"04/04/2025","AQS","245105253","4","11.6","ppb","10","Lake Montebello","23","96.0000","42602","Nitrogen dioxide (NO2)","212","12580","Baltimore-Columbia-Towson, MD","24","Maryland","510","Baltimore (City)","39.3374600009252","-76.58905"
"04/05/2025","AQS","245105253","4","6.1","ppb","6","Lake Montebello","24","100.0000","42602","Nitrogen dioxide (NO2)","212","12580","Baltimore-Columbia-Towson, MD","24","Maryland","510","Baltimore (City)","39.3374600009252","-76.58905"
"04/06/2025","AQS","245105253","4","6.1","ppb","6","Lake Montebello","24","100.0000","42602","Nitrogen dioxide (NO2)","212","12580","Baltimore-Columbia-Towson, MD","24","Maryland","510","Baltimore (City)","39.3374600009252","-76.58905"
"04/07/2025","AQS","245105253","4","10.8","ppb","9","Lake Montebello","23","96.0000","42602","Nitrogen dioxide (NO2)","212","12580","Baltimore-Columbia-Towson, MD","24","Maryland","510","Baltimore (City)","39.3374600009252","-76.58905"
"04/08/2025","AQS","245105253","4","14.2","ppb","13","Lake Montebello","23","96.0000","42602","Nitrogen dioxide (NO2)","212","12580","Baltimore-Columbia-Towson, MD","24","Maryland","510","Baltimore (City)","39.3374600009252","-76.58905"
"04/09/2025","AQS","245105253","4","27.9","ppb","25","Lake Montebello","23","96.0000","42602","Nitrogen dioxide (NO2)","212","12580","Baltimore-Columbia-Towson, MD","24","Maryland","510","Baltimore (City)","39.3374600009252","-76.58905"
"04/10/2025","AQS","245105253","4","9.8","ppb","8","Lake Montebello","24","100.0000","42602","Nitrogen dioxide (NO2)","212","12580","Baltimore-Columbia-Towson, MD","24","Maryland","510","Baltimore (City)","39.3374600009252","-76.58905"
"04/11/2025","AQS","245105253","4","7.1","ppb","7","Lake Montebello","23","96.0000","42602","Nitrogen dioxide (NO2)","212","12580","Baltimore-Columbia-Towson, MD","24","Maryland","510","Baltimore (City)","39.3374600009252","-76.58905"
"04/12/2025","AQS","245105253","4","5.7","ppb","5","Lake Montebello","24","100.0000","42602","Nitrogen dioxide (NO2)","212","12580","Baltimore-Columbia-Towson, MD","24","Maryland","510","Baltimore (City)","39.3374600009252","-76.58905"
"04/13/2025","AQS","245105253","4","31.5","ppb","29","Lake Montebello","24","100.0000","42602","Nitrogen dioxide (NO2)","212","12580","Baltimore-Columbia-Towson, MD","24","Maryland","510","Baltimore (City)","39.3374600009252","-76.58905"
"04/14/2025","AQS","245105253","4","32.3","ppb","30","Lake Montebello","23","96.0000","42602","Nitrogen dioxide (NO2)","212","12580","Baltimore-Columbia-Towson, MD","24","Maryland","510","Baltimore (City)","39.3374600009252","-76.58905"
"04/15/2025","AQS","245105253","4","15.6","ppb","14","Lake Montebello","23","96.0000","42602","Nitrogen dioxide (NO2)","212","12580","Baltimore-Columbia-Towson, MD","24","Maryland","510","Baltimore (City)","39.3374600009252","-76.58905"
"04/16/2025","AQS","245105253","4","7.5","ppb","7","Lake Montebello","23","96.0000","42602","Nitrogen dioxide (NO2)","212","12580","Baltimore-Columbia-Towson, MD","24","Maryland","510","Baltimore (City)","39.3374600009252","-76.58905"
"04/17/2025","AQS","245105253","4","35.5","ppb","33","Lake Montebello","24","100.0000","42602","Nitrogen dioxide (NO2)","212","12580","Baltimore-Columbia-Towson, MD","24","Maryland","510","Baltimore (City)","39.3374600009252","-76.58905"
"04/18/2025","AQS","245105253","4","36","ppb","34","Lake Montebello","23","96.0000","42602","Nitrogen dioxide (NO2)","212","12580","Baltimore-Columbia-Towson, MD","24","Maryland","510","Baltimore (City)","39.3374600009252","-76.58905"
"04/19/2025","AQS","245105253","4","9.7","ppb","8","Lake Montebello","24","100.0000","42602","Nitrogen dioxide (NO2)","212","12580","Baltimore-Columbia-Towson, MD","24","Maryland","510","Baltimore (City)","39.3374600009252","-76.58905"
"04/20/2025","AQS","245105253","4","22","ppb","21","Lake Montebello","24","100.0000","42602","Nitrogen dioxide (NO2)","212","12580","Baltimore-Columbia-Towson, MD","24","Maryland","510","Baltimore (City)","39.3374600009252","-76.58905"
"04/21/2025","AQS","245105253","4","12.5","ppb","11","Lake Montebello","23","96.0000","42602","Nitrogen dioxide (NO2)","212","12580","Baltimore-Columbia-Towson, MD","24","Maryland","510","Baltimore (City)","39.3374600009252","-76.58905"
"04/22/2025","AQS","245105253","4","16.2","ppb","15","Lake Montebello","23","96.0000","42602","Nitrogen dioxide (NO2)","212","12580","Baltimore-Columbia-Towson, MD","24","Maryland","510","Baltimore (City)","39.3374600009252","-76.58905"
"04/23/2025","AQS","245105253","4","19.4","ppb","18","Lake Montebello","23","96.0000","42602","Nitrogen dioxide (NO2)","212","12580","Baltimore-Columbia-Towson, MD","24","Maryland","510","Baltimore (City)","39.3374600009252","-76.58905"
"04/24/2025","AQS","245105253","4","28","ppb","26","Lake Montebello","24","100.0000","42602","Nitrogen dioxide (NO2)","212","12580","Baltimore-Columbia-Towson, MD","24","Maryland","510","Baltimore (City)","39.3374600009252","-76.58905"
"04/25/2025","AQS","245105253","4","31.5","ppb","29","Lake Montebello","23","96.0000","42602","Nitrogen dioxide (NO2)","212","12580","Baltimore-Columbia-Towson, MD","24","Maryland","510","Baltimore (City)","39.3374600009252","-76.58905"
"04/26/2025","AQS","245105253","4","6.2","ppb","6","Lake Montebello","24","100.0000","42602","Nitrogen dioxide (NO2)","212","12580","Baltimore-Columbia-Towson, MD","24","Maryland","510","Baltimore (City)","39.3374600009252","-76.58905"
"04/27/2025","AQS","245105253","4","13","ppb","12","Lake Montebello","24","100.0000","42602","Nitrogen dioxide (NO2)","212","12580","Baltimore-Columbia-Towson, MD","24","Maryland","510","Baltimore (City)","39.3374600009252","-76.58905"
"04/28/2025","AQS","245105253","4","14","ppb","13","Lake Montebello","23","96.0000","42602","Nitrogen dioxide (NO2)","212","12580","Baltimore-Columbia-Towson, MD","24","Maryland","510","Baltimore (City)","39.3374600009252","-76.58905"
"04/29/2025","AQS","245105253","4","9.7","ppb","8","Lake Montebello","23","96.0000","42602","Nitrogen dioxide (NO2)","212","12580","Baltimore-Columbia-Towson, MD","24","Maryland","510","Baltimore (City)","39.3374600009252","-76.58905"
"04/30/2025","AQS","245105253","4","21.5","ppb","20","Lake Montebello","23","96.0000","42602","Nitrogen dioxide (NO2)","212","12580","Baltimore-Columbia-Towson, MD","24","Maryland","510","Baltimore (City)","39.3374600009252","-76.58905"
"05/01/2025","AQS","245105253","4","12.2","ppb","11","Lake Montebello","24","100.0000","42602","Nitrogen dioxide (NO2)","212","12580","Baltimore-Columbia-Towson, MD","24","Maryland","510","Baltimore (City)","39.3374600009252","-76.58905"
"05/02/2025","AQS","245105253","4","21.3","ppb","20","Lake Montebello","23","96.0000","42602","Nitrogen dioxide (NO2)","212","12580","Baltimore-Columbia-Towson, MD","24","Maryland","510","Baltimore (City)","39.3374600009252","-76.58905"
"05/03/2025","AQS","245105253","4","22","ppb","21","Lake Montebello","24","100.0000","42602","Nitrogen dioxide (NO2)","212","12580","Baltimore-Columbia-Towson, MD","24","Maryland","510","Baltimore (City)","39.3374600009252","-76.58905"
"05/04/2025","AQS","245105253","4","10.4","ppb","9","Lake Montebello","24","100.0000","42602","Nitrogen dioxide (NO2)","212","12580","Baltimore-Columbia-Towson, MD","24","Maryland","510","Baltimore (City)","39.3374600009252","-76.58905"
"05/05/2025","AQS","245105253","4","4.8","ppb","4","Lake Montebello","23","96.0000","42602","Nitrogen dioxide (NO2)","212","12580","Baltimore-Columbia-Towson, MD","24","Maryland","510","Baltimore (City)","39.3374600009252","-76.58905"
"05/06/2025","AQS","245105253","4","9.1","ppb","8","Lake Montebello","23","96.0000","42602","Nitrogen dioxide (NO2)","212","12580","Baltimore-Columbia-Towson, MD","24","Maryland","510","Baltimore (City)","39.3374600009252","-76.58905"
"05/07/2025","AQS","245105253","4","24.8","ppb","23","Lake Montebello","23","96.0000","42602","Nitrogen dioxide (NO2)","212","12580","Baltimore-Columbia-Towson, MD","24","Maryland","510","Baltimore (City)","39.3374600009252","-76.58905"
"05/08/2025","AQS","245105253","4","21.3","ppb","20","Lake Montebello","24","100.0000","42602","Nitrogen dioxide (NO2)","212","12580","Baltimore-Columbia-Towson, MD","24","Maryland","510","Baltimore (City)","39.3374600009252","-76.58905"
"05/09/2025","AQS","245105253","4","4.9","ppb","4","Lake Montebello","23","96.0000","42602","Nitrogen dioxide (NO2)","212","12580","Baltimore-Columbia-Towson, MD","24","Maryland","510","Baltimore (City)","39.3374600009252","-76.58905"
"05/10/2025","AQS","245105253","4","14.5","ppb","13","Lake Montebello","24","100.0000","42602","Nitrogen dioxide (NO2)","212","12580","Baltimore-Columbia-Towson, MD","24","Maryland","510","Baltimore (City)","39.3374600009252","-76.58905"
"05/11/2025","AQS","245105253","4","14","ppb","13","Lake Montebello","24","100.0000","42602","Nitrogen dioxide (NO2)","212","12580","Baltimore-Columbia-Towson, MD","24","Maryland","510","Baltimore (City)","39.3374600009252","-76.58905"
"05/12/2025","AQS","245105253","4","12.5","ppb","11","Lake Montebello","23","96.0000","42602","Nitrogen dioxide (NO2)","212","12580","Baltimore-Columbia-Towson, MD","24","Maryland","510","Baltimore (City)","39.3374600009252","-76.58905"
"05/13/2025","AQS","245105253","4","4.7","ppb","4","Lake Montebello","23","96.0000","42602","Nitrogen dioxide (NO2)","212","12580","Baltimore-Columbia-Towson, MD","24","Maryland","510","Baltimore (City)","39.3374600009252","-76.58905"
"05/14/2025","AQS","245105253","4","5.9","ppb","5","Lake Montebello","23","96.0000","42602","Nitrogen dioxide (NO2)","212","12580","Baltimore-Columbia-Towson, MD","24","Maryland","510","Baltimore (City)","39.3374600009252","-76.58905"
"05/15/2025","AQS","245105253","4","14.8","ppb","13","Lake Montebello","24","100.0000","42602","Nitrogen dioxide (NO2)","212","12580","Baltimore-Columbia-Towson, MD","24","Maryland","510","Baltimore (City)","39.3374600009252","-76.58905"
"05/16/2025","AQS","245105253","4","17.3","ppb","16","Lake Montebello","23","96.0000","42602","Nitrogen dioxide (NO2)","212","12580","Baltimore-Columbia-Towson, MD","24","Maryland","510","Baltimore (City)","39.3374600009252","-76.58905"
"05/17/2025","AQS","245105253","4","7.1","ppb","7","Lake Montebello","24","100.0000","42602","Nitrogen dioxide (NO2)","212","12580","Baltimore-Columbia-Towson, MD","24","Maryland","510","Baltimore (City)","39.3374600009252","-76.58905"
"05/18/2025","AQS","245105253","4","1.7","ppb","1","Lake Montebello","24","100.0000","42602","Nitrogen dioxide (NO2)","212","12580","Baltimore-Columbia-Towson, MD","24","Maryland","510","Baltimore (City)","39.3374600009252","-76.58905"
"05/19/2025","AQS","245105253","4","2.7","ppb","2","Lake Montebello","23","96.0000","42602","Nitrogen dioxide (NO2)","212","12580","Baltimore-Columbia-Towson, MD","24","Maryland","510","Baltimore (City)","39.3374600009252","-76.58905"
"05/20/2025","AQS","245105253","4","8.3","ppb","8","Lake Montebello","23","96.0000","42602","Nitrogen dioxide (NO2)","212","12580","Baltimore-Columbia-Towson, MD","24","Maryland","510","Baltimore (City)","39.3374600009252","-76.58905"
"05/21/2025","AQS","245105253","4","7.8","ppb","7","Lake Montebello","23","96.0000","42602","Nitrogen dioxide (NO2)","212","12580","Baltimore-Columbia-Towson, MD","24","Maryland","510","Baltimore (City)","39.3374600009252","-76.58905"
"05/22/2025","AQS","245105253","4","7.4","ppb","7","Lake Montebello","24","100.0000","42602","Nitrogen dioxide (NO2)","212","12580","Baltimore-Columbia-Towson, MD","24","Maryland","510","Baltimore (City)","39.3374600009252","-76.58905"
"05/23/2025","AQS","245105253","4","6.4","ppb","6","Lake Montebello","23","96.0000","42602","Nitrogen dioxide (NO2)","212","12580","Baltimore-Columbia-Towson, MD","24","Maryland","510","Baltimore (City)","39.3374600009252","-76.58905"
"05/24/2025","AQS","245105253","4","6.7","ppb","6","Lake Montebello","24","100.0000","42602","Nitrogen dioxide (NO2)","212","12580","Baltimore-Columbia-Towson, MD","24","Maryland","510","Baltimore (City)","39.3374600009252","-76.58905"
"05/25/2025","AQS","245105253","4","4.8","ppb","4","Lake Montebello","24","100.0000","42602","Nitrogen dioxide (NO2)","212","12580","Baltimore-Columbia-Towson, MD","24","Maryland","510","Baltimore (City)","39.3374600009252","-76.58905"
"05/26/2025","AQS","245105253","4","20.7","ppb","19","Lake Montebello","23","96.0000","42602","Nitrogen dioxide (NO2)","212","12580","Baltimore-Columbia-Towson, MD","24","Maryland","510","Baltimore (City)","39.3374600009252","-76.58905"
"05/27/2025","AQS","245105253","4","14.3","ppb","13","Lake Montebello","23","96.0000","42602","Nitrogen dioxide (NO2)","212","12580","Baltimore-Columbia-Towson, MD","24","Maryland","510","Baltimore (City)","39.3374600009252","-76.58905"
"05/28/2025","AQS","245105253","4","4.5","ppb","4","Lake Montebello","23","96.0000","42602","Nitrogen dioxide (NO2)","212","12580","Baltimore-Columbia-Towson, MD","24","Maryland","510","Baltimore (City)","39.3374600009252","-76.58905"
"05/29/2025","AQS","245105253","4","15.3","ppb","14","Lake Montebello","24","100.0000","42602","Nitrogen dioxide (NO2)","212","12580","Baltimore-Columbia-Towson, MD","24","Maryland","510","Baltimore (City)","39.3374600009252","-76.58905"
"05/30/2025","AQS","245105253","4","9.2","ppb","8","Lake Montebello","23","96.0000","42602","Nitrogen dioxide (NO2)","212","12580","Baltimore-Columbia-Towson, MD","24","Maryland","510","Baltimore (City)","39.3374600009252","-76.58905"
"05/31/2025","AQS","245105253","4","2.8","ppb","2","Lake Montebello","24","100.0000","42602","Nitrogen dioxide (NO2)","212","12580","Baltimore-Columbia-Towson, MD","24","Maryland","510","Baltimore (City)","39.3374600009252","-76.58905"
"06/01/2025","AQS","245105253","4","9.6","ppb","8","Lake Montebello","24","100.0000","42602","Nitrogen dioxide (NO2)","212","12580","Baltimore-Columbia-Towson, MD","24","Maryland","510","Baltimore (City)","39.3374600009252","-76.58905"
"06/02/2025","AQS","245105253","4","10.7","ppb","9","Lake Montebello","23","96.0000","42602","Nitrogen dioxide (NO2)","212","12580","Baltimore-Columbia-Towson, MD","24","Maryland","510","Baltimore (City)","39.3374600009252","-76.58905"
"06/03/2025","AQS","245105253","4","23.7","ppb","22","Lake Montebello","23","96.0000","42602","Nitrogen dioxide (NO2)","212","12580","Baltimore-Columbia-Towson, MD","24","Maryland","510","Baltimore (City)","39.3374600009252","-76.58905"
"06/04/2025","AQS","245105253","4","18.5","ppb","17","Lake Montebello","23","96.0000","42602","Nitrogen dioxide (NO2)","212","12580","Baltimore-Columbia-Towson, MD","24","Maryland","510","Baltimore (City)","39.3374600009252","-76.58905"
"06/05/2025","AQS","245105253","4","15","ppb","14","Lake Montebello","24","100.0000","42602","Nitrogen dioxide (NO2)","212","12580","Baltimore-Columbia-Towson, MD","24","Maryland","510","Baltimore (City)","39.3374600009252","-76.58905"
"06/06/2025","AQS","245105253","4","20.8","ppb","19","Lake Montebello","23","96.0000","42602","Nitrogen dioxide (NO2)","212","12580","Baltimore-Columbia-Towson, MD","24","Maryland","510","Baltimore (City)","39.3374600009252","-76.58905"
"06/07/2025","AQS","245105253","4","15.3","ppb","14","Lake Montebello","24","100.0000","42602","Nitrogen dioxide (NO2)","212","12580","Baltimore-Columbia-Towson, MD","24","Maryland","510","Baltimore (City)","39.3374600009252","-76.58905"
"06/08/2025","AQS","245105253","4","6.4","ppb","6","Lake Montebello","24","100.0000","42602","Nitrogen dioxide (NO2)","212","12580","Baltimore-Columbia-Towson, MD","24","Maryland","510","Baltimore (City)","39.3374600009252","-76.58905"
"06/09/2025","AQS","245105253","4","5.4","ppb","5","Lake Montebello","23","96.0000","42602","Nitrogen dioxide (NO2)","212","12580","Baltimore-Columbia-Towson, MD","24","Maryland","510","Baltimore (City)","39.3374600009252","-76.58905"
"06/10/2025","AQS","245105253","4","7.5","ppb","7","Lake Montebello","23","96.0000","42602","Nitrogen dioxide (NO2)","212","12580","Baltimore-Columbia-Towson, MD","24","Maryland","510","Baltimore (City)","39.3374600009252","-76.58905"
"06/11/2025","AQS","245105253","4","16.1","ppb","15","Lake Montebello","23","96.0000","42602","Nitrogen dioxide (NO2)","212","12580","Baltimore-Columbia-Towson, MD","24","Maryland","510","Baltimore (City)","39.3374600009252","-76.58905"
"06/12/2025","AQS","245105253","4","18.5","ppb","17","Lake Montebello","24","100.0000","42602","Nitrogen dioxide (NO2)","212","12580","Baltimore-Columbia-Towson, MD","24","Maryland","510","Baltimore (City)","39.3374600009252","-76.58905"
"06/13/2025","AQS","245105253","4","24.1","ppb","23","Lake Montebello","23","96.0000","42602","Nitrogen dioxide (NO2)","212","12580","Baltimore-Columbia-Towson, MD","24","Maryland","510","Baltimore (City)","39.3374600009252","-76.58905"
"06/14/2025","AQS","245105253","4","7.4","ppb","7","Lake Montebello","24","100.0000","42602","Nitrogen dioxide (NO2)","212","12580","Baltimore-Columbia-Towson, MD","24","Maryland","510","Baltimore (City)","39.3374600009252","-76.58905"
"06/15/2025","AQS","245105253","4","2.8","ppb","2","Lake Montebello","24","100.0000","42602","Nitrogen dioxide (NO2)","212","12580","Baltimore-Columbia-Towson, MD","24","Maryland","510","Baltimore (City)","39.3374600009252","-76.58905"
"06/16/2025","AQS","245105253","4","6.8","ppb","6","Lake Montebello","23","96.0000","42602","Nitrogen dioxide (NO2)","212","12580","Baltimore-Columbia-Towson, MD","24","Maryland","510","Baltimore (City)","39.3374600009252","-76.58905"
"06/17/2025","AQS","245105253","4","8.4","ppb","8","Lake Montebello","23","96.0000","42602","Nitrogen dioxide (NO2)","212","12580","Baltimore-Columbia-Towson, MD","24","Maryland","510","Baltimore (City)","39.3374600009252","-76.58905"
"06/18/2025","AQS","245105253","4","20.7","ppb","19","Lake Montebello","23","96.0000","42602","Nitrogen dioxide (NO2)","212","12580","Baltimore-Columbia-Towson, MD","24","Maryland","510","Baltimore (City)","39.3374600009252","-76.58905"
"06/19/2025","AQS","245105253","4","16.6","ppb","15","Lake Montebello","24","100.0000","42602","Nitrogen dioxide (NO2)","212","12580","Baltimore-Columbia-Towson, MD","24","Maryland","510","Baltimore (City)","39.3374600009252","-76.58905"
"06/20/2025","AQS","245105253","4","6.3","ppb","6","Lake Montebello","23","96.0000","42602","Nitrogen dioxide (NO2)","212","12580","Baltimore-Columbia-Towson, MD","24","Maryland","510","Baltimore (City)","39.3374600009252","-76.58905"
"06/21/2025","AQS","245105253","4","12.2","ppb","11","Lake Montebello","24","100.0000","42602","Nitrogen dioxide (NO2)","212","12580","Baltimore-Columbia-Towson, MD","24","Maryland","510","Baltimore (City)","39.3374600009252","-76.58905"
"06/22/2025","AQS","245105253","4","10.4","ppb","9","Lake Montebello","24","100.0000","42602","Nitrogen dioxide (NO2)","212","12580","Baltimore-Columbia-Towson, MD","24","Maryland","510","Baltimore (City)","39.3374600009252","-76.58905"
"06/23/2025","AQS","245105253","4","5.7","ppb","5","Lake Montebello","23","96.0000","42602","Nitrogen dioxide (NO2)","212","12580","Baltimore-Columbia-Towson, MD","24","Maryland","510","Baltimore (City)","39.3374600009252","-76.58905"
"06/24/2025","AQS","245105253","4","8.4","ppb","8","Lake Montebello","24","100.0000","42602","Nitrogen dioxide (NO2)","212","12580","Baltimore-Columbia-Towson, MD","24","Maryland","510","Baltimore (City)","39.3374600009252","-76.58905"
"06/25/2025","AQS","245105253","4","13.1","ppb","12","Lake Montebello","23","96.0000","42602","Nitrogen dioxide (NO2)","212","12580","Baltimore-Columbia-Towson, MD","24","Maryland","510","Baltimore (City)","39.3374600009252","-76.58905"
"06/26/2025","AQS","245105253","4","6.8","ppb","6","Lake Montebello","24","100.0000","42602","Nitrogen dioxide (NO2)","212","12580","Baltimore-Columbia-Towson, MD","24","Maryland","510","Baltimore (City)","39.3374600009252","-76.58905"
"06/28/2025","AQS","245105253","4","13.7","ppb","12","Lake Montebello","24","100.0000","42602","Nitrogen dioxide (NO2)","212","12580","Baltimore-Columbia-Towson, MD","24","Maryland","510","Baltimore (City)","39.3374600009252","-76.58905"
"06/29/2025","AQS","245105253","4","13.2","ppb","12","Lake Montebello","24","100.0000","42602","Nitrogen dioxide (NO2)","212","12580","Baltimore-Columbia-Towson, MD","24","Maryland","510","Baltimore (City)","39.3374600009252","-76.58905"
"06/30/2025","AQS","245105253","4","18.4","ppb","17","Lake Montebello","23","96.0000","42602","Nitrogen dioxide (NO2)","212","12580","Baltimore-Columbia-Towson, MD","24","Maryland","510","Baltimore (City)","39.3374600009252","-76.58905"
