"Date","Source","Site ID","POC","Daily Max 1-hour NO2 Concentration","Units","Daily AQI Value","Local Site Name","Daily Obs Count","Percent Complete","AQS Parameter Code","AQS Parameter Description","Method Code","CBSA Code","CBSA Name","State FIPS Code","State","County FIPS Code","County","Site Latitude","Site Longitude"
"01/01/2025","AQS","510130020","1","20.3","ppb","19","Aurora Hills Visitors Center","23","96.0000","42602","Nitrogen dioxide (NO2)","212","47900","Washington-Arlington-Alexandria, DC-VA-MD-WV","51","Virginia","013","Arlington","38.857700000922","-77.05922"
"01/02/2025","AQS","510130020","1","30.8","ppb","28","Aurora Hills Visitors Center","24","100.0000","42602","Nitrogen dioxide (NO2)","212","47900","Washington-Arlington-Alexandria, DC-VA-MD-WV","51","Virginia","013","Arlington","38.857700000922","-77.05922"
"01/03/2025","AQS","510130020","1","30.3","ppb","28","Aurora Hills Visitors Center","24","100.0000","42602","Nitrogen dioxide (NO2)","212","47900","Washington-Arlington-Alexandria, DC-VA-MD-WV","51","Virginia","013","Arlington","38.857700000922","-77.05922"
"01/04/2025","AQS","510130020","1","5.8","ppb","5","Aurora Hills Visitors Center","23","96.0000","42602","Nitrogen dioxide (NO2)","212","47900","Washington-Arlington-Alexandria, DC-VA-MD-WV","51","Virginia","013","Arlington","38.857700000922","-77.05922"
"01/05/2025","AQS","510130020","1","30.3","ppb","28","Aurora Hills Visitors Center","24","100.0000","42602","Nitrogen dioxide (NO2)","212","47900","Washington-Arlington-Alexandria, DC-VA-MD-WV","51","Virginia","013","Arlington","38.857700000922","-77.05922"
"01/06/2025","AQS","510130020","1","16.3","ppb","15","Aurora Hills Visitors Center","22","92.0000","42602","Nitrogen dioxide (NO2)","212","47900","Washington-Arlington-Alexandria, DC-VA-MD-WV","51","Virginia","013","Arlington","38.857700000922","-77.05922"
"01/07/2025","AQS","510130020","1","6.8","ppb","6","Aurora Hills Visitors Center","23","96.0000","42602","Nitrogen dioxide (NO2)","212","47900","Washington-Arlington-Alexandria, DC-VA-MD-WV","51","Virginia","013","Arlington","38.857700000922","-77.05922"
"01/08/2025","AQS","510130020","1","7.7","ppb","7","Aurora Hills Visitors Center","24","100.0000","42602","Nitrogen dioxide (NO2)","212","47900","Washington-Arlington-Alexandria, DC-VA-MD-WV","51","Virginia","013","Arlington","38.857700000922","-77.05922"
"01/09/2025","AQS","510130020","1","5.9","ppb","5","Aurora Hills Visitors Center","24","100.0000","42602","Nitrogen dioxide (NO2)","212","47900","Washington-Arlington-Alexandria, DC-VA-MD-WV","51","Virginia","013","Arlington","38.857700000922","-77.05922"
"01/10/2025","AQS","510130020","1","23.8","ppb","22","Aurora Hills Visitors Center","23","96.0000","42602","Nitrogen dioxide (NO2)","212","47900","Washington-Arlington-Alexandria, DC-VA-MD-WV","51","Virginia","013","Arlington","38.857700000922","-77.05922"
"01/11/2025","AQS","510130020","1","12.4","ppb","11","Aurora Hills Visitors Center","24","100.0000","42602","Nitrogen dioxide (NO2)","212","47900","Washington-Arlington-Alexandria, DC-VA-MD-WV","51","Virginia","013","Arlington","38.857700000922","-77.05922"
"01/12/2025","AQS","510130020","1","38","ppb","36","Aurora Hills Visitors Center","24","100.0000","42602","Nitrogen dioxide (NO2)","212","47900","Washington-Arlington-Alexandria, DC-VA-MD-WV","51","Virginia","013","Arlington","38.857700000922","-77.05922"
"01/13/2025","AQS","510130020","1","37.3","ppb","35","Aurora Hills Visitors Center","23","96.0000","42602","Nitrogen dioxide (NO2)","212","47900","Washington-Arlington-Alexandria, DC-VA-MD-WV","51","Virginia","013","Arlington","38.857700000922","-77.05922"
"01/14/2025","AQS","510130020","1","11.3","ppb","10","Aurora Hills Visitors Center","24","100.0000","42602","Nitrogen dioxide (NO2)","212","47900","Washington-Arlington-Alexandria, DC-VA-MD-WV","51","Virginia","013","Arlington","38.857700000922","-77.05922"
"01/15/2025","AQS","510130020","1","10.5","ppb","9","Aurora Hills Visitors Center","24","100.0000","42602","Nitrogen dioxide (NO2)","212","47900","Washington-Arlington-Alexandria, DC-VA-MD-WV","51","Virginia","013","Arlington","38.857700000922","-77.05922"
"01/16/2025","AQS","510130020","1","35","ppb","33","Aurora Hills Visitors Center","23","96.0000","42602","Nitrogen dioxide (NO2)","212","47900","Washington-Arlington-Alexandria, DC-VA-MD-WV","51","Virginia","013","Arlington","38.857700000922","-77.05922"
"01/17/2025","AQS","510130020","1","33.3","ppb","31","Aurora Hills Visitors Center","24","100.0000","42602","Nitrogen dioxide (NO2)","212","47900","Washington-Arlington-Alexandria, DC-VA-MD-WV","51","Virginia","013","Arlington","38.857700000922","-77.05922"
"01/18/2025","AQS","510130020","1","33.8","ppb","31","Aurora Hills Visitors Center","24","100.0000","42602","Nitrogen dioxide (NO2)","212","47900","Washington-Arlington-Alexandria, DC-VA-MD-WV","51","Virginia","013","Arlington","38.857700000922","-77.05922"
"01/19/2025","AQS","510130020","1","32","ppb","30","Aurora Hills Visitors Center","23","96.0000","42602","Nitrogen dioxide (NO2)","212","47900","Washington-Arlington-Alexandria, DC-VA-MD-WV","51","Virginia","013","Arlington","38.857700000922","-77.05922"
"01/20/2025","AQS","510130020","1","8.9","ppb","8","Aurora Hills Visitors Center","24","100.0000","42602","Nitrogen dioxide (NO2)","212","47900","Washington-Arlington-Alexandria, DC-VA-MD-WV","51","Virginia","013","Arlington","38.857700000922","-77.05922"
"01/21/2025","AQS","510130020","1","23","ppb","22","Aurora Hills Visitors Center","23","96.0000","42602","Nitrogen dioxide (NO2)","212","47900","Washington-Arlington-Alexandria, DC-VA-MD-WV","51","Virginia","013","Arlington","38.857700000922","-77.05922"
"01/22/2025","AQS","510130020","1","36.5","ppb","34","Aurora Hills Visitors Center","20","83.0000","42602","Nitrogen dioxide (NO2)","212","47900","Washington-Arlington-Alexandria, DC-VA-MD-WV","51","Virginia","013","Arlington","38.857700000922","-77.05922"
"01/23/2025","AQS","510130020","1","39.2","ppb","37","Aurora Hills Visitors Center","24","100.0000","42602","Nitrogen dioxide (NO2)","212","47900","Washington-Arlington-Alexandria, DC-VA-MD-WV","51","Virginia","013","Arlington","38.857700000922","-77.05922"
"01/24/2025","AQS","510130020","1","40.6","ppb","38","Aurora Hills Visitors Center","24","100.0000","42602","Nitrogen dioxide (NO2)","212","47900","Washington-Arlington-Alexandria, DC-VA-MD-WV","51","Virginia","013","Arlington","38.857700000922","-77.05922"
"01/25/2025","AQS","510130020","1","37.4","ppb","35","Aurora Hills Visitors Center","23","96.0000","42602","Nitrogen dioxide (NO2)","212","47900","Washington-Arlington-Alexandria, DC-VA-MD-WV","51","Virginia","013","Arlington","38.857700000922","-77.05922"
"01/26/2025","AQS","510130020","1","44.5","ppb","42","Aurora Hills Visitors Center","24","100.0000","42602","Nitrogen dioxide (NO2)","212","47900","Washington-Arlington-Alexandria, DC-VA-MD-WV","51","Virginia","013","Arlington","38.857700000922","-77.05922"
"01/27/2025","AQS","510130020","1","45.7","ppb","42","Aurora Hills Visitors Center","24","100.0000","42602","Nitrogen dioxide (NO2)","212","47900","Washington-Arlington-Alexandria, DC-VA-MD-WV","51","Virginia","013","Arlington","38.857700000922","-77.05922"
"01/28/2025","AQS","510130020","1","40.6","ppb","38","Aurora Hills Visitors Center","23","96.0000","42602","Nitrogen dioxide (NO2)","212","47900","Washington-Arlington-Alexandria, DC-VA-MD-WV","51","Virginia","013","Arlington","38.857700000922","-77.05922"
"01/29/2025","AQS","510130020","1","24.2","ppb","23","Aurora Hills Visitors Center","24","100.0000","42602","Nitrogen dioxide (NO2)","212","47900","Washington-Arlington-Alexandria, DC-VA-MD-WV","51","Virginia","013","Arlington","38.857700000922","-77.05922"
"01/30/2025","AQS","510130020","1","35.9","ppb","33","Aurora Hills Visitors Center","24","100.0000","42602","Nitrogen dioxide (NO2)","212","47900","Washington-Arlington-Alexandria, DC-VA-MD-WV","51","Virginia","013","Arlington","38.857700000922","-77.05922"
"01/31/2025","AQS","510130020","1","20","ppb","19","Aurora Hills Visitors Center","23","96.0000","42602","Nitrogen dioxide (NO2)","212","47900","Washington-Arlington-Alexandria, DC-VA-MD-WV","51","Virginia","013","Arlington","38.857700000922","-77.05922"
"02/01/2025","AQS","510130020","1","16.7","ppb","15","Aurora Hills Visitors Center","24","100.0000","42602","Nitrogen dioxide (NO2)","212","47900","Washington-Arlington-Alexandria, DC-VA-MD-WV","51","Virginia","013","Arlington","38.857700000922","-77.05922"
"02/02/2025","AQS","510130020","1","13.2","ppb","12","Aurora Hills Visitors Center","24","100.0000","42602","Nitrogen dioxide (NO2)","212","47900","Washington-Arlington-Alexandria, DC-VA-MD-WV","51","Virginia","013","Arlington","38.857700000922","-77.05922"
"02/03/2025","AQS","510130020","1","35.5","ppb","33","Aurora Hills Visitors Center","23","96.0000","42602","Nitrogen dioxide (NO2)","212","47900","Washington-Arlington-Alexandria, DC-VA-MD-WV","51","Virginia","013","Arlington","38.857700000922","-77.05922"
"02/04/2025","AQS","510130020","1","36.9","ppb","34","Aurora Hills Visitors Center","24","100.0000","42602","Nitrogen dioxide (NO2)","212","47900","Washington-Arlington-Alexandria, DC-VA-MD-WV","51","Virginia","013","Arlington","38.857700000922","-77.05922"
"02/05/2025","AQS","510130020","1","16.5","ppb","15","Aurora Hills Visitors Center","23","96.0000","42602","Nitrogen dioxide (NO2)","212","47900","Washington-Arlington-Alexandria, DC-VA-MD-WV","51","Virginia","013","Arlington","38.857700000922","-77.05922"
"02/06/2025","AQS","510130020","1","22.9","ppb","21","Aurora Hills Visitors Center","23","96.0000","42602","Nitrogen dioxide (NO2)","212","47900","Washington-Arlington-Alexandria, DC-VA-MD-WV","51","Virginia","013","Arlington","38.857700000922","-77.05922"
"02/07/2025","AQS","510130020","1","18.9","ppb","17","Aurora Hills Visitors Center","24","100.0000","42602","Nitrogen dioxide (NO2)","212","47900","Washington-Arlington-Alexandria, DC-VA-MD-WV","51","Virginia","013","Arlington","38.857700000922","-77.05922"
"02/08/2025","AQS","510130020","1","19.6","ppb","18","Aurora Hills Visitors Center","24","100.0000","42602","Nitrogen dioxide (NO2)","212","47900","Washington-Arlington-Alexandria, DC-VA-MD-WV","51","Virginia","013","Arlington","38.857700000922","-77.05922"
"02/09/2025","AQS","510130020","1","18.3","ppb","17","Aurora Hills Visitors Center","23","96.0000","42602","Nitrogen dioxide (NO2)","212","47900","Washington-Arlington-Alexandria, DC-VA-MD-WV","51","Virginia","013","Arlington","38.857700000922","-77.05922"
"02/10/2025","AQS","510130020","1","13.5","ppb","12","Aurora Hills Visitors Center","24","100.0000","42602","Nitrogen dioxide (NO2)","212","47900","Washington-Arlington-Alexandria, DC-VA-MD-WV","51","Virginia","013","Arlington","38.857700000922","-77.05922"
"02/11/2025","AQS","510130020","1","32.1","ppb","30","Aurora Hills Visitors Center","24","100.0000","42602","Nitrogen dioxide (NO2)","212","47900","Washington-Arlington-Alexandria, DC-VA-MD-WV","51","Virginia","013","Arlington","38.857700000922","-77.05922"
"02/12/2025","AQS","510130020","1","26.5","ppb","25","Aurora Hills Visitors Center","23","96.0000","42602","Nitrogen dioxide (NO2)","212","47900","Washington-Arlington-Alexandria, DC-VA-MD-WV","51","Virginia","013","Arlington","38.857700000922","-77.05922"
"02/13/2025","AQS","510130020","1","34.4","ppb","32","Aurora Hills Visitors Center","24","100.0000","42602","Nitrogen dioxide (NO2)","212","47900","Washington-Arlington-Alexandria, DC-VA-MD-WV","51","Virginia","013","Arlington","38.857700000922","-77.05922"
"02/14/2025","AQS","510130020","1","42.9","ppb","40","Aurora Hills Visitors Center","24","100.0000","42602","Nitrogen dioxide (NO2)","212","47900","Washington-Arlington-Alexandria, DC-VA-MD-WV","51","Virginia","013","Arlington","38.857700000922","-77.05922"
"02/15/2025","AQS","510130020","1","16.8","ppb","15","Aurora Hills Visitors Center","23","96.0000","42602","Nitrogen dioxide (NO2)","212","47900","Washington-Arlington-Alexandria, DC-VA-MD-WV","51","Virginia","013","Arlington","38.857700000922","-77.05922"
"02/16/2025","AQS","510130020","1","16.9","ppb","15","Aurora Hills Visitors Center","23","96.0000","42602","Nitrogen dioxide (NO2)","212","47900","Washington-Arlington-Alexandria, DC-VA-MD-WV","51","Virginia","013","Arlington","38.857700000922","-77.05922"
"02/17/2025","AQS","510130020","1","6.6","ppb","6","Aurora Hills Visitors Center","24","100.0000","42602","Nitrogen dioxide (NO2)","212","47900","Washington-Arlington-Alexandria, DC-VA-MD-WV","51","Virginia","013","Arlington","38.857700000922","-77.05922"
"02/18/2025","AQS","510130020","1","8.3","ppb","8","Aurora Hills Visitors Center","23","96.0000","42602","Nitrogen dioxide (NO2)","212","47900","Washington-Arlington-Alexandria, DC-VA-MD-WV","51","Virginia","013","Arlington","38.857700000922","-77.05922"
"02/19/2025","AQS","510130020","1","29.7","ppb","27","Aurora Hills Visitors Center","24","100.0000","42602","Nitrogen dioxide (NO2)","212","47900","Washington-Arlington-Alexandria, DC-VA-MD-WV","51","Virginia","013","Arlington","38.857700000922","-77.05922"
"02/20/2025","AQS","510130020","1","14.9","ppb","13","Aurora Hills Visitors Center","22","92.0000","42602","Nitrogen dioxide (NO2)","212","47900","Washington-Arlington-Alexandria, DC-VA-MD-WV","51","Virginia","013","Arlington","38.857700000922","-77.05922"
"02/21/2025","AQS","510130020","1","6.7","ppb","6","Aurora Hills Visitors Center","23","96.0000","42602","Nitrogen dioxide (NO2)","212","47900","Washington-Arlington-Alexandria, DC-VA-MD-WV","51","Virginia","013","Arlington","38.857700000922","-77.05922"
"02/22/2025","AQS","510130020","1","37.2","ppb","35","Aurora Hills Visitors Center","24","100.0000","42602","Nitrogen dioxide (NO2)","212","47900","Washington-Arlington-Alexandria, DC-VA-MD-WV","51","Virginia","013","Arlington","38.857700000922","-77.05922"
"02/23/2025","AQS","510130020","1","39.3","ppb","37","Aurora Hills Visitors Center","24","100.0000","42602","Nitrogen dioxide (NO2)","212","47900","Washington-Arlington-Alexandria, DC-VA-MD-WV","51","Virginia","013","Arlington","38.857700000922","-77.05922"
"02/24/2025","AQS","510130020","1","40.2","ppb","38","Aurora Hills Visitors Center","23","96.0000","42602","Nitrogen dioxide (NO2)","212","47900","Washington-Arlington-Alexandria, DC-VA-MD-WV","51","Virginia","013","Arlington","38.857700000922","-77.05922"
"02/25/2025","AQS","510130020","1","38.3","ppb","36","Aurora Hills Visitors Center","24","100.0000","42602","Nitrogen dioxide (NO2)","212","47900","Washington-Arlington-Alexandria, DC-VA-MD-WV","51","Virginia","013","Arlington","38.857700000922","-77.05922"
"02/26/2025","AQS","510130020","1","40","ppb","38","Aurora Hills Visitors Center","24","100.0000","42602","Nitrogen dioxide (NO2)","212","47900","Washington-Arlington-Alexandria, DC-VA-MD-WV","51","Virginia","013","Arlington","38.857700000922","-77.05922"
"02/27/2025","AQS","510130020","1","35","ppb","33","Aurora Hills Visitors Center","23","96.0000","42602","Nitrogen dioxide (NO2)","212","47900","Washington-Arlington-Alexandria, DC-VA-MD-WV","51","Virginia","013","Arlington","38.857700000922","-77.05922"
"02/28/2025","AQS","510130020","1","11","ppb","10","Aurora Hills Visitors Center","24","100.0000","42602","Nitrogen dioxide (NO2)","212","47900","Washington-Arlington-Alexandria, DC-VA-MD-WV","51","Virginia","013","Arlington","38.857700000922","-77.05922"
"03/01/2025","AQS","510130020","1","7.4","ppb","7","Aurora Hills Visitors Center","24","100.0000","42602","Nitrogen dioxide (NO2)","212","47900","Washington-Arlington-Alexandria, DC-VA-MD-WV","51","Virginia","013","Arlington","38.857700000922","-77.05922"
"03/02/2025","AQS","510130020","1","17.4","ppb","16","Aurora Hills Visitors Center","23","96.0000","42602","Nitrogen dioxide (NO2)","212","47900","Washington-Arlington-Alexandria, DC-VA-MD-WV","51","Virginia","013","Arlington","38.857700000922","-77.05922"
"03/03/2025","AQS","510130020","1","38.3","ppb","36","Aurora Hills Visitors Center","23","96.0000","42602","Nitrogen dioxide (NO2)","212","47900","Washington-Arlington-Alexandria, DC-VA-MD-WV","51","Virginia","013","Arlington","38.857700000922","-77.05922"
"03/04/2025","AQS","510130020","1","16","ppb","15","Aurora Hills Visitors Center","24","100.0000","42602","Nitrogen dioxide (NO2)","212","47900","Washington-Arlington-Alexandria, DC-VA-MD-WV","51","Virginia","013","Arlington","38.857700000922","-77.05922"
"03/05/2025","AQS","510130020","1","10.3","ppb","9","Aurora Hills Visitors Center","23","96.0000","42602","Nitrogen dioxide (NO2)","212","47900","Washington-Arlington-Alexandria, DC-VA-MD-WV","51","Virginia","013","Arlington","38.857700000922","-77.05922"
"03/06/2025","AQS","510130020","1","4.2","ppb","4","Aurora Hills Visitors Center","24","100.0000","42602","Nitrogen dioxide (NO2)","212","47900","Washington-Arlington-Alexandria, DC-VA-MD-WV","51","Virginia","013","Arlington","38.857700000922","-77.05922"
"03/07/2025","AQS","510130020","1","22.2","ppb","21","Aurora Hills Visitors Center","24","100.0000","42602","Nitrogen dioxide (NO2)","212","47900","Washington-Arlington-Alexandria, DC-VA-MD-WV","51","Virginia","013","Arlington","38.857700000922","-77.05922"
"03/08/2025","AQS","510130020","1","30.6","ppb","28","Aurora Hills Visitors Center","23","96.0000","42602","Nitrogen dioxide (NO2)","212","47900","Washington-Arlington-Alexandria, DC-VA-MD-WV","51","Virginia","013","Arlington","38.857700000922","-77.05922"
"03/09/2025","AQS","510130020","1","40.1","ppb","38","Aurora Hills Visitors Center","24","100.0000","42602","Nitrogen dioxide (NO2)","212","47900","Washington-Arlington-Alexandria, DC-VA-MD-WV","51","Virginia","013","Arlington","38.857700000922","-77.05922"
"03/10/2025","AQS","510130020","1","39","ppb","37","Aurora Hills Visitors Center","24","100.0000","42602","Nitrogen dioxide (NO2)","212","47900","Washington-Arlington-Alexandria, DC-VA-MD-WV","51","Virginia","013","Arlington","38.857700000922","-77.05922"
"03/11/2025","AQS","510130020","1","36.7","ppb","34","Aurora Hills Visitors Center","23","96.0000","42602","Nitrogen dioxide (NO2)","212","47900","Washington-Arlington-Alexandria, DC-VA-MD-WV","51","Virginia","013","Arlington","38.857700000922","-77.05922"
"03/12/2025","AQS","510130020","1","23.7","ppb","22","Aurora Hills Visitors Center","24","100.0000","42602","Nitrogen dioxide (NO2)","212","47900","Washington-Arlington-Alexandria, DC-VA-MD-WV","51","Virginia","013","Arlington","38.857700000922","-77.05922"
"03/13/2025","AQS","510130020","1","18.2","ppb","17","Aurora Hills Visitors Center","24","100.0000","42602","Nitrogen dioxide (NO2)","212","47900","Washington-Arlington-Alexandria, DC-VA-MD-WV","51","Virginia","013","Arlington","38.857700000922","-77.05922"
"03/14/2025","AQS","510130020","1","12.7","ppb","11","Aurora Hills Visitors Center","23","96.0000","42602","Nitrogen dioxide (NO2)","212","47900","Washington-Arlington-Alexandria, DC-VA-MD-WV","51","Virginia","013","Arlington","38.857700000922","-77.05922"
"03/15/2025","AQS","510130020","1","12.5","ppb","11","Aurora Hills Visitors Center","24","100.0000","42602","Nitrogen dioxide (NO2)","212","47900","Washington-Arlington-Alexandria, DC-VA-MD-WV","51","Virginia","013","Arlington","38.857700000922","-77.05922"
"03/16/2025","AQS","510130020","1","5","ppb","5","Aurora Hills Visitors Center","24","100.0000","42602","Nitrogen dioxide (NO2)","212","47900","Washington-Arlington-Alexandria, DC-VA-MD-WV","51","Virginia","013","Arlington","38.857700000922","-77.05922"
"03/17/2025","AQS","510130020","1","6.5","ppb","6","Aurora Hills Visitors Center","23","96.0000","42602","Nitrogen dioxide (NO2)","212","47900","Washington-Arlington-Alexandria, DC-VA-MD-WV","51","Virginia","013","Arlington","38.857700000922","-77.05922"
"03/18/2025","AQS","510130020","1","33.3","ppb","31","Aurora Hills Visitors Center","24","100.0000","42602","Nitrogen dioxide (NO2)","212","47900","Washington-Arlington-Alexandria, DC-VA-MD-WV","51","Virginia","013","Arlington","38.857700000922","-77.05922"
"03/19/2025","AQS","510130020","1","39.5","ppb","37","Aurora Hills Visitors Center","22","92.0000","42602","Nitrogen dioxide (NO2)","212","47900","Washington-Arlington-Alexandria, DC-VA-MD-WV","51","Virginia","013","Arlington","38.857700000922","-77.05922"
"03/20/2025","AQS","510130020","1","13.5","ppb","12","Aurora Hills Visitors Center","23","96.0000","42602","Nitrogen dioxide (NO2)","212","47900","Washington-Arlington-Alexandria, DC-VA-MD-WV","51","Virginia","013","Arlington","38.857700000922","-77.05922"
"03/21/2025","AQS","510130020","1","34.7","ppb","32","Aurora Hills Visitors Center","24","100.0000","42602","Nitrogen dioxide (NO2)","212","47900","Washington-Arlington-Alexandria, DC-VA-MD-WV","51","Virginia","013","Arlington","38.857700000922","-77.05922"
"03/22/2025","AQS","510130020","1","36.2","ppb","34","Aurora Hills Visitors Center","24","100.0000","42602","Nitrogen dioxide (NO2)","212","47900","Washington-Arlington-Alexandria, DC-VA-MD-WV","51","Virginia","013","Arlington","38.857700000922","-77.05922"
"03/23/2025","AQS","510130020","1","7.9","ppb","7","Aurora Hills Visitors Center","23","96.0000","42602","Nitrogen dioxide (NO2)","212","47900","Washington-Arlington-Alexandria, DC-VA-MD-WV","51","Virginia","013","Arlington","38.857700000922","-77.05922"
"03/24/2025","AQS","510130020","1","26.6","ppb","25","Aurora Hills Visitors Center","24","100.0000","42602","Nitrogen dioxide (NO2)","212","47900","Washington-Arlington-Alexandria, DC-VA-MD-WV","51","Virginia","013","Arlington","38.857700000922","-77.05922"
"03/25/2025","AQS","510130020","1","17.7","ppb","16","Aurora Hills Visitors Center","24","100.0000","42602","Nitrogen dioxide (NO2)","212","47900","Washington-Arlington-Alexandria, DC-VA-MD-WV","51","Virginia","013","Arlington","38.857700000922","-77.05922"
"03/26/2025","AQS","510130020","1","8.2","ppb","8","Aurora Hills Visitors Center","23","96.0000","42602","Nitrogen dioxide (NO2)","212","47900","Washington-Arlington-Alexandria, DC-VA-MD-WV","51","Virginia","013","Arlington","38.857700000922","-77.05922"
"03/27/2025","AQS","510130020","1","27.7","ppb","25","Aurora Hills Visitors Center","23","96.0000","42602","Nitrogen dioxide (NO2)","212","47900","Washington-Arlington-Alexandria, DC-VA-MD-WV","51","Virginia","013","Arlington","38.857700000922","-77.05922"
"03/28/2025","AQS","510130020","1","33.7","ppb","31","Aurora Hills Visitors Center","24","100.0000","42602","Nitrogen dioxide (NO2)","212","47900","Washington-Arlington-Alexandria, DC-VA-MD-WV","51","Virginia","013","Arlington","38.857700000922","-77.05922"
"03/29/2025","AQS","510130020","1","11.9","ppb","10","Aurora Hills Visitors Center","23","96.0000","42602","Nitrogen dioxide (NO2)","212","47900","Washington-Arlington-Alexandria, DC-VA-MD-WV","51","Virginia","013","Arlington","38.857700000922","-77.05922"
"03/30/2025","AQS","510130020","1","3.4","ppb","3","Aurora Hills Visitors Center","24","100.0000","42602","Nitrogen dioxide (NO2)","212","47900","Washington-Arlington-Alexandria, DC-VA-MD-WV","51","Virginia","013","Arlington","38.857700000922","-77.05922"
"03/31/2025","AQS","510130020","1","3.5","ppb","3","Aurora Hills Visitors Center","23","96.0000","42602","Nitrogen dioxide (NO2)","212","47900","Washington-Arlington-Alexandria, DC-VA-MD-WV","51","Virginia","013","Arlington","38.857700000922","-77.05922"
"04/01/2025","AQS","510130020","1","23.3","ppb","22","Aurora Hills Visitors Center","23","96.0000","42602","Nitrogen dioxide (NO2)","212","47900","Washington-Arlington-Alexandria, DC-VA-MD-WV","51","Virginia","013","Arlington","38.857700000922","-77.05922"
"04/02/2025","AQS","510130020","1","22.8","ppb","21","Aurora Hills Visitors Center","24","100.0000","42602","Nitrogen dioxide (NO2)","212","47900","Washington-Arlington-Alexandria, DC-VA-MD-WV","51","Virginia","013","Arlington","38.857700000922","-77.05922"
"04/03/2025","AQS","510130020","1","12","ppb","11","Aurora Hills Visitors Center","24","100.0000","42602","Nitrogen dioxide (NO2)","212","47900","Washington-Arlington-Alexandria, DC-VA-MD-WV","51","Virginia","013","Arlington","38.857700000922","-77.05922"
"04/04/2025","AQS","510130020","1","16.7","ppb","15","Aurora Hills Visitors Center","22","92.0000","42602","Nitrogen dioxide (NO2)","212","47900","Washington-Arlington-Alexandria, DC-VA-MD-WV","51","Virginia","013","Arlington","38.857700000922","-77.05922"
"04/05/2025","AQS","510130020","1","15.7","ppb","14","Aurora Hills Visitors Center","24","100.0000","42602","Nitrogen dioxide (NO2)","212","47900","Washington-Arlington-Alexandria, DC-VA-MD-WV","51","Virginia","013","Arlington","38.857700000922","-77.05922"
"04/06/2025","AQS","510130020","1","14.2","ppb","13","Aurora Hills Visitors Center","24","100.0000","42602","Nitrogen dioxide (NO2)","212","47900","Washington-Arlington-Alexandria, DC-VA-MD-WV","51","Virginia","013","Arlington","38.857700000922","-77.05922"
"04/07/2025","AQS","510130020","1","13.7","ppb","12","Aurora Hills Visitors Center","23","96.0000","42602","Nitrogen dioxide (NO2)","212","47900","Washington-Arlington-Alexandria, DC-VA-MD-WV","51","Virginia","013","Arlington","38.857700000922","-77.05922"
"04/08/2025","AQS","510130020","1","15","ppb","14","Aurora Hills Visitors Center","24","100.0000","42602","Nitrogen dioxide (NO2)","212","47900","Washington-Arlington-Alexandria, DC-VA-MD-WV","51","Virginia","013","Arlington","38.857700000922","-77.05922"
"04/09/2025","AQS","510130020","1","24.3","ppb","23","Aurora Hills Visitors Center","24","100.0000","42602","Nitrogen dioxide (NO2)","212","47900","Washington-Arlington-Alexandria, DC-VA-MD-WV","51","Virginia","013","Arlington","38.857700000922","-77.05922"
"04/10/2025","AQS","510130020","1","9.4","ppb","8","Aurora Hills Visitors Center","20","83.0000","42602","Nitrogen dioxide (NO2)","212","47900","Washington-Arlington-Alexandria, DC-VA-MD-WV","51","Virginia","013","Arlington","38.857700000922","-77.05922"
"04/11/2025","AQS","510130020","1","13","ppb","12","Aurora Hills Visitors Center","24","100.0000","42602","Nitrogen dioxide (NO2)","212","47900","Washington-Arlington-Alexandria, DC-VA-MD-WV","51","Virginia","013","Arlington","38.857700000922","-77.05922"
"04/12/2025","AQS","510130020","1","4.7","ppb","4","Aurora Hills Visitors Center","24","100.0000","42602","Nitrogen dioxide (NO2)","212","47900","Washington-Arlington-Alexandria, DC-VA-MD-WV","51","Virginia","013","Arlington","38.857700000922","-77.05922"
"04/13/2025","AQS","510130020","1","28.8","ppb","26","Aurora Hills Visitors Center","23","96.0000","42602","Nitrogen dioxide (NO2)","212","47900","Washington-Arlington-Alexandria, DC-VA-MD-WV","51","Virginia","013","Arlington","38.857700000922","-77.05922"
"04/14/2025","AQS","510130020","1","28.6","ppb","26","Aurora Hills Visitors Center","23","96.0000","42602","Nitrogen dioxide (NO2)","212","47900","Washington-Arlington-Alexandria, DC-VA-MD-WV","51","Virginia","013","Arlington","38.857700000922","-77.05922"
"04/15/2025","AQS","510130020","1","18.8","ppb","17","Aurora Hills Visitors Center","24","100.0000","42602","Nitrogen dioxide (NO2)","212","47900","Washington-Arlington-Alexandria, DC-VA-MD-WV","51","Virginia","013","Arlington","38.857700000922","-77.05922"
"04/16/2025","AQS","510130020","1","8.8","ppb","8","Aurora Hills Visitors Center","23","96.0000","42602","Nitrogen dioxide (NO2)","212","47900","Washington-Arlington-Alexandria, DC-VA-MD-WV","51","Virginia","013","Arlington","38.857700000922","-77.05922"
"04/17/2025","AQS","510130020","1","22.7","ppb","21","Aurora Hills Visitors Center","24","100.0000","42602","Nitrogen dioxide (NO2)","212","47900","Washington-Arlington-Alexandria, DC-VA-MD-WV","51","Virginia","013","Arlington","38.857700000922","-77.05922"
"04/18/2025","AQS","510130020","1","15.8","ppb","14","Aurora Hills Visitors Center","24","100.0000","42602","Nitrogen dioxide (NO2)","212","47900","Washington-Arlington-Alexandria, DC-VA-MD-WV","51","Virginia","013","Arlington","38.857700000922","-77.05922"
"04/19/2025","AQS","510130020","1","5.6","ppb","5","Aurora Hills Visitors Center","23","96.0000","42602","Nitrogen dioxide (NO2)","212","47900","Washington-Arlington-Alexandria, DC-VA-MD-WV","51","Virginia","013","Arlington","38.857700000922","-77.05922"
"04/20/2025","AQS","510130020","1","11.3","ppb","10","Aurora Hills Visitors Center","24","100.0000","42602","Nitrogen dioxide (NO2)","212","47900","Washington-Arlington-Alexandria, DC-VA-MD-WV","51","Virginia","013","Arlington","38.857700000922","-77.05922"
"04/21/2025","AQS","510130020","1","19.9","ppb","18","Aurora Hills Visitors Center","24","100.0000","42602","Nitrogen dioxide (NO2)","212","47900","Washington-Arlington-Alexandria, DC-VA-MD-WV","51","Virginia","013","Arlington","38.857700000922","-77.05922"
"04/22/2025","AQS","510130020","1","20.6","ppb","19","Aurora Hills Visitors Center","23","96.0000","42602","Nitrogen dioxide (NO2)","212","47900","Washington-Arlington-Alexandria, DC-VA-MD-WV","51","Virginia","013","Arlington","38.857700000922","-77.05922"
"04/23/2025","AQS","510130020","1","12.6","ppb","11","Aurora Hills Visitors Center","24","100.0000","42602","Nitrogen dioxide (NO2)","212","47900","Washington-Arlington-Alexandria, DC-VA-MD-WV","51","Virginia","013","Arlington","38.857700000922","-77.05922"
"04/24/2025","AQS","510130020","1","14.6","ppb","13","Aurora Hills Visitors Center","24","100.0000","42602","Nitrogen dioxide (NO2)","212","47900","Washington-Arlington-Alexandria, DC-VA-MD-WV","51","Virginia","013","Arlington","38.857700000922","-77.05922"
"04/25/2025","AQS","510130020","1","15.5","ppb","14","Aurora Hills Visitors Center","23","96.0000","42602","Nitrogen dioxide (NO2)","212","47900","Washington-Arlington-Alexandria, DC-VA-MD-WV","51","Virginia","013","Arlington","38.857700000922","-77.05922"
"04/26/2025","AQS","510130020","1","4","ppb","4","Aurora Hills Visitors Center","24","100.0000","42602","Nitrogen dioxide (NO2)","212","47900","Washington-Arlington-Alexandria, DC-VA-MD-WV","51","Virginia","013","Arlington","38.857700000922","-77.05922"
"04/27/2025","AQS","510130020","1","5.1","ppb","5","Aurora Hills Visitors Center","24","100.0000","42602","Nitrogen dioxide (NO2)","212","47900","Washington-Arlington-Alexandria, DC-VA-MD-WV","51","Virginia","013","Arlington","38.857700000922","-77.05922"
"04/28/2025","AQS","510130020","1","22.4","ppb","21","Aurora Hills Visitors Center","23","96.0000","42602","Nitrogen dioxide (NO2)","212","47900","Washington-Arlington-Alexandria, DC-VA-MD-WV","51","Virginia","013","Arlington","38.857700000922","-77.05922"
"04/29/2025","AQS","510130020","1","6.6","ppb","6","Aurora Hills Visitors Center","24","100.0000","42602","Nitrogen dioxide (NO2)","212","47900","Washington-Arlington-Alexandria, DC-VA-MD-WV","51","Virginia","013","Arlington","38.857700000922","-77.05922"
"04/30/2025","AQS","510130020","1","14.7","ppb","13","Aurora Hills Visitors Center","23","96.0000","42602","Nitrogen dioxide (NO2)","212","47900","Washington-Arlington-Alexandria, DC-VA-MD-WV","51","Virginia","013","Arlington","38.857700000922","-77.05922"
"05/01/2025","AQS","510130020","1","15.9","ppb","14","Aurora Hills Visitors Center","23","96.0000","42602","Nitrogen dioxide (NO2)","212","47900","Washington-Arlington-Alexandria, DC-VA-MD-WV","51","Virginia","013","Arlington","38.857700000922","-77.05922"
"05/02/2025","AQS","510130020","1","12.3","ppb","11","Aurora Hills Visitors Center","24","100.0000","42602","Nitrogen dioxide (NO2)","212","47900","Washington-Arlington-Alexandria, DC-VA-MD-WV","51","Virginia","013","Arlington","38.857700000922","-77.05922"
"05/03/2025","AQS","510130020","1","4.8","ppb","4","Aurora Hills Visitors Center","24","100.0000","42602","Nitrogen dioxide (NO2)","212","47900","Washington-Arlington-Alexandria, DC-VA-MD-WV","51","Virginia","013","Arlington","38.857700000922","-77.05922"
"05/04/2025","AQS","510130020","1","14.7","ppb","13","Aurora Hills Visitors Center","23","96.0000","42602","Nitrogen dioxide (NO2)","212","47900","Washington-Arlington-Alexandria, DC-VA-MD-WV","51","Virginia","013","Arlington","38.857700000922","-77.05922"
"05/05/2025","AQS","510130020","1","11.5","ppb","10","Aurora Hills Visitors Center","24","100.0000","42602","Nitrogen dioxide (NO2)","212","47900","Washington-Arlington-Alexandria, DC-VA-MD-WV","51","Virginia","013","Arlington","38.857700000922","-77.05922"
"05/06/2025","AQS","510130020","1","11.2","ppb","10","Aurora Hills Visitors Center","24","100.0000","42602","Nitrogen dioxide (NO2)","212","47900","Washington-Arlington-Alexandria, DC-VA-MD-WV","51","Virginia","013","Arlington","38.857700000922","-77.05922"
"05/07/2025","AQS","510130020","1","16.4","ppb","15","Aurora Hills Visitors Center","23","96.0000","42602","Nitrogen dioxide (NO2)","212","47900","Washington-Arlington-Alexandria, DC-VA-MD-WV","51","Virginia","013","Arlington","38.857700000922","-77.05922"
"05/08/2025","AQS","510130020","1","19","ppb","18","Aurora Hills Visitors Center","24","100.0000","42602","Nitrogen dioxide (NO2)","212","47900","Washington-Arlington-Alexandria, DC-VA-MD-WV","51","Virginia","013","Arlington","38.857700000922","-77.05922"
"05/09/2025","AQS","510130020","1","12.6","ppb","11","Aurora Hills Visitors Center","24","100.0000","42602","Nitrogen dioxide (NO2)","212","47900","Washington-Arlington-Alexandria, DC-VA-MD-WV","51","Virginia","013","Arlington","38.857700000922","-77.05922"
"05/10/2025","AQS","510130020","1","11.8","ppb","10","Aurora Hills Visitors Center","23","96.0000","42602","Nitrogen dioxide (NO2)","212","47900","Washington-Arlington-Alexandria, DC-VA-MD-WV","51","Virginia","013","Arlington","38.857700000922","-77.05922"
"05/11/2025","AQS","510130020","1","11.1","ppb","10","Aurora Hills Visitors Center","24","100.0000","42602","Nitrogen dioxide (NO2)","212","47900","Washington-Arlington-Alexandria, DC-VA-MD-WV","51","Virginia","013","Arlington","38.857700000922","-77.05922"
"05/12/2025","AQS","510130020","1","23","ppb","22","Aurora Hills Visitors Center","23","96.0000","42602","Nitrogen dioxide (NO2)","212","47900","Washington-Arlington-Alexandria, DC-VA-MD-WV","51","Virginia","013","Arlington","38.857700000922","-77.05922"
"05/13/2025","AQS","510130020","1","19.9","ppb","18","Aurora Hills Visitors Center","23","96.0000","42602","Nitrogen dioxide (NO2)","212","47900","Washington-Arlington-Alexandria, DC-VA-MD-WV","51","Virginia","013","Arlington","38.857700000922","-77.05922"
"05/14/2025","AQS","510130020","1","14.6","ppb","13","Aurora Hills Visitors Center","24","100.0000","42602","Nitrogen dioxide (NO2)","212","47900","Washington-Arlington-Alexandria, DC-VA-MD-WV","51","Virginia","013","Arlington","38.857700000922","-77.05922"
"05/15/2025","AQS","510130020","1","10.7","ppb","9","Aurora Hills Visitors Center","24","100.0000","42602","Nitrogen dioxide (NO2)","212","47900","Washington-Arlington-Alexandria, DC-VA-MD-WV","51","Virginia","013","Arlington","38.857700000922","-77.05922"
"05/16/2025","AQS","510130020","1","16.9","ppb","15","Aurora Hills Visitors Center","23","96.0000","42602","Nitrogen dioxide (NO2)","212","47900","Washington-Arlington-Alexandria, DC-VA-MD-WV","51","Virginia","013","Arlington","38.857700000922","-77.05922"
"05/17/2025","AQS","510130020","1","6","ppb","6","Aurora Hills Visitors Center","24","100.0000","42602","Nitrogen dioxide (NO2)","212","47900","Washington-Arlington-Alexandria, DC-VA-MD-WV","51","Virginia","013","Arlington","38.857700000922","-77.05922"
"05/18/2025","AQS","510130020","1","3.4","ppb","3","Aurora Hills Visitors Center","24","100.0000","42602","Nitrogen dioxide (NO2)","212","47900","Washington-Arlington-Alexandria, DC-VA-MD-WV","51","Virginia","013","Arlington","38.857700000922","-77.05922"
"05/19/2025","AQS","510130020","1","3.7","ppb","3","Aurora Hills Visitors Center","23","96.0000","42602","Nitrogen dioxide (NO2)","212","47900","Washington-Arlington-Alexandria, DC-VA-MD-WV","51","Virginia","013","Arlington","38.857700000922","-77.05922"
"05/20/2025","AQS","510130020","1","13.4","ppb","12","Aurora Hills Visitors Center","24","100.0000","42602","Nitrogen dioxide (NO2)","212","47900","Washington-Arlington-Alexandria, DC-VA-MD-WV","51","Virginia","013","Arlington","38.857700000922","-77.05922"
"05/21/2025","AQS","510130020","1","12.6","ppb","11","Aurora Hills Visitors Center","24","100.0000","42602","Nitrogen dioxide (NO2)","212","47900","Washington-Arlington-Alexandria, DC-VA-MD-WV","51","Virginia","013","Arlington","38.857700000922","-77.05922"
"05/22/2025","AQS","510130020","1","16.5","ppb","15","Aurora Hills Visitors Center","23","96.0000","42602","Nitrogen dioxide (NO2)","212","47900","Washington-Arlington-Alexandria, DC-VA-MD-WV","51","Virginia","013","Arlington","38.857700000922","-77.05922"
"05/23/2025","AQS","510130020","1","8.6","ppb","8","Aurora Hills Visitors Center","24","100.0000","42602","Nitrogen dioxide (NO2)","212","47900","Washington-Arlington-Alexandria, DC-VA-MD-WV","51","Virginia","013","Arlington","38.857700000922","-77.05922"
"05/24/2025","AQS","510130020","1","10.6","ppb","9","Aurora Hills Visitors Center","24","100.0000","42602","Nitrogen dioxide (NO2)","212","47900","Washington-Arlington-Alexandria, DC-VA-MD-WV","51","Virginia","013","Arlington","38.857700000922","-77.05922"
"05/25/2025","AQS","510130020","1","3.6","ppb","3","Aurora Hills Visitors Center","23","96.0000","42602","Nitrogen dioxide (NO2)","212","47900","Washington-Arlington-Alexandria, DC-VA-MD-WV","51","Virginia","013","Arlington","38.857700000922","-77.05922"
"05/26/2025","AQS","510130020","1","9.6","ppb","8","Aurora Hills Visitors Center","24","100.0000","42602","Nitrogen dioxide (NO2)","212","47900","Washington-Arlington-Alexandria, DC-VA-MD-WV","51","Virginia","013","Arlington","38.857700000922","-77.05922"
"05/27/2025","AQS","510130020","1","26","ppb","25","Aurora Hills Visitors Center","23","96.0000","42602","Nitrogen dioxide (NO2)","212","47900","Washington-Arlington-Alexandria, DC-VA-MD-WV","51","Virginia","013","Arlington","38.857700000922","-77.05922"
"05/28/2025","AQS","510130020","1","10.8","ppb","9","Aurora Hills Visitors Center","23","96.0000","42602","Nitrogen dioxide (NO2)","212","47900","Washington-Arlington-Alexandria, DC-VA-MD-WV","51","Virginia","013","Arlington","38.857700000922","-77.05922"
"05/29/2025","AQS","510130020","1","6.6","ppb","6","Aurora Hills Visitors Center","24","100.0000","42602","Nitrogen dioxide (NO2)","212","47900","Washington-Arlington-Alexandria, DC-VA-MD-WV","51","Virginia","013","Arlington","38.857700000922","-77.05922"
"05/30/2025","AQS","510130020","1","7","ppb","7","Aurora Hills Visitors Center","24","100.0000","42602","Nitrogen dioxide (NO2)","212","47900","Washington-Arlington-Alexandria, DC-VA-MD-WV","51","Virginia","013","Arlington","38.857700000922","-77.05922"
"05/31/2025","AQS","510130020","1","3.2","ppb","3","Aurora Hills Visitors Center","23","96.0000","42602","Nitrogen dioxide (NO2)","212","47900","Washington-Arlington-Alexandria, DC-VA-MD-WV","51","Virginia","013","Arlington","38.857700000922","-77.05922"
"06/01/2025","AQS","510130020","1","14.7","ppb","13","Aurora Hills Visitors Center","24","100.0000","42602","Nitrogen dioxide (NO2)","212","47900","Washington-Arlington-Alexandria, DC-VA-MD-WV","51","Virginia","013","Arlington","38.857700000922","-77.05922"
"06/02/2025","AQS","510130020","1","18.3","ppb","17","Aurora Hills Visitors Center","24","100.0000","42602","Nitrogen dioxide (NO2)","212","47900","Washington-Arlington-Alexandria, DC-VA-MD-WV","51","Virginia","013","Arlington","38.857700000922","-77.05922"
"06/03/2025","AQS","510130020","1","29.3","ppb","27","Aurora Hills Visitors Center","23","96.0000","42602","Nitrogen dioxide (NO2)","212","47900","Washington-Arlington-Alexandria, DC-VA-MD-WV","51","Virginia","013","Arlington","38.857700000922","-77.05922"
"06/04/2025","AQS","510130020","1","8.6","ppb","8","Aurora Hills Visitors Center","24","100.0000","42602","Nitrogen dioxide (NO2)","212","47900","Washington-Arlington-Alexandria, DC-VA-MD-WV","51","Virginia","013","Arlington","38.857700000922","-77.05922"
"06/05/2025","AQS","510130020","1","6.2","ppb","6","Aurora Hills Visitors Center","24","100.0000","42602","Nitrogen dioxide (NO2)","212","47900","Washington-Arlington-Alexandria, DC-VA-MD-WV","51","Virginia","013","Arlington","38.857700000922","-77.05922"
"06/06/2025","AQS","510130020","1","14.7","ppb","13","Aurora Hills Visitors Center","23","96.0000","42602","Nitrogen dioxide (NO2)","212","47900","Washington-Arlington-Alexandria, DC-VA-MD-WV","51","Virginia","013","Arlington","38.857700000922","-77.05922"
"06/07/2025","AQS","510130020","1","10.9","ppb","9","Aurora Hills Visitors Center","24","100.0000","42602","Nitrogen dioxide (NO2)","212","47900","Washington-Arlington-Alexandria, DC-VA-MD-WV","51","Virginia","013","Arlington","38.857700000922","-77.05922"
"06/08/2025","AQS","510130020","1","11.7","ppb","10","Aurora Hills Visitors Center","24","100.0000","42602","Nitrogen dioxide (NO2)","212","47900","Washington-Arlington-Alexandria, DC-VA-MD-WV","51","Virginia","013","Arlington","38.857700000922","-77.05922"
"06/09/2025","AQS","510130020","1","12.4","ppb","11","Aurora Hills Visitors Center","23","96.0000","42602","Nitrogen dioxide (NO2)","212","47900","Washington-Arlington-Alexandria, DC-VA-MD-WV","51","Virginia","013","Arlington","38.857700000922","-77.05922"
"06/10/2025","AQS","510130020","1","7","ppb","7","Aurora Hills Visitors Center","23","96.0000","42602","Nitrogen dioxide (NO2)","212","47900","Washington-Arlington-Alexandria, DC-VA-MD-WV","51","Virginia","013","Arlington","38.857700000922","-77.05922"
"06/11/2025","AQS","510130020","1","15.9","ppb","14","Aurora Hills Visitors Center","24","100.0000","42602","Nitrogen dioxide (NO2)","212","47900","Washington-Arlington-Alexandria, DC-VA-MD-WV","51","Virginia","013","Arlington","38.857700000922","-77.05922"
"06/12/2025","AQS","510130020","1","12.2","ppb","11","Aurora Hills Visitors Center","23","96.0000","42602","Nitrogen dioxide (NO2)","212","47900","Washington-Arlington-Alexandria, DC-VA-MD-WV","51","Virginia","013","Arlington","38.857700000922","-77.05922"
"06/13/2025","AQS","510130020","1","10.3","ppb","9","Aurora Hills Visitors Center","24","100.0000","42602","Nitrogen dioxide (NO2)","212","47900","Washington-Arlington-Alexandria, DC-VA-MD-WV","51","Virginia","013","Arlington","38.857700000922","-77.05922"
"06/14/2025","AQS","510130020","1","6.9","ppb","6","Aurora Hills Visitors Center","24","100.0000","42602","Nitrogen dioxide (NO2)","212","47900","Washington-Arlington-Alexandria, DC-VA-MD-WV","51","Virginia","013","Arlington","38.857700000922","-77.05922"
"06/15/2025","AQS","510130020","1","6.2","ppb","6","Aurora Hills Visitors Center","23","96.0000","42602","Nitrogen dioxide (NO2)","212","47900","Washington-Arlington-Alexandria, DC-VA-MD-WV","51","Virginia","013","Arlington","38.857700000922","-77.05922"
"06/16/2025","AQS","510130020","1","12.4","ppb","11","Aurora Hills Visitors Center","24","100.0000","42602","Nitrogen dioxide (NO2)","212","47900","Washington-Arlington-Alexandria, DC-VA-MD-WV","51","Virginia","013","Arlington","38.857700000922","-77.05922"
"06/17/2025","AQS","510130020","1","11.8","ppb","10","Aurora Hills Visitors Center","24","100.0000","42602","Nitrogen dioxide (NO2)","212","47900","Washington-Arlington-Alexandria, DC-VA-MD-WV","51","Virginia","013","Arlington","38.857700000922","-77.05922"
"06/18/2025","AQS","510130020","1","19.1","ppb","18","Aurora Hills Visitors Center","23","96.0000","42602","Nitrogen dioxide (NO2)","212","47900","Washington-Arlington-Alexandria, DC-VA-MD-WV","51","Virginia","013","Arlington","38.857700000922","-77.05922"
"06/19/2025","AQS","510130020","1","8.4","ppb","8","Aurora Hills Visitors Center","24","100.0000","42602","Nitrogen dioxide (NO2)","212","47900","Washington-Arlington-Alexandria, DC-VA-MD-WV","51","Virginia","013","Arlington","38.857700000922","-77.05922"
"06/20/2025","AQS","510130020","1","7.3","ppb","7","Aurora Hills Visitors Center","24","100.0000","42602","Nitrogen dioxide (NO2)","212","47900","Washington-Arlington-Alexandria, DC-VA-MD-WV","51","Virginia","013","Arlington","38.857700000922","-77.05922"
"06/21/2025","AQS","510130020","1","25.8","ppb","24","Aurora Hills Visitors Center","23","96.0000","42602","Nitrogen dioxide (NO2)","212","47900","Washington-Arlington-Alexandria, DC-VA-MD-WV","51","Virginia","013","Arlington","38.857700000922","-77.05922"
"06/22/2025","AQS","510130020","1","6.9","ppb","6","Aurora Hills Visitors Center","24","100.0000","42602","Nitrogen dioxide (NO2)","212","47900","Washington-Arlington-Alexandria, DC-VA-MD-WV","51","Virginia","013","Arlington","38.857700000922","-77.05922"
"06/23/2025","AQS","510130020","1","10.7","ppb","9","Aurora Hills Visitors Center","23","96.0000","42602","Nitrogen dioxide (NO2)","212","47900","Washington-Arlington-Alexandria, DC-VA-MD-WV","51","Virginia","013","Arlington","38.857700000922","-77.05922"
"06/24/2025","AQS","510130020","1","11.9","ppb","10","Aurora Hills Visitors Center","23","96.0000","42602","Nitrogen dioxide (NO2)","212","47900","Washington-Arlington-Alexandria, DC-VA-MD-WV","51","Virginia","013","Arlington","38.857700000922","-77.05922"
"06/25/2025","AQS","510130020","1","10.8","ppb","9","Aurora Hills Visitors Center","24","100.0000","42602","Nitrogen dioxide (NO2)","212","47900","Washington-Arlington-Alexandria, DC-VA-MD-WV","51","Virginia","013","Arlington","38.857700000922","-77.05922"
"06/26/2025","AQS","510130020","1","10.4","ppb","9","Aurora Hills Visitors Center","24","100.0000","42602","Nitrogen dioxide (NO2)","212","47900","Washington-Arlington-Alexandria, DC-VA-MD-WV","51","Virginia","013","Arlington","38.857700000922","-77.05922"
"06/27/2025","AQS","510130020","1","8.3","ppb","8","Aurora Hills Visitors Center","23","96.0000","42602","Nitrogen dioxide (NO2)","212","47900","Washington-Arlington-Alexandria, DC-VA-MD-WV","51","Virginia","013","Arlington","38.857700000922","-77.05922"
"06/28/2025","AQS","510130020","1","10.7","ppb","9","Aurora Hills Visitors Center","24","100.0000","42602","Nitrogen dioxide (NO2)","212","47900","Washington-Arlington-Alexandria, DC-VA-MD-WV","51","Virginia","013","Arlington","38.857700000922","-77.05922"
"06/29/2025","AQS","510130020","1","10.1","ppb","9","Aurora Hills Visitors Center","24","100.0000","42602","Nitrogen dioxide (NO2)","212","47900","Washington-Arlington-Alexandria, DC-VA-MD-WV","51","Virginia","013","Arlington","38.857700000922","-77.05922"
"06/30/2025","AQS","510130020","1","6.8","ppb","6","Aurora Hills Visitors Center","23","96.0000","42602","Nitrogen dioxide (NO2)","212","47900","Washington-Arlington-Alexandria, DC-VA-MD-WV","51","Virginia","013","Arlington","38.857700000922","-77.05922"
"01/01/2025","AQS","510360002","1","6.1","ppb","6","Shirley Plantation","23","96.0000","42602","Nitrogen dioxide (NO2)","212","40060","Richmond, VA","51","Virginia","036","Charles","37.3443800009102","-77.25925"
"01/02/2025","AQS","510360002","1","7.7","ppb","7","Shirley Plantation","24","100.0000","42602","Nitrogen dioxide (NO2)","212","40060","Richmond, VA","51","Virginia","036","Charles","37.3443800009102","-77.25925"
"01/03/2025","AQS","510360002","1","7.6","ppb","7","Shirley Plantation","24","100.0000","42602","Nitrogen dioxide (NO2)","212","40060","Richmond, VA","51","Virginia","036","Charles","37.3443800009102","-77.25925"
"01/04/2025","AQS","510360002","1","7.1","ppb","7","Shirley Plantation","23","96.0000","42602","Nitrogen dioxide (NO2)","212","40060","Richmond, VA","51","Virginia","036","Charles","37.3443800009102","-77.25925"
"01/05/2025","AQS","510360002","1","6.9","ppb","6","Shirley Plantation","24","100.0000","42602","Nitrogen dioxide (NO2)","212","40060","Richmond, VA","51","Virginia","036","Charles","37.3443800009102","-77.25925"
"01/06/2025","AQS","510360002","1","7","ppb","7","Shirley Plantation","21","88.0000","42602","Nitrogen dioxide (NO2)","212","40060","Richmond, VA","51","Virginia","036","Charles","37.3443800009102","-77.25925"
"01/07/2025","AQS","510360002","1","7","ppb","7","Shirley Plantation","23","96.0000","42602","Nitrogen dioxide (NO2)","212","40060","Richmond, VA","51","Virginia","036","Charles","37.3443800009102","-77.25925"
"01/08/2025","AQS","510360002","1","7.6","ppb","7","Shirley Plantation","23","96.0000","42602","Nitrogen dioxide (NO2)","212","40060","Richmond, VA","51","Virginia","036","Charles","37.3443800009102","-77.25925"
"01/09/2025","AQS","510360002","1","6.9","ppb","6","Shirley Plantation","24","100.0000","42602","Nitrogen dioxide (NO2)","212","40060","Richmond, VA","51","Virginia","036","Charles","37.3443800009102","-77.25925"
"01/10/2025","AQS","510360002","1","14.5","ppb","13","Shirley Plantation","23","96.0000","42602","Nitrogen dioxide (NO2)","212","40060","Richmond, VA","51","Virginia","036","Charles","37.3443800009102","-77.25925"
"01/11/2025","AQS","510360002","1","5.8","ppb","5","Shirley Plantation","24","100.0000","42602","Nitrogen dioxide (NO2)","212","40060","Richmond, VA","51","Virginia","036","Charles","37.3443800009102","-77.25925"
"01/12/2025","AQS","510360002","1","9.4","ppb","8","Shirley Plantation","24","100.0000","42602","Nitrogen dioxide (NO2)","212","40060","Richmond, VA","51","Virginia","036","Charles","37.3443800009102","-77.25925"
"01/13/2025","AQS","510360002","1","12.1","ppb","11","Shirley Plantation","22","92.0000","42602","Nitrogen dioxide (NO2)","212","40060","Richmond, VA","51","Virginia","036","Charles","37.3443800009102","-77.25925"
"01/14/2025","AQS","510360002","1","8.6","ppb","8","Shirley Plantation","24","100.0000","42602","Nitrogen dioxide (NO2)","212","40060","Richmond, VA","51","Virginia","036","Charles","37.3443800009102","-77.25925"
"01/15/2025","AQS","510360002","1","12.7","ppb","11","Shirley Plantation","24","100.0000","42602","Nitrogen dioxide (NO2)","212","40060","Richmond, VA","51","Virginia","036","Charles","37.3443800009102","-77.25925"
"01/16/2025","AQS","510360002","1","21.9","ppb","20","Shirley Plantation","22","92.0000","42602","Nitrogen dioxide (NO2)","212","40060","Richmond, VA","51","Virginia","036","Charles","37.3443800009102","-77.25925"
"01/17/2025","AQS","510360002","1","12.4","ppb","11","Shirley Plantation","24","100.0000","42602","Nitrogen dioxide (NO2)","212","40060","Richmond, VA","51","Virginia","036","Charles","37.3443800009102","-77.25925"
"01/18/2025","AQS","510360002","1","12.8","ppb","11","Shirley Plantation","24","100.0000","42602","Nitrogen dioxide (NO2)","212","40060","Richmond, VA","51","Virginia","036","Charles","37.3443800009102","-77.25925"
"01/19/2025","AQS","510360002","1","7.8","ppb","7","Shirley Plantation","23","96.0000","42602","Nitrogen dioxide (NO2)","212","40060","Richmond, VA","51","Virginia","036","Charles","37.3443800009102","-77.25925"
"01/20/2025","AQS","510360002","1","7","ppb","7","Shirley Plantation","24","100.0000","42602","Nitrogen dioxide (NO2)","212","40060","Richmond, VA","51","Virginia","036","Charles","37.3443800009102","-77.25925"
"01/21/2025","AQS","510360002","1","4.3","ppb","4","Shirley Plantation","24","100.0000","42602","Nitrogen dioxide (NO2)","212","40060","Richmond, VA","51","Virginia","036","Charles","37.3443800009102","-77.25925"
"01/22/2025","AQS","510360002","1","4.3","ppb","4","Shirley Plantation","22","92.0000","42602","Nitrogen dioxide (NO2)","212","40060","Richmond, VA","51","Virginia","036","Charles","37.3443800009102","-77.25925"
"01/23/2025","AQS","510360002","1","17.7","ppb","16","Shirley Plantation","24","100.0000","42602","Nitrogen dioxide (NO2)","212","40060","Richmond, VA","51","Virginia","036","Charles","37.3443800009102","-77.25925"
"01/24/2025","AQS","510360002","1","14.6","ppb","13","Shirley Plantation","23","96.0000","42602","Nitrogen dioxide (NO2)","212","40060","Richmond, VA","51","Virginia","036","Charles","37.3443800009102","-77.25925"
"01/25/2025","AQS","510360002","1","13.4","ppb","12","Shirley Plantation","23","96.0000","42602","Nitrogen dioxide (NO2)","212","40060","Richmond, VA","51","Virginia","036","Charles","37.3443800009102","-77.25925"
"01/26/2025","AQS","510360002","1","9.4","ppb","8","Shirley Plantation","24","100.0000","42602","Nitrogen dioxide (NO2)","212","40060","Richmond, VA","51","Virginia","036","Charles","37.3443800009102","-77.25925"
"01/27/2025","AQS","510360002","1","12.4","ppb","11","Shirley Plantation","24","100.0000","42602","Nitrogen dioxide (NO2)","212","40060","Richmond, VA","51","Virginia","036","Charles","37.3443800009102","-77.25925"
"01/28/2025","AQS","510360002","1","5.9","ppb","5","Shirley Plantation","22","92.0000","42602","Nitrogen dioxide (NO2)","212","40060","Richmond, VA","51","Virginia","036","Charles","37.3443800009102","-77.25925"
"01/29/2025","AQS","510360002","1","5.2","ppb","5","Shirley Plantation","24","100.0000","42602","Nitrogen dioxide (NO2)","212","40060","Richmond, VA","51","Virginia","036","Charles","37.3443800009102","-77.25925"
"01/30/2025","AQS","510360002","1","13.4","ppb","12","Shirley Plantation","24","100.0000","42602","Nitrogen dioxide (NO2)","212","40060","Richmond, VA","51","Virginia","036","Charles","37.3443800009102","-77.25925"
"01/31/2025","AQS","510360002","1","18","ppb","17","Shirley Plantation","22","92.0000","42602","Nitrogen dioxide (NO2)","212","40060","Richmond, VA","51","Virginia","036","Charles","37.3443800009102","-77.25925"
"02/01/2025","AQS","510360002","1","5","ppb","5","Shirley Plantation","24","100.0000","42602","Nitrogen dioxide (NO2)","212","40060","Richmond, VA","51","Virginia","036","Charles","37.3443800009102","-77.25925"
"02/02/2025","AQS","510360002","1","3.7","ppb","3","Shirley Plantation","24","100.0000","42602","Nitrogen dioxide (NO2)","212","40060","Richmond, VA","51","Virginia","036","Charles","37.3443800009102","-77.25925"
"02/03/2025","AQS","510360002","1","16.7","ppb","15","Shirley Plantation","23","96.0000","42602","Nitrogen dioxide (NO2)","212","40060","Richmond, VA","51","Virginia","036","Charles","37.3443800009102","-77.25925"
"02/04/2025","AQS","510360002","1","8.1","ppb","8","Shirley Plantation","23","96.0000","42602","Nitrogen dioxide (NO2)","212","40060","Richmond, VA","51","Virginia","036","Charles","37.3443800009102","-77.25925"
"02/05/2025","AQS","510360002","1","4.1","ppb","4","Shirley Plantation","24","100.0000","42602","Nitrogen dioxide (NO2)","212","40060","Richmond, VA","51","Virginia","036","Charles","37.3443800009102","-77.25925"
"02/06/2025","AQS","510360002","1","9.9","ppb","8","Shirley Plantation","23","96.0000","42602","Nitrogen dioxide (NO2)","212","40060","Richmond, VA","51","Virginia","036","Charles","37.3443800009102","-77.25925"
"02/07/2025","AQS","510360002","1","8","ppb","8","Shirley Plantation","23","96.0000","42602","Nitrogen dioxide (NO2)","212","40060","Richmond, VA","51","Virginia","036","Charles","37.3443800009102","-77.25925"
"02/08/2025","AQS","510360002","1","6.4","ppb","6","Shirley Plantation","24","100.0000","42602","Nitrogen dioxide (NO2)","212","40060","Richmond, VA","51","Virginia","036","Charles","37.3443800009102","-77.25925"
"02/09/2025","AQS","510360002","1","5.1","ppb","5","Shirley Plantation","23","96.0000","42602","Nitrogen dioxide (NO2)","212","40060","Richmond, VA","51","Virginia","036","Charles","37.3443800009102","-77.25925"
"02/10/2025","AQS","510360002","1","3.6","ppb","3","Shirley Plantation","24","100.0000","42602","Nitrogen dioxide (NO2)","212","40060","Richmond, VA","51","Virginia","036","Charles","37.3443800009102","-77.25925"
"02/11/2025","AQS","510360002","1","5.3","ppb","5","Shirley Plantation","23","96.0000","42602","Nitrogen dioxide (NO2)","212","40060","Richmond, VA","51","Virginia","036","Charles","37.3443800009102","-77.25925"
"02/12/2025","AQS","510360002","1","5.5","ppb","5","Shirley Plantation","23","96.0000","42602","Nitrogen dioxide (NO2)","212","40060","Richmond, VA","51","Virginia","036","Charles","37.3443800009102","-77.25925"
"02/13/2025","AQS","510360002","1","15.4","ppb","14","Shirley Plantation","24","100.0000","42602","Nitrogen dioxide (NO2)","212","40060","Richmond, VA","51","Virginia","036","Charles","37.3443800009102","-77.25925"
"02/14/2025","AQS","510360002","1","6.7","ppb","6","Shirley Plantation","24","100.0000","42602","Nitrogen dioxide (NO2)","212","40060","Richmond, VA","51","Virginia","036","Charles","37.3443800009102","-77.25925"
"02/15/2025","AQS","510360002","1","12.4","ppb","11","Shirley Plantation","23","96.0000","42602","Nitrogen dioxide (NO2)","212","40060","Richmond, VA","51","Virginia","036","Charles","37.3443800009102","-77.25925"
"02/16/2025","AQS","510360002","1","12","ppb","11","Shirley Plantation","24","100.0000","42602","Nitrogen dioxide (NO2)","212","40060","Richmond, VA","51","Virginia","036","Charles","37.3443800009102","-77.25925"
"02/17/2025","AQS","510360002","1","7.4","ppb","7","Shirley Plantation","24","100.0000","42602","Nitrogen dioxide (NO2)","212","40060","Richmond, VA","51","Virginia","036","Charles","37.3443800009102","-77.25925"
"02/18/2025","AQS","510360002","1","7.3","ppb","7","Shirley Plantation","22","92.0000","42602","Nitrogen dioxide (NO2)","212","40060","Richmond, VA","51","Virginia","036","Charles","37.3443800009102","-77.25925"
"02/19/2025","AQS","510360002","1","5.3","ppb","5","Shirley Plantation","24","100.0000","42602","Nitrogen dioxide (NO2)","212","40060","Richmond, VA","51","Virginia","036","Charles","37.3443800009102","-77.25925"
"02/20/2025","AQS","510360002","1","7.2","ppb","7","Shirley Plantation","24","100.0000","42602","Nitrogen dioxide (NO2)","212","40060","Richmond, VA","51","Virginia","036","Charles","37.3443800009102","-77.25925"
"02/21/2025","AQS","510360002","1","7.3","ppb","7","Shirley Plantation","23","96.0000","42602","Nitrogen dioxide (NO2)","212","40060","Richmond, VA","51","Virginia","036","Charles","37.3443800009102","-77.25925"
"02/22/2025","AQS","510360002","1","19.3","ppb","18","Shirley Plantation","24","100.0000","42602","Nitrogen dioxide (NO2)","212","40060","Richmond, VA","51","Virginia","036","Charles","37.3443800009102","-77.25925"
"02/23/2025","AQS","510360002","1","12.5","ppb","11","Shirley Plantation","24","100.0000","42602","Nitrogen dioxide (NO2)","212","40060","Richmond, VA","51","Virginia","036","Charles","37.3443800009102","-77.25925"
"02/24/2025","AQS","510360002","1","13.2","ppb","12","Shirley Plantation","22","92.0000","42602","Nitrogen dioxide (NO2)","212","40060","Richmond, VA","51","Virginia","036","Charles","37.3443800009102","-77.25925"
"02/25/2025","AQS","510360002","1","24.8","ppb","23","Shirley Plantation","24","100.0000","42602","Nitrogen dioxide (NO2)","212","40060","Richmond, VA","51","Virginia","036","Charles","37.3443800009102","-77.25925"
"02/26/2025","AQS","510360002","1","24","ppb","23","Shirley Plantation","24","100.0000","42602","Nitrogen dioxide (NO2)","212","40060","Richmond, VA","51","Virginia","036","Charles","37.3443800009102","-77.25925"
"02/27/2025","AQS","510360002","1","23.9","ppb","22","Shirley Plantation","22","92.0000","42602","Nitrogen dioxide (NO2)","212","40060","Richmond, VA","51","Virginia","036","Charles","37.3443800009102","-77.25925"
"02/28/2025","AQS","510360002","1","7","ppb","7","Shirley Plantation","24","100.0000","42602","Nitrogen dioxide (NO2)","212","40060","Richmond, VA","51","Virginia","036","Charles","37.3443800009102","-77.25925"
"03/01/2025","AQS","510360002","1","14.6","ppb","13","Shirley Plantation","19","79.0000","42602","Nitrogen dioxide (NO2)","212","40060","Richmond, VA","51","Virginia","036","Charles","37.3443800009102","-77.25925"
"03/02/2025","AQS","510360002","1","3.3","ppb","3","Shirley Plantation","18","75.0000","42602","Nitrogen dioxide (NO2)","212","40060","Richmond, VA","51","Virginia","036","Charles","37.3443800009102","-77.25925"
"03/03/2025","AQS","510360002","1","5.6","ppb","5","Shirley Plantation","24","100.0000","42602","Nitrogen dioxide (NO2)","212","40060","Richmond, VA","51","Virginia","036","Charles","37.3443800009102","-77.25925"
"03/04/2025","AQS","510360002","1","31.9","ppb","29","Shirley Plantation","21","88.0000","42602","Nitrogen dioxide (NO2)","212","40060","Richmond, VA","51","Virginia","036","Charles","37.3443800009102","-77.25925"
"03/05/2025","AQS","510360002","1","23.4","ppb","22","Shirley Plantation","23","96.0000","42602","Nitrogen dioxide (NO2)","212","40060","Richmond, VA","51","Virginia","036","Charles","37.3443800009102","-77.25925"
"03/06/2025","AQS","510360002","1","4.5","ppb","4","Shirley Plantation","20","83.0000","42602","Nitrogen dioxide (NO2)","212","40060","Richmond, VA","51","Virginia","036","Charles","37.3443800009102","-77.25925"
"03/07/2025","AQS","510360002","1","20.9","ppb","19","Shirley Plantation","23","96.0000","42602","Nitrogen dioxide (NO2)","212","40060","Richmond, VA","51","Virginia","036","Charles","37.3443800009102","-77.25925"
"03/08/2025","AQS","510360002","1","4.6","ppb","4","Shirley Plantation","23","96.0000","42602","Nitrogen dioxide (NO2)","212","40060","Richmond, VA","51","Virginia","036","Charles","37.3443800009102","-77.25925"
"03/09/2025","AQS","510360002","1","21.9","ppb","20","Shirley Plantation","24","100.0000","42602","Nitrogen dioxide (NO2)","212","40060","Richmond, VA","51","Virginia","036","Charles","37.3443800009102","-77.25925"
"03/10/2025","AQS","510360002","1","10.6","ppb","9","Shirley Plantation","24","100.0000","42602","Nitrogen dioxide (NO2)","212","40060","Richmond, VA","51","Virginia","036","Charles","37.3443800009102","-77.25925"
"03/11/2025","AQS","510360002","1","9.7","ppb","8","Shirley Plantation","22","92.0000","42602","Nitrogen dioxide (NO2)","212","40060","Richmond, VA","51","Virginia","036","Charles","37.3443800009102","-77.25925"
"03/12/2025","AQS","510360002","1","5.6","ppb","5","Shirley Plantation","24","100.0000","42602","Nitrogen dioxide (NO2)","212","40060","Richmond, VA","51","Virginia","036","Charles","37.3443800009102","-77.25925"
"03/13/2025","AQS","510360002","1","2.1","ppb","2","Shirley Plantation","24","100.0000","42602","Nitrogen dioxide (NO2)","212","40060","Richmond, VA","51","Virginia","036","Charles","37.3443800009102","-77.25925"
"03/14/2025","AQS","510360002","1","1.4","ppb","1","Shirley Plantation","22","92.0000","42602","Nitrogen dioxide (NO2)","212","40060","Richmond, VA","51","Virginia","036","Charles","37.3443800009102","-77.25925"
"03/15/2025","AQS","510360002","1","10.1","ppb","9","Shirley Plantation","24","100.0000","42602","Nitrogen dioxide (NO2)","212","40060","Richmond, VA","51","Virginia","036","Charles","37.3443800009102","-77.25925"
"03/16/2025","AQS","510360002","1","5.7","ppb","5","Shirley Plantation","24","100.0000","42602","Nitrogen dioxide (NO2)","212","40060","Richmond, VA","51","Virginia","036","Charles","37.3443800009102","-77.25925"
"03/17/2025","AQS","510360002","1","5.8","ppb","5","Shirley Plantation","22","92.0000","42602","Nitrogen dioxide (NO2)","212","40060","Richmond, VA","51","Virginia","036","Charles","37.3443800009102","-77.25925"
"03/18/2025","AQS","510360002","1","6.5","ppb","6","Shirley Plantation","24","100.0000","42602","Nitrogen dioxide (NO2)","212","40060","Richmond, VA","51","Virginia","036","Charles","37.3443800009102","-77.25925"
"03/19/2025","AQS","510360002","1","3.9","ppb","3","Shirley Plantation","24","100.0000","42602","Nitrogen dioxide (NO2)","212","40060","Richmond, VA","51","Virginia","036","Charles","37.3443800009102","-77.25925"
"03/20/2025","AQS","510360002","1","9","ppb","8","Shirley Plantation","22","92.0000","42602","Nitrogen dioxide (NO2)","212","40060","Richmond, VA","51","Virginia","036","Charles","37.3443800009102","-77.25925"
"03/21/2025","AQS","510360002","1","4.1","ppb","4","Shirley Plantation","24","100.0000","42602","Nitrogen dioxide (NO2)","212","40060","Richmond, VA","51","Virginia","036","Charles","37.3443800009102","-77.25925"
"03/22/2025","AQS","510360002","1","4","ppb","4","Shirley Plantation","24","100.0000","42602","Nitrogen dioxide (NO2)","212","40060","Richmond, VA","51","Virginia","036","Charles","37.3443800009102","-77.25925"
"03/23/2025","AQS","510360002","1","1.4","ppb","1","Shirley Plantation","23","96.0000","42602","Nitrogen dioxide (NO2)","212","40060","Richmond, VA","51","Virginia","036","Charles","37.3443800009102","-77.25925"
"03/24/2025","AQS","510360002","1","28.4","ppb","26","Shirley Plantation","24","100.0000","42602","Nitrogen dioxide (NO2)","212","40060","Richmond, VA","51","Virginia","036","Charles","37.3443800009102","-77.25925"
"03/25/2025","AQS","510360002","1","9.5","ppb","8","Shirley Plantation","23","96.0000","42602","Nitrogen dioxide (NO2)","212","40060","Richmond, VA","51","Virginia","036","Charles","37.3443800009102","-77.25925"
"03/26/2025","AQS","510360002","1","7.2","ppb","7","Shirley Plantation","23","96.0000","42602","Nitrogen dioxide (NO2)","212","40060","Richmond, VA","51","Virginia","036","Charles","37.3443800009102","-77.25925"
"03/27/2025","AQS","510360002","1","6.6","ppb","6","Shirley Plantation","24","100.0000","42602","Nitrogen dioxide (NO2)","212","40060","Richmond, VA","51","Virginia","036","Charles","37.3443800009102","-77.25925"
"03/28/2025","AQS","510360002","1","38.6","ppb","36","Shirley Plantation","23","96.0000","42602","Nitrogen dioxide (NO2)","212","40060","Richmond, VA","51","Virginia","036","Charles","37.3443800009102","-77.25925"
"03/29/2025","AQS","510360002","1","29.1","ppb","27","Shirley Plantation","23","96.0000","42602","Nitrogen dioxide (NO2)","212","40060","Richmond, VA","51","Virginia","036","Charles","37.3443800009102","-77.25925"
"03/30/2025","AQS","510360002","1","13.6","ppb","12","Shirley Plantation","24","100.0000","42602","Nitrogen dioxide (NO2)","212","40060","Richmond, VA","51","Virginia","036","Charles","37.3443800009102","-77.25925"
"03/31/2025","AQS","510360002","1","21","ppb","20","Shirley Plantation","24","100.0000","42602","Nitrogen dioxide (NO2)","212","40060","Richmond, VA","51","Virginia","036","Charles","37.3443800009102","-77.25925"
"04/01/2025","AQS","510360002","1","2.3","ppb","2","Shirley Plantation","22","92.0000","42602","Nitrogen dioxide (NO2)","212","40060","Richmond, VA","51","Virginia","036","Charles","37.3443800009102","-77.25925"
"04/02/2025","AQS","510360002","1","3.3","ppb","3","Shirley Plantation","24","100.0000","42602","Nitrogen dioxide (NO2)","212","40060","Richmond, VA","51","Virginia","036","Charles","37.3443800009102","-77.25925"
"04/03/2025","AQS","510360002","1","25.7","ppb","24","Shirley Plantation","24","100.0000","42602","Nitrogen dioxide (NO2)","212","40060","Richmond, VA","51","Virginia","036","Charles","37.3443800009102","-77.25925"
"04/04/2025","AQS","510360002","1","2.9","ppb","2","Shirley Plantation","22","92.0000","42602","Nitrogen dioxide (NO2)","212","40060","Richmond, VA","51","Virginia","036","Charles","37.3443800009102","-77.25925"
"04/05/2025","AQS","510360002","1","24.1","ppb","23","Shirley Plantation","24","100.0000","42602","Nitrogen dioxide (NO2)","212","40060","Richmond, VA","51","Virginia","036","Charles","37.3443800009102","-77.25925"
"04/06/2025","AQS","510360002","1","2.9","ppb","2","Shirley Plantation","24","100.0000","42602","Nitrogen dioxide (NO2)","212","40060","Richmond, VA","51","Virginia","036","Charles","37.3443800009102","-77.25925"
"04/07/2025","AQS","510360002","1","2.3","ppb","2","Shirley Plantation","22","92.0000","42602","Nitrogen dioxide (NO2)","212","40060","Richmond, VA","51","Virginia","036","Charles","37.3443800009102","-77.25925"
"04/08/2025","AQS","510360002","1","4.9","ppb","4","Shirley Plantation","24","100.0000","42602","Nitrogen dioxide (NO2)","212","40060","Richmond, VA","51","Virginia","036","Charles","37.3443800009102","-77.25925"
"04/09/2025","AQS","510360002","1","2","ppb","2","Shirley Plantation","24","100.0000","42602","Nitrogen dioxide (NO2)","212","40060","Richmond, VA","51","Virginia","036","Charles","37.3443800009102","-77.25925"
"04/10/2025","AQS","510360002","1","6.2","ppb","6","Shirley Plantation","22","92.0000","42602","Nitrogen dioxide (NO2)","212","40060","Richmond, VA","51","Virginia","036","Charles","37.3443800009102","-77.25925"
"04/11/2025","AQS","510360002","1","1.6","ppb","1","Shirley Plantation","24","100.0000","42602","Nitrogen dioxide (NO2)","212","40060","Richmond, VA","51","Virginia","036","Charles","37.3443800009102","-77.25925"
"04/12/2025","AQS","510360002","1","1.8","ppb","1","Shirley Plantation","24","100.0000","42602","Nitrogen dioxide (NO2)","212","40060","Richmond, VA","51","Virginia","036","Charles","37.3443800009102","-77.25925"
"04/13/2025","AQS","510360002","1","2.5","ppb","2","Shirley Plantation","23","96.0000","42602","Nitrogen dioxide (NO2)","212","40060","Richmond, VA","51","Virginia","036","Charles","37.3443800009102","-77.25925"
"04/14/2025","AQS","510360002","1","30.5","ppb","28","Shirley Plantation","24","100.0000","42602","Nitrogen dioxide (NO2)","212","40060","Richmond, VA","51","Virginia","036","Charles","37.3443800009102","-77.25925"
"04/15/2025","AQS","510360002","1","10.8","ppb","9","Shirley Plantation","23","96.0000","42602","Nitrogen dioxide (NO2)","212","40060","Richmond, VA","51","Virginia","036","Charles","37.3443800009102","-77.25925"
"04/16/2025","AQS","510360002","1","3.5","ppb","3","Shirley Plantation","23","96.0000","42602","Nitrogen dioxide (NO2)","212","40060","Richmond, VA","51","Virginia","036","Charles","37.3443800009102","-77.25925"
"04/17/2025","AQS","510360002","1","2.4","ppb","2","Shirley Plantation","23","96.0000","42602","Nitrogen dioxide (NO2)","212","40060","Richmond, VA","51","Virginia","036","Charles","37.3443800009102","-77.25925"
"04/18/2025","AQS","510360002","1","23.4","ppb","22","Shirley Plantation","24","100.0000","42602","Nitrogen dioxide (NO2)","212","40060","Richmond, VA","51","Virginia","036","Charles","37.3443800009102","-77.25925"
"04/19/2025","AQS","510360002","1","2.5","ppb","2","Shirley Plantation","23","96.0000","42602","Nitrogen dioxide (NO2)","212","40060","Richmond, VA","51","Virginia","036","Charles","37.3443800009102","-77.25925"
"04/20/2025","AQS","510360002","1","3.4","ppb","3","Shirley Plantation","24","100.0000","42602","Nitrogen dioxide (NO2)","212","40060","Richmond, VA","51","Virginia","036","Charles","37.3443800009102","-77.25925"
"04/21/2025","AQS","510360002","1","20.6","ppb","19","Shirley Plantation","24","100.0000","42602","Nitrogen dioxide (NO2)","212","40060","Richmond, VA","51","Virginia","036","Charles","37.3443800009102","-77.25925"
"04/22/2025","AQS","510360002","1","15.6","ppb","14","Shirley Plantation","22","92.0000","42602","Nitrogen dioxide (NO2)","212","40060","Richmond, VA","51","Virginia","036","Charles","37.3443800009102","-77.25925"
"04/23/2025","AQS","510360002","1","4.3","ppb","4","Shirley Plantation","24","100.0000","42602","Nitrogen dioxide (NO2)","212","40060","Richmond, VA","51","Virginia","036","Charles","37.3443800009102","-77.25925"
"04/24/2025","AQS","510360002","1","6.9","ppb","6","Shirley Plantation","24","100.0000","42602","Nitrogen dioxide (NO2)","212","40060","Richmond, VA","51","Virginia","036","Charles","37.3443800009102","-77.25925"
"04/25/2025","AQS","510360002","1","13.1","ppb","12","Shirley Plantation","23","96.0000","42602","Nitrogen dioxide (NO2)","212","40060","Richmond, VA","51","Virginia","036","Charles","37.3443800009102","-77.25925"
"04/26/2025","AQS","510360002","1","14.9","ppb","13","Shirley Plantation","24","100.0000","42602","Nitrogen dioxide (NO2)","212","40060","Richmond, VA","51","Virginia","036","Charles","37.3443800009102","-77.25925"
"04/27/2025","AQS","510360002","1","1.1","ppb","1","Shirley Plantation","24","100.0000","42602","Nitrogen dioxide (NO2)","212","40060","Richmond, VA","51","Virginia","036","Charles","37.3443800009102","-77.25925"
"04/28/2025","AQS","510360002","1","1.5","ppb","1","Shirley Plantation","22","92.0000","42602","Nitrogen dioxide (NO2)","212","40060","Richmond, VA","51","Virginia","036","Charles","37.3443800009102","-77.25925"
"04/29/2025","AQS","510360002","1","22.2","ppb","21","Shirley Plantation","24","100.0000","42602","Nitrogen dioxide (NO2)","212","40060","Richmond, VA","51","Virginia","036","Charles","37.3443800009102","-77.25925"
"04/30/2025","AQS","510360002","1","3.7","ppb","3","Shirley Plantation","24","100.0000","42602","Nitrogen dioxide (NO2)","212","40060","Richmond, VA","51","Virginia","036","Charles","37.3443800009102","-77.25925"
"05/01/2025","AQS","510360002","1","18.6","ppb","17","Shirley Plantation","22","92.0000","42602","Nitrogen dioxide (NO2)","212","40060","Richmond, VA","51","Virginia","036","Charles","37.3443800009102","-77.25925"
"05/02/2025","AQS","510360002","1","30.3","ppb","28","Shirley Plantation","24","100.0000","42602","Nitrogen dioxide (NO2)","212","40060","Richmond, VA","51","Virginia","036","Charles","37.3443800009102","-77.25925"
"05/03/2025","AQS","510360002","1","6","ppb","6","Shirley Plantation","24","100.0000","42602","Nitrogen dioxide (NO2)","212","40060","Richmond, VA","51","Virginia","036","Charles","37.3443800009102","-77.25925"
"05/04/2025","AQS","510360002","1","9.9","ppb","8","Shirley Plantation","23","96.0000","42602","Nitrogen dioxide (NO2)","212","40060","Richmond, VA","51","Virginia","036","Charles","37.3443800009102","-77.25925"
"05/05/2025","AQS","510360002","1","2.3","ppb","2","Shirley Plantation","24","100.0000","42602","Nitrogen dioxide (NO2)","212","40060","Richmond, VA","51","Virginia","036","Charles","37.3443800009102","-77.25925"
"05/09/2025","AQS","510360002","1","5.3","ppb","5","Shirley Plantation","24","100.0000","42602","Nitrogen dioxide (NO2)","212","40060","Richmond, VA","51","Virginia","036","Charles","37.3443800009102","-77.25925"
"05/10/2025","AQS","510360002","1","6.2","ppb","6","Shirley Plantation","23","96.0000","42602","Nitrogen dioxide (NO2)","212","40060","Richmond, VA","51","Virginia","036","Charles","37.3443800009102","-77.25925"
"05/11/2025","AQS","510360002","1","6.2","ppb","6","Shirley Plantation","24","100.0000","42602","Nitrogen dioxide (NO2)","212","40060","Richmond, VA","51","Virginia","036","Charles","37.3443800009102","-77.25925"
"05/12/2025","AQS","510360002","1","2.5","ppb","2","Shirley Plantation","24","100.0000","42602","Nitrogen dioxide (NO2)","212","40060","Richmond, VA","51","Virginia","036","Charles","37.3443800009102","-77.25925"
"05/13/2025","AQS","510360002","1","1","ppb","1","Shirley Plantation","22","92.0000","42602","Nitrogen dioxide (NO2)","212","40060","Richmond, VA","51","Virginia","036","Charles","37.3443800009102","-77.25925"
"05/14/2025","AQS","510360002","1","4.4","ppb","4","Shirley Plantation","24","100.0000","42602","Nitrogen dioxide (NO2)","212","40060","Richmond, VA","51","Virginia","036","Charles","37.3443800009102","-77.25925"
"05/15/2025","AQS","510360002","1","5","ppb","5","Shirley Plantation","24","100.0000","42602","Nitrogen dioxide (NO2)","212","40060","Richmond, VA","51","Virginia","036","Charles","37.3443800009102","-77.25925"
"05/16/2025","AQS","510360002","1","3.8","ppb","3","Shirley Plantation","22","92.0000","42602","Nitrogen dioxide (NO2)","212","40060","Richmond, VA","51","Virginia","036","Charles","37.3443800009102","-77.25925"
"05/17/2025","AQS","510360002","1","5.5","ppb","5","Shirley Plantation","24","100.0000","42602","Nitrogen dioxide (NO2)","212","40060","Richmond, VA","51","Virginia","036","Charles","37.3443800009102","-77.25925"
"05/18/2025","AQS","510360002","1","2.7","ppb","2","Shirley Plantation","24","100.0000","42602","Nitrogen dioxide (NO2)","212","40060","Richmond, VA","51","Virginia","036","Charles","37.3443800009102","-77.25925"
"05/19/2025","AQS","510360002","1","5.1","ppb","5","Shirley Plantation","23","96.0000","42602","Nitrogen dioxide (NO2)","212","40060","Richmond, VA","51","Virginia","036","Charles","37.3443800009102","-77.25925"
"05/20/2025","AQS","510360002","1","1.3","ppb","1","Shirley Plantation","24","100.0000","42602","Nitrogen dioxide (NO2)","212","40060","Richmond, VA","51","Virginia","036","Charles","37.3443800009102","-77.25925"
"05/21/2025","AQS","510360002","1","0.8","ppb","0","Shirley Plantation","23","96.0000","42602","Nitrogen dioxide (NO2)","212","40060","Richmond, VA","51","Virginia","036","Charles","37.3443800009102","-77.25925"
"05/22/2025","AQS","510360002","1","2.4","ppb","2","Shirley Plantation","23","96.0000","42602","Nitrogen dioxide (NO2)","212","40060","Richmond, VA","51","Virginia","036","Charles","37.3443800009102","-77.25925"
"05/23/2025","AQS","510360002","1","3.3","ppb","3","Shirley Plantation","24","100.0000","42602","Nitrogen dioxide (NO2)","212","40060","Richmond, VA","51","Virginia","036","Charles","37.3443800009102","-77.25925"
"05/24/2025","AQS","510360002","1","3.3","ppb","3","Shirley Plantation","24","100.0000","42602","Nitrogen dioxide (NO2)","212","40060","Richmond, VA","51","Virginia","036","Charles","37.3443800009102","-77.25925"
"05/25/2025","AQS","510360002","1","1.4","ppb","1","Shirley Plantation","23","96.0000","42602","Nitrogen dioxide (NO2)","212","40060","Richmond, VA","51","Virginia","036","Charles","37.3443800009102","-77.25925"
"05/26/2025","AQS","510360002","1","1.6","ppb","1","Shirley Plantation","24","100.0000","42602","Nitrogen dioxide (NO2)","212","40060","Richmond, VA","51","Virginia","036","Charles","37.3443800009102","-77.25925"
"05/27/2025","AQS","510360002","1","1.2","ppb","1","Shirley Plantation","24","100.0000","42602","Nitrogen dioxide (NO2)","212","40060","Richmond, VA","51","Virginia","036","Charles","37.3443800009102","-77.25925"
"05/28/2025","AQS","510360002","1","2.6","ppb","2","Shirley Plantation","23","96.0000","42602","Nitrogen dioxide (NO2)","212","40060","Richmond, VA","51","Virginia","036","Charles","37.3443800009102","-77.25925"
"05/29/2025","AQS","510360002","1","3.7","ppb","3","Shirley Plantation","24","100.0000","42602","Nitrogen dioxide (NO2)","212","40060","Richmond, VA","51","Virginia","036","Charles","37.3443800009102","-77.25925"
"05/30/2025","AQS","510360002","1","7.5","ppb","7","Shirley Plantation","24","100.0000","42602","Nitrogen dioxide (NO2)","212","40060","Richmond, VA","51","Virginia","036","Charles","37.3443800009102","-77.25925"
"05/31/2025","AQS","510360002","1","3","ppb","3","Shirley Plantation","23","96.0000","42602","Nitrogen dioxide (NO2)","212","40060","Richmond, VA","51","Virginia","036","Charles","37.3443800009102","-77.25925"
"06/01/2025","AQS","510360002","1","15.4","ppb","14","Shirley Plantation","24","100.0000","42602","Nitrogen dioxide (NO2)","212","40060","Richmond, VA","51","Virginia","036","Charles","37.3443800009102","-77.25925"
"06/02/2025","AQS","510360002","1","1.8","ppb","1","Shirley Plantation","24","100.0000","42602","Nitrogen dioxide (NO2)","212","40060","Richmond, VA","51","Virginia","036","Charles","37.3443800009102","-77.25925"
"06/03/2025","AQS","510360002","1","9.1","ppb","8","Shirley Plantation","22","92.0000","42602","Nitrogen dioxide (NO2)","212","40060","Richmond, VA","51","Virginia","036","Charles","37.3443800009102","-77.25925"
"06/04/2025","AQS","510360002","1","22.6","ppb","21","Shirley Plantation","24","100.0000","42602","Nitrogen dioxide (NO2)","212","40060","Richmond, VA","51","Virginia","036","Charles","37.3443800009102","-77.25925"
"06/05/2025","AQS","510360002","1","19.7","ppb","18","Shirley Plantation","24","100.0000","42602","Nitrogen dioxide (NO2)","212","40060","Richmond, VA","51","Virginia","036","Charles","37.3443800009102","-77.25925"
"06/06/2025","AQS","510360002","1","6.4","ppb","6","Shirley Plantation","22","92.0000","42602","Nitrogen dioxide (NO2)","212","40060","Richmond, VA","51","Virginia","036","Charles","37.3443800009102","-77.25925"
"06/07/2025","AQS","510360002","1","3.1","ppb","3","Shirley Plantation","24","100.0000","42602","Nitrogen dioxide (NO2)","212","40060","Richmond, VA","51","Virginia","036","Charles","37.3443800009102","-77.25925"
"06/08/2025","AQS","510360002","1","2.8","ppb","2","Shirley Plantation","24","100.0000","42602","Nitrogen dioxide (NO2)","212","40060","Richmond, VA","51","Virginia","036","Charles","37.3443800009102","-77.25925"
"06/09/2025","AQS","510360002","1","4","ppb","4","Shirley Plantation","23","96.0000","42602","Nitrogen dioxide (NO2)","212","40060","Richmond, VA","51","Virginia","036","Charles","37.3443800009102","-77.25925"
"06/10/2025","AQS","510360002","1","14.2","ppb","13","Shirley Plantation","24","100.0000","42602","Nitrogen dioxide (NO2)","212","40060","Richmond, VA","51","Virginia","036","Charles","37.3443800009102","-77.25925"
"06/11/2025","AQS","510360002","1","6.9","ppb","6","Shirley Plantation","24","100.0000","42602","Nitrogen dioxide (NO2)","212","40060","Richmond, VA","51","Virginia","036","Charles","37.3443800009102","-77.25925"
"06/12/2025","AQS","510360002","1","8.3","ppb","8","Shirley Plantation","23","96.0000","42602","Nitrogen dioxide (NO2)","212","40060","Richmond, VA","51","Virginia","036","Charles","37.3443800009102","-77.25925"
"06/13/2025","AQS","510360002","1","18.7","ppb","17","Shirley Plantation","24","100.0000","42602","Nitrogen dioxide (NO2)","212","40060","Richmond, VA","51","Virginia","036","Charles","37.3443800009102","-77.25925"
"06/14/2025","AQS","510360002","1","8.7","ppb","8","Shirley Plantation","24","100.0000","42602","Nitrogen dioxide (NO2)","212","40060","Richmond, VA","51","Virginia","036","Charles","37.3443800009102","-77.25925"
"06/19/2025","AQS","510360002","1","3.6","ppb","3","Shirley Plantation","24","100.0000","42602","Nitrogen dioxide (NO2)","212","40060","Richmond, VA","51","Virginia","036","Charles","37.3443800009102","-77.25925"
"06/20/2025","AQS","510360002","1","8.5","ppb","8","Shirley Plantation","24","100.0000","42602","Nitrogen dioxide (NO2)","212","40060","Richmond, VA","51","Virginia","036","Charles","37.3443800009102","-77.25925"
"06/21/2025","AQS","510360002","1","6.9","ppb","6","Shirley Plantation","23","96.0000","42602","Nitrogen dioxide (NO2)","212","40060","Richmond, VA","51","Virginia","036","Charles","37.3443800009102","-77.25925"
"06/22/2025","AQS","510360002","1","17.6","ppb","16","Shirley Plantation","24","100.0000","42602","Nitrogen dioxide (NO2)","212","40060","Richmond, VA","51","Virginia","036","Charles","37.3443800009102","-77.25925"
"06/23/2025","AQS","510360002","1","6","ppb","6","Shirley Plantation","24","100.0000","42602","Nitrogen dioxide (NO2)","212","40060","Richmond, VA","51","Virginia","036","Charles","37.3443800009102","-77.25925"
"06/24/2025","AQS","510360002","1","7.9","ppb","7","Shirley Plantation","22","92.0000","42602","Nitrogen dioxide (NO2)","212","40060","Richmond, VA","51","Virginia","036","Charles","37.3443800009102","-77.25925"
"06/25/2025","AQS","510360002","1","9.2","ppb","8","Shirley Plantation","24","100.0000","42602","Nitrogen dioxide (NO2)","212","40060","Richmond, VA","51","Virginia","036","Charles","37.3443800009102","-77.25925"
"06/26/2025","AQS","510360002","1","12.2","ppb","11","Shirley Plantation","24","100.0000","42602","Nitrogen dioxide (NO2)","212","40060","Richmond, VA","51","Virginia","036","Charles","37.3443800009102","-77.25925"
"06/27/2025","AQS","510360002","1","2.4","ppb","2","Shirley Plantation","19","79.0000","42602","Nitrogen dioxide (NO2)","212","40060","Richmond, VA","51","Virginia","036","Charles","37.3443800009102","-77.25925"
"06/28/2025","AQS","510360002","1","8","ppb","8","Shirley Plantation","24","100.0000","42602","Nitrogen dioxide (NO2)","212","40060","Richmond, VA","51","Virginia","036","Charles","37.3443800009102","-77.25925"
"06/29/2025","AQS","510360002","1","5.1","ppb","5","Shirley Plantation","24","100.0000","42602","Nitrogen dioxide (NO2)","212","40060","Richmond, VA","51","Virginia","036","Charles","37.3443800009102","-77.25925"
"06/30/2025","AQS","510360002","1","27.7","ppb","25","Shirley Plantation","22","92.0000","42602","Nitrogen dioxide (NO2)","212","40060","Richmond, VA","51","Virginia","036","Charles","37.3443800009102","-77.25925"
"01/01/2025","AQS","510590031","1","13.4","ppb","12","Springfield Near Road Site","23","96.0000","42602","Nitrogen dioxide (NO2)","212","47900","Washington-Arlington-Alexandria, DC-VA-MD-WV","51","Virginia","059","Fairfax","38.76835","-77.18347"
"01/02/2025","AQS","510590031","1","17.5","ppb","16","Springfield Near Road Site","24","100.0000","42602","Nitrogen dioxide (NO2)","212","47900","Washington-Arlington-Alexandria, DC-VA-MD-WV","51","Virginia","059","Fairfax","38.76835","-77.18347"
"01/03/2025","AQS","510590031","1","33.8","ppb","31","Springfield Near Road Site","24","100.0000","42602","Nitrogen dioxide (NO2)","212","47900","Washington-Arlington-Alexandria, DC-VA-MD-WV","51","Virginia","059","Fairfax","38.76835","-77.18347"
"01/04/2025","AQS","510590031","1","8.8","ppb","8","Springfield Near Road Site","23","96.0000","42602","Nitrogen dioxide (NO2)","212","47900","Washington-Arlington-Alexandria, DC-VA-MD-WV","51","Virginia","059","Fairfax","38.76835","-77.18347"
"01/05/2025","AQS","510590031","1","31.1","ppb","29","Springfield Near Road Site","24","100.0000","42602","Nitrogen dioxide (NO2)","212","47900","Washington-Arlington-Alexandria, DC-VA-MD-WV","51","Virginia","059","Fairfax","38.76835","-77.18347"
"01/06/2025","AQS","510590031","1","32","ppb","30","Springfield Near Road Site","22","92.0000","42602","Nitrogen dioxide (NO2)","212","47900","Washington-Arlington-Alexandria, DC-VA-MD-WV","51","Virginia","059","Fairfax","38.76835","-77.18347"
"01/07/2025","AQS","510590031","1","6.1","ppb","6","Springfield Near Road Site","23","96.0000","42602","Nitrogen dioxide (NO2)","212","47900","Washington-Arlington-Alexandria, DC-VA-MD-WV","51","Virginia","059","Fairfax","38.76835","-77.18347"
"01/08/2025","AQS","510590031","1","9.4","ppb","8","Springfield Near Road Site","24","100.0000","42602","Nitrogen dioxide (NO2)","212","47900","Washington-Arlington-Alexandria, DC-VA-MD-WV","51","Virginia","059","Fairfax","38.76835","-77.18347"
"01/09/2025","AQS","510590031","1","14.1","ppb","13","Springfield Near Road Site","24","100.0000","42602","Nitrogen dioxide (NO2)","212","47900","Washington-Arlington-Alexandria, DC-VA-MD-WV","51","Virginia","059","Fairfax","38.76835","-77.18347"
"01/10/2025","AQS","510590031","1","39.4","ppb","37","Springfield Near Road Site","23","96.0000","42602","Nitrogen dioxide (NO2)","212","47900","Washington-Arlington-Alexandria, DC-VA-MD-WV","51","Virginia","059","Fairfax","38.76835","-77.18347"
"01/11/2025","AQS","510590031","1","24.2","ppb","23","Springfield Near Road Site","24","100.0000","42602","Nitrogen dioxide (NO2)","212","47900","Washington-Arlington-Alexandria, DC-VA-MD-WV","51","Virginia","059","Fairfax","38.76835","-77.18347"
"01/12/2025","AQS","510590031","1","36.5","ppb","34","Springfield Near Road Site","24","100.0000","42602","Nitrogen dioxide (NO2)","212","47900","Washington-Arlington-Alexandria, DC-VA-MD-WV","51","Virginia","059","Fairfax","38.76835","-77.18347"
"01/13/2025","AQS","510590031","1","36.1","ppb","34","Springfield Near Road Site","23","96.0000","42602","Nitrogen dioxide (NO2)","212","47900","Washington-Arlington-Alexandria, DC-VA-MD-WV","51","Virginia","059","Fairfax","38.76835","-77.18347"
"01/14/2025","AQS","510590031","1","21.3","ppb","20","Springfield Near Road Site","24","100.0000","42602","Nitrogen dioxide (NO2)","212","47900","Washington-Arlington-Alexandria, DC-VA-MD-WV","51","Virginia","059","Fairfax","38.76835","-77.18347"
"01/15/2025","AQS","510590031","1","10.2","ppb","9","Springfield Near Road Site","24","100.0000","42602","Nitrogen dioxide (NO2)","212","47900","Washington-Arlington-Alexandria, DC-VA-MD-WV","51","Virginia","059","Fairfax","38.76835","-77.18347"
"01/16/2025","AQS","510590031","1","39.9","ppb","37","Springfield Near Road Site","23","96.0000","42602","Nitrogen dioxide (NO2)","212","47900","Washington-Arlington-Alexandria, DC-VA-MD-WV","51","Virginia","059","Fairfax","38.76835","-77.18347"
"01/17/2025","AQS","510590031","1","39.9","ppb","37","Springfield Near Road Site","24","100.0000","42602","Nitrogen dioxide (NO2)","212","47900","Washington-Arlington-Alexandria, DC-VA-MD-WV","51","Virginia","059","Fairfax","38.76835","-77.18347"
"01/18/2025","AQS","510590031","1","34.8","ppb","32","Springfield Near Road Site","24","100.0000","42602","Nitrogen dioxide (NO2)","212","47900","Washington-Arlington-Alexandria, DC-VA-MD-WV","51","Virginia","059","Fairfax","38.76835","-77.18347"
"01/19/2025","AQS","510590031","1","34.2","ppb","32","Springfield Near Road Site","23","96.0000","42602","Nitrogen dioxide (NO2)","212","47900","Washington-Arlington-Alexandria, DC-VA-MD-WV","51","Virginia","059","Fairfax","38.76835","-77.18347"
"01/20/2025","AQS","510590031","1","10.2","ppb","9","Springfield Near Road Site","24","100.0000","42602","Nitrogen dioxide (NO2)","212","47900","Washington-Arlington-Alexandria, DC-VA-MD-WV","51","Virginia","059","Fairfax","38.76835","-77.18347"
"01/21/2025","AQS","510590031","1","34.9","ppb","32","Springfield Near Road Site","23","96.0000","42602","Nitrogen dioxide (NO2)","212","47900","Washington-Arlington-Alexandria, DC-VA-MD-WV","51","Virginia","059","Fairfax","38.76835","-77.18347"
"01/22/2025","AQS","510590031","1","38.7","ppb","36","Springfield Near Road Site","23","96.0000","42602","Nitrogen dioxide (NO2)","212","47900","Washington-Arlington-Alexandria, DC-VA-MD-WV","51","Virginia","059","Fairfax","38.76835","-77.18347"
"01/23/2025","AQS","510590031","1","38.7","ppb","36","Springfield Near Road Site","20","83.0000","42602","Nitrogen dioxide (NO2)","212","47900","Washington-Arlington-Alexandria, DC-VA-MD-WV","51","Virginia","059","Fairfax","38.76835","-77.18347"
"01/24/2025","AQS","510590031","1","39.4","ppb","37","Springfield Near Road Site","24","100.0000","42602","Nitrogen dioxide (NO2)","212","47900","Washington-Arlington-Alexandria, DC-VA-MD-WV","51","Virginia","059","Fairfax","38.76835","-77.18347"
"01/25/2025","AQS","510590031","1","31.9","ppb","29","Springfield Near Road Site","23","96.0000","42602","Nitrogen dioxide (NO2)","212","47900","Washington-Arlington-Alexandria, DC-VA-MD-WV","51","Virginia","059","Fairfax","38.76835","-77.18347"
"01/26/2025","AQS","510590031","1","38.1","ppb","36","Springfield Near Road Site","24","100.0000","42602","Nitrogen dioxide (NO2)","212","47900","Washington-Arlington-Alexandria, DC-VA-MD-WV","51","Virginia","059","Fairfax","38.76835","-77.18347"
"01/27/2025","AQS","510590031","1","42.1","ppb","40","Springfield Near Road Site","24","100.0000","42602","Nitrogen dioxide (NO2)","212","47900","Washington-Arlington-Alexandria, DC-VA-MD-WV","51","Virginia","059","Fairfax","38.76835","-77.18347"
"01/28/2025","AQS","510590031","1","43.6","ppb","41","Springfield Near Road Site","23","96.0000","42602","Nitrogen dioxide (NO2)","212","47900","Washington-Arlington-Alexandria, DC-VA-MD-WV","51","Virginia","059","Fairfax","38.76835","-77.18347"
"01/29/2025","AQS","510590031","1","39.2","ppb","37","Springfield Near Road Site","24","100.0000","42602","Nitrogen dioxide (NO2)","212","47900","Washington-Arlington-Alexandria, DC-VA-MD-WV","51","Virginia","059","Fairfax","38.76835","-77.18347"
"01/30/2025","AQS","510590031","1","37.4","ppb","35","Springfield Near Road Site","24","100.0000","42602","Nitrogen dioxide (NO2)","212","47900","Washington-Arlington-Alexandria, DC-VA-MD-WV","51","Virginia","059","Fairfax","38.76835","-77.18347"
"01/31/2025","AQS","510590031","1","34.1","ppb","32","Springfield Near Road Site","23","96.0000","42602","Nitrogen dioxide (NO2)","212","47900","Washington-Arlington-Alexandria, DC-VA-MD-WV","51","Virginia","059","Fairfax","38.76835","-77.18347"
"02/01/2025","AQS","510590031","1","28.9","ppb","26","Springfield Near Road Site","24","100.0000","42602","Nitrogen dioxide (NO2)","212","47900","Washington-Arlington-Alexandria, DC-VA-MD-WV","51","Virginia","059","Fairfax","38.76835","-77.18347"
"02/02/2025","AQS","510590031","1","22.7","ppb","21","Springfield Near Road Site","24","100.0000","42602","Nitrogen dioxide (NO2)","212","47900","Washington-Arlington-Alexandria, DC-VA-MD-WV","51","Virginia","059","Fairfax","38.76835","-77.18347"
"02/03/2025","AQS","510590031","1","32","ppb","30","Springfield Near Road Site","23","96.0000","42602","Nitrogen dioxide (NO2)","212","47900","Washington-Arlington-Alexandria, DC-VA-MD-WV","51","Virginia","059","Fairfax","38.76835","-77.18347"
"02/04/2025","AQS","510590031","1","30.1","ppb","28","Springfield Near Road Site","24","100.0000","42602","Nitrogen dioxide (NO2)","212","47900","Washington-Arlington-Alexandria, DC-VA-MD-WV","51","Virginia","059","Fairfax","38.76835","-77.18347"
"02/05/2025","AQS","510590031","1","36.5","ppb","34","Springfield Near Road Site","22","92.0000","42602","Nitrogen dioxide (NO2)","212","47900","Washington-Arlington-Alexandria, DC-VA-MD-WV","51","Virginia","059","Fairfax","38.76835","-77.18347"
"02/06/2025","AQS","510590031","1","25.2","ppb","24","Springfield Near Road Site","23","96.0000","42602","Nitrogen dioxide (NO2)","212","47900","Washington-Arlington-Alexandria, DC-VA-MD-WV","51","Virginia","059","Fairfax","38.76835","-77.18347"
"02/07/2025","AQS","510590031","1","30.8","ppb","28","Springfield Near Road Site","24","100.0000","42602","Nitrogen dioxide (NO2)","212","47900","Washington-Arlington-Alexandria, DC-VA-MD-WV","51","Virginia","059","Fairfax","38.76835","-77.18347"
"02/08/2025","AQS","510590031","1","28.7","ppb","26","Springfield Near Road Site","24","100.0000","42602","Nitrogen dioxide (NO2)","212","47900","Washington-Arlington-Alexandria, DC-VA-MD-WV","51","Virginia","059","Fairfax","38.76835","-77.18347"
"02/09/2025","AQS","510590031","1","16.6","ppb","15","Springfield Near Road Site","23","96.0000","42602","Nitrogen dioxide (NO2)","212","47900","Washington-Arlington-Alexandria, DC-VA-MD-WV","51","Virginia","059","Fairfax","38.76835","-77.18347"
"02/10/2025","AQS","510590031","1","40","ppb","38","Springfield Near Road Site","24","100.0000","42602","Nitrogen dioxide (NO2)","212","47900","Washington-Arlington-Alexandria, DC-VA-MD-WV","51","Virginia","059","Fairfax","38.76835","-77.18347"
"02/11/2025","AQS","510590031","1","41.2","ppb","39","Springfield Near Road Site","24","100.0000","42602","Nitrogen dioxide (NO2)","212","47900","Washington-Arlington-Alexandria, DC-VA-MD-WV","51","Virginia","059","Fairfax","38.76835","-77.18347"
"02/12/2025","AQS","510590031","1","36.4","ppb","34","Springfield Near Road Site","23","96.0000","42602","Nitrogen dioxide (NO2)","212","47900","Washington-Arlington-Alexandria, DC-VA-MD-WV","51","Virginia","059","Fairfax","38.76835","-77.18347"
"02/13/2025","AQS","510590031","1","35.4","ppb","33","Springfield Near Road Site","24","100.0000","42602","Nitrogen dioxide (NO2)","212","47900","Washington-Arlington-Alexandria, DC-VA-MD-WV","51","Virginia","059","Fairfax","38.76835","-77.18347"
"02/14/2025","AQS","510590031","1","41.5","ppb","39","Springfield Near Road Site","24","100.0000","42602","Nitrogen dioxide (NO2)","212","47900","Washington-Arlington-Alexandria, DC-VA-MD-WV","51","Virginia","059","Fairfax","38.76835","-77.18347"
"02/15/2025","AQS","510590031","1","28.2","ppb","26","Springfield Near Road Site","23","96.0000","42602","Nitrogen dioxide (NO2)","212","47900","Washington-Arlington-Alexandria, DC-VA-MD-WV","51","Virginia","059","Fairfax","38.76835","-77.18347"
"02/16/2025","AQS","510590031","1","22.3","ppb","21","Springfield Near Road Site","24","100.0000","42602","Nitrogen dioxide (NO2)","212","47900","Washington-Arlington-Alexandria, DC-VA-MD-WV","51","Virginia","059","Fairfax","38.76835","-77.18347"
"02/17/2025","AQS","510590031","1","14.4","ppb","13","Springfield Near Road Site","24","100.0000","42602","Nitrogen dioxide (NO2)","212","47900","Washington-Arlington-Alexandria, DC-VA-MD-WV","51","Virginia","059","Fairfax","38.76835","-77.18347"
"02/18/2025","AQS","510590031","1","13.1","ppb","12","Springfield Near Road Site","23","96.0000","42602","Nitrogen dioxide (NO2)","212","47900","Washington-Arlington-Alexandria, DC-VA-MD-WV","51","Virginia","059","Fairfax","38.76835","-77.18347"
"02/19/2025","AQS","510590031","1","22.2","ppb","21","Springfield Near Road Site","24","100.0000","42602","Nitrogen dioxide (NO2)","212","47900","Washington-Arlington-Alexandria, DC-VA-MD-WV","51","Virginia","059","Fairfax","38.76835","-77.18347"
"02/20/2025","AQS","510590031","1","23.2","ppb","22","Springfield Near Road Site","22","92.0000","42602","Nitrogen dioxide (NO2)","212","47900","Washington-Arlington-Alexandria, DC-VA-MD-WV","51","Virginia","059","Fairfax","38.76835","-77.18347"
"02/21/2025","AQS","510590031","1","15.9","ppb","14","Springfield Near Road Site","23","96.0000","42602","Nitrogen dioxide (NO2)","212","47900","Washington-Arlington-Alexandria, DC-VA-MD-WV","51","Virginia","059","Fairfax","38.76835","-77.18347"
"02/22/2025","AQS","510590031","1","34.7","ppb","32","Springfield Near Road Site","24","100.0000","42602","Nitrogen dioxide (NO2)","212","47900","Washington-Arlington-Alexandria, DC-VA-MD-WV","51","Virginia","059","Fairfax","38.76835","-77.18347"
"02/23/2025","AQS","510590031","1","43.2","ppb","41","Springfield Near Road Site","24","100.0000","42602","Nitrogen dioxide (NO2)","212","47900","Washington-Arlington-Alexandria, DC-VA-MD-WV","51","Virginia","059","Fairfax","38.76835","-77.18347"
"02/24/2025","AQS","510590031","1","44","ppb","42","Springfield Near Road Site","23","96.0000","42602","Nitrogen dioxide (NO2)","212","47900","Washington-Arlington-Alexandria, DC-VA-MD-WV","51","Virginia","059","Fairfax","38.76835","-77.18347"
"02/25/2025","AQS","510590031","1","47.8","ppb","44","Springfield Near Road Site","24","100.0000","42602","Nitrogen dioxide (NO2)","212","47900","Washington-Arlington-Alexandria, DC-VA-MD-WV","51","Virginia","059","Fairfax","38.76835","-77.18347"
"02/26/2025","AQS","510590031","1","49.5","ppb","46","Springfield Near Road Site","24","100.0000","42602","Nitrogen dioxide (NO2)","212","47900","Washington-Arlington-Alexandria, DC-VA-MD-WV","51","Virginia","059","Fairfax","38.76835","-77.18347"
"02/27/2025","AQS","510590031","1","48.6","ppb","45","Springfield Near Road Site","23","96.0000","42602","Nitrogen dioxide (NO2)","212","47900","Washington-Arlington-Alexandria, DC-VA-MD-WV","51","Virginia","059","Fairfax","38.76835","-77.18347"
"02/28/2025","AQS","510590031","1","33.9","ppb","31","Springfield Near Road Site","24","100.0000","42602","Nitrogen dioxide (NO2)","212","47900","Washington-Arlington-Alexandria, DC-VA-MD-WV","51","Virginia","059","Fairfax","38.76835","-77.18347"
"03/01/2025","AQS","510590031","1","17.3","ppb","16","Springfield Near Road Site","24","100.0000","42602","Nitrogen dioxide (NO2)","212","47900","Washington-Arlington-Alexandria, DC-VA-MD-WV","51","Virginia","059","Fairfax","38.76835","-77.18347"
"03/02/2025","AQS","510590031","1","29.5","ppb","27","Springfield Near Road Site","23","96.0000","42602","Nitrogen dioxide (NO2)","212","47900","Washington-Arlington-Alexandria, DC-VA-MD-WV","51","Virginia","059","Fairfax","38.76835","-77.18347"
"03/03/2025","AQS","510590031","1","44.1","ppb","42","Springfield Near Road Site","23","96.0000","42602","Nitrogen dioxide (NO2)","212","47900","Washington-Arlington-Alexandria, DC-VA-MD-WV","51","Virginia","059","Fairfax","38.76835","-77.18347"
"03/04/2025","AQS","510590031","1","52.6","ppb","49","Springfield Near Road Site","24","100.0000","42602","Nitrogen dioxide (NO2)","212","47900","Washington-Arlington-Alexandria, DC-VA-MD-WV","51","Virginia","059","Fairfax","38.76835","-77.18347"
"03/05/2025","AQS","510590031","1","39.9","ppb","37","Springfield Near Road Site","23","96.0000","42602","Nitrogen dioxide (NO2)","212","47900","Washington-Arlington-Alexandria, DC-VA-MD-WV","51","Virginia","059","Fairfax","38.76835","-77.18347"
"03/06/2025","AQS","510590031","1","5.1","ppb","5","Springfield Near Road Site","24","100.0000","42602","Nitrogen dioxide (NO2)","212","47900","Washington-Arlington-Alexandria, DC-VA-MD-WV","51","Virginia","059","Fairfax","38.76835","-77.18347"
"03/07/2025","AQS","510590031","1","22","ppb","21","Springfield Near Road Site","24","100.0000","42602","Nitrogen dioxide (NO2)","212","47900","Washington-Arlington-Alexandria, DC-VA-MD-WV","51","Virginia","059","Fairfax","38.76835","-77.18347"
"03/08/2025","AQS","510590031","1","31.7","ppb","29","Springfield Near Road Site","23","96.0000","42602","Nitrogen dioxide (NO2)","212","47900","Washington-Arlington-Alexandria, DC-VA-MD-WV","51","Virginia","059","Fairfax","38.76835","-77.18347"
"03/09/2025","AQS","510590031","1","29.9","ppb","27","Springfield Near Road Site","24","100.0000","42602","Nitrogen dioxide (NO2)","212","47900","Washington-Arlington-Alexandria, DC-VA-MD-WV","51","Virginia","059","Fairfax","38.76835","-77.18347"
"03/10/2025","AQS","510590031","1","44.8","ppb","42","Springfield Near Road Site","24","100.0000","42602","Nitrogen dioxide (NO2)","212","47900","Washington-Arlington-Alexandria, DC-VA-MD-WV","51","Virginia","059","Fairfax","38.76835","-77.18347"
"03/11/2025","AQS","510590031","1","55.9","ppb","52","Springfield Near Road Site","23","96.0000","42602","Nitrogen dioxide (NO2)","212","47900","Washington-Arlington-Alexandria, DC-VA-MD-WV","51","Virginia","059","Fairfax","38.76835","-77.18347"
"03/12/2025","AQS","510590031","1","41.6","ppb","39","Springfield Near Road Site","24","100.0000","42602","Nitrogen dioxide (NO2)","212","47900","Washington-Arlington-Alexandria, DC-VA-MD-WV","51","Virginia","059","Fairfax","38.76835","-77.18347"
"03/13/2025","AQS","510590031","1","39.1","ppb","37","Springfield Near Road Site","24","100.0000","42602","Nitrogen dioxide (NO2)","212","47900","Washington-Arlington-Alexandria, DC-VA-MD-WV","51","Virginia","059","Fairfax","38.76835","-77.18347"
"03/14/2025","AQS","510590031","1","34.9","ppb","32","Springfield Near Road Site","23","96.0000","42602","Nitrogen dioxide (NO2)","212","47900","Washington-Arlington-Alexandria, DC-VA-MD-WV","51","Virginia","059","Fairfax","38.76835","-77.18347"
"03/15/2025","AQS","510590031","1","29.9","ppb","27","Springfield Near Road Site","24","100.0000","42602","Nitrogen dioxide (NO2)","212","47900","Washington-Arlington-Alexandria, DC-VA-MD-WV","51","Virginia","059","Fairfax","38.76835","-77.18347"
"03/16/2025","AQS","510590031","1","14.5","ppb","13","Springfield Near Road Site","24","100.0000","42602","Nitrogen dioxide (NO2)","212","47900","Washington-Arlington-Alexandria, DC-VA-MD-WV","51","Virginia","059","Fairfax","38.76835","-77.18347"
"03/17/2025","AQS","510590031","1","28.2","ppb","26","Springfield Near Road Site","23","96.0000","42602","Nitrogen dioxide (NO2)","212","47900","Washington-Arlington-Alexandria, DC-VA-MD-WV","51","Virginia","059","Fairfax","38.76835","-77.18347"
"03/18/2025","AQS","510590031","1","47.1","ppb","44","Springfield Near Road Site","24","100.0000","42602","Nitrogen dioxide (NO2)","212","47900","Washington-Arlington-Alexandria, DC-VA-MD-WV","51","Virginia","059","Fairfax","38.76835","-77.18347"
"03/19/2025","AQS","510590031","1","43.8","ppb","41","Springfield Near Road Site","22","92.0000","42602","Nitrogen dioxide (NO2)","212","47900","Washington-Arlington-Alexandria, DC-VA-MD-WV","51","Virginia","059","Fairfax","38.76835","-77.18347"
"03/20/2025","AQS","510590031","1","43.6","ppb","41","Springfield Near Road Site","23","96.0000","42602","Nitrogen dioxide (NO2)","212","47900","Washington-Arlington-Alexandria, DC-VA-MD-WV","51","Virginia","059","Fairfax","38.76835","-77.18347"
"03/21/2025","AQS","510590031","1","26.9","ppb","25","Springfield Near Road Site","24","100.0000","42602","Nitrogen dioxide (NO2)","212","47900","Washington-Arlington-Alexandria, DC-VA-MD-WV","51","Virginia","059","Fairfax","38.76835","-77.18347"
"03/22/2025","AQS","510590031","1","35.8","ppb","33","Springfield Near Road Site","24","100.0000","42602","Nitrogen dioxide (NO2)","212","47900","Washington-Arlington-Alexandria, DC-VA-MD-WV","51","Virginia","059","Fairfax","38.76835","-77.18347"
"03/23/2025","AQS","510590031","1","22.2","ppb","21","Springfield Near Road Site","23","96.0000","42602","Nitrogen dioxide (NO2)","212","47900","Washington-Arlington-Alexandria, DC-VA-MD-WV","51","Virginia","059","Fairfax","38.76835","-77.18347"
"03/24/2025","AQS","510590031","1","35.4","ppb","33","Springfield Near Road Site","24","100.0000","42602","Nitrogen dioxide (NO2)","212","47900","Washington-Arlington-Alexandria, DC-VA-MD-WV","51","Virginia","059","Fairfax","38.76835","-77.18347"
"03/25/2025","AQS","510590031","1","11.9","ppb","10","Springfield Near Road Site","24","100.0000","42602","Nitrogen dioxide (NO2)","212","47900","Washington-Arlington-Alexandria, DC-VA-MD-WV","51","Virginia","059","Fairfax","38.76835","-77.18347"
"03/26/2025","AQS","510590031","1","36","ppb","34","Springfield Near Road Site","23","96.0000","42602","Nitrogen dioxide (NO2)","212","47900","Washington-Arlington-Alexandria, DC-VA-MD-WV","51","Virginia","059","Fairfax","38.76835","-77.18347"
"03/27/2025","AQS","510590031","1","45.6","ppb","42","Springfield Near Road Site","24","100.0000","42602","Nitrogen dioxide (NO2)","212","47900","Washington-Arlington-Alexandria, DC-VA-MD-WV","51","Virginia","059","Fairfax","38.76835","-77.18347"
"03/28/2025","AQS","510590031","1","48.6","ppb","45","Springfield Near Road Site","24","100.0000","42602","Nitrogen dioxide (NO2)","212","47900","Washington-Arlington-Alexandria, DC-VA-MD-WV","51","Virginia","059","Fairfax","38.76835","-77.18347"
"03/29/2025","AQS","510590031","1","34.7","ppb","32","Springfield Near Road Site","23","96.0000","42602","Nitrogen dioxide (NO2)","212","47900","Washington-Arlington-Alexandria, DC-VA-MD-WV","51","Virginia","059","Fairfax","38.76835","-77.18347"
"03/30/2025","AQS","510590031","1","25.6","ppb","24","Springfield Near Road Site","24","100.0000","42602","Nitrogen dioxide (NO2)","212","47900","Washington-Arlington-Alexandria, DC-VA-MD-WV","51","Virginia","059","Fairfax","38.76835","-77.18347"
"03/31/2025","AQS","510590031","1","18.1","ppb","17","Springfield Near Road Site","23","96.0000","42602","Nitrogen dioxide (NO2)","212","47900","Washington-Arlington-Alexandria, DC-VA-MD-WV","51","Virginia","059","Fairfax","38.76835","-77.18347"
"04/01/2025","AQS","510590031","1","37.6","ppb","35","Springfield Near Road Site","23","96.0000","42602","Nitrogen dioxide (NO2)","212","47900","Washington-Arlington-Alexandria, DC-VA-MD-WV","51","Virginia","059","Fairfax","38.76835","-77.18347"
"04/02/2025","AQS","510590031","1","38.7","ppb","36","Springfield Near Road Site","24","100.0000","42602","Nitrogen dioxide (NO2)","212","47900","Washington-Arlington-Alexandria, DC-VA-MD-WV","51","Virginia","059","Fairfax","38.76835","-77.18347"
"04/03/2025","AQS","510590031","1","29.6","ppb","27","Springfield Near Road Site","24","100.0000","42602","Nitrogen dioxide (NO2)","212","47900","Washington-Arlington-Alexandria, DC-VA-MD-WV","51","Virginia","059","Fairfax","38.76835","-77.18347"
"04/04/2025","AQS","510590031","1","38.4","ppb","36","Springfield Near Road Site","23","96.0000","42602","Nitrogen dioxide (NO2)","212","47900","Washington-Arlington-Alexandria, DC-VA-MD-WV","51","Virginia","059","Fairfax","38.76835","-77.18347"
"04/05/2025","AQS","510590031","1","28.1","ppb","26","Springfield Near Road Site","24","100.0000","42602","Nitrogen dioxide (NO2)","212","47900","Washington-Arlington-Alexandria, DC-VA-MD-WV","51","Virginia","059","Fairfax","38.76835","-77.18347"
"04/06/2025","AQS","510590031","1","28.6","ppb","26","Springfield Near Road Site","24","100.0000","42602","Nitrogen dioxide (NO2)","212","47900","Washington-Arlington-Alexandria, DC-VA-MD-WV","51","Virginia","059","Fairfax","38.76835","-77.18347"
"04/07/2025","AQS","510590031","1","29.4","ppb","27","Springfield Near Road Site","23","96.0000","42602","Nitrogen dioxide (NO2)","212","47900","Washington-Arlington-Alexandria, DC-VA-MD-WV","51","Virginia","059","Fairfax","38.76835","-77.18347"
"04/08/2025","AQS","510590031","1","24.5","ppb","23","Springfield Near Road Site","24","100.0000","42602","Nitrogen dioxide (NO2)","212","47900","Washington-Arlington-Alexandria, DC-VA-MD-WV","51","Virginia","059","Fairfax","38.76835","-77.18347"
"04/09/2025","AQS","510590031","1","42.9","ppb","40","Springfield Near Road Site","24","100.0000","42602","Nitrogen dioxide (NO2)","212","47900","Washington-Arlington-Alexandria, DC-VA-MD-WV","51","Virginia","059","Fairfax","38.76835","-77.18347"
"04/10/2025","AQS","510590031","1","37.7","ppb","35","Springfield Near Road Site","23","96.0000","42602","Nitrogen dioxide (NO2)","212","47900","Washington-Arlington-Alexandria, DC-VA-MD-WV","51","Virginia","059","Fairfax","38.76835","-77.18347"
"04/11/2025","AQS","510590031","1","32.5","ppb","30","Springfield Near Road Site","24","100.0000","42602","Nitrogen dioxide (NO2)","212","47900","Washington-Arlington-Alexandria, DC-VA-MD-WV","51","Virginia","059","Fairfax","38.76835","-77.18347"
"04/12/2025","AQS","510590031","1","11.5","ppb","10","Springfield Near Road Site","24","100.0000","42602","Nitrogen dioxide (NO2)","212","47900","Washington-Arlington-Alexandria, DC-VA-MD-WV","51","Virginia","059","Fairfax","38.76835","-77.18347"
"04/13/2025","AQS","510590031","1","24.5","ppb","23","Springfield Near Road Site","23","96.0000","42602","Nitrogen dioxide (NO2)","212","47900","Washington-Arlington-Alexandria, DC-VA-MD-WV","51","Virginia","059","Fairfax","38.76835","-77.18347"
"04/14/2025","AQS","510590031","1","44.8","ppb","42","Springfield Near Road Site","23","96.0000","42602","Nitrogen dioxide (NO2)","212","47900","Washington-Arlington-Alexandria, DC-VA-MD-WV","51","Virginia","059","Fairfax","38.76835","-77.18347"
"04/15/2025","AQS","510590031","1","28.6","ppb","26","Springfield Near Road Site","24","100.0000","42602","Nitrogen dioxide (NO2)","212","47900","Washington-Arlington-Alexandria, DC-VA-MD-WV","51","Virginia","059","Fairfax","38.76835","-77.18347"
"04/16/2025","AQS","510590031","1","19.6","ppb","18","Springfield Near Road Site","19","79.0000","42602","Nitrogen dioxide (NO2)","212","47900","Washington-Arlington-Alexandria, DC-VA-MD-WV","51","Virginia","059","Fairfax","38.76835","-77.18347"
"04/17/2025","AQS","510590031","1","48.4","ppb","45","Springfield Near Road Site","24","100.0000","42602","Nitrogen dioxide (NO2)","212","47900","Washington-Arlington-Alexandria, DC-VA-MD-WV","51","Virginia","059","Fairfax","38.76835","-77.18347"
"04/18/2025","AQS","510590031","1","39.3","ppb","37","Springfield Near Road Site","24","100.0000","42602","Nitrogen dioxide (NO2)","212","47900","Washington-Arlington-Alexandria, DC-VA-MD-WV","51","Virginia","059","Fairfax","38.76835","-77.18347"
"04/19/2025","AQS","510590031","1","19.3","ppb","18","Springfield Near Road Site","23","96.0000","42602","Nitrogen dioxide (NO2)","212","47900","Washington-Arlington-Alexandria, DC-VA-MD-WV","51","Virginia","059","Fairfax","38.76835","-77.18347"
"04/20/2025","AQS","510590031","1","24.6","ppb","23","Springfield Near Road Site","24","100.0000","42602","Nitrogen dioxide (NO2)","212","47900","Washington-Arlington-Alexandria, DC-VA-MD-WV","51","Virginia","059","Fairfax","38.76835","-77.18347"
"04/21/2025","AQS","510590031","1","40","ppb","38","Springfield Near Road Site","24","100.0000","42602","Nitrogen dioxide (NO2)","212","47900","Washington-Arlington-Alexandria, DC-VA-MD-WV","51","Virginia","059","Fairfax","38.76835","-77.18347"
"04/22/2025","AQS","510590031","1","36.9","ppb","34","Springfield Near Road Site","23","96.0000","42602","Nitrogen dioxide (NO2)","212","47900","Washington-Arlington-Alexandria, DC-VA-MD-WV","51","Virginia","059","Fairfax","38.76835","-77.18347"
"04/23/2025","AQS","510590031","1","57.5","ppb","54","Springfield Near Road Site","24","100.0000","42602","Nitrogen dioxide (NO2)","212","47900","Washington-Arlington-Alexandria, DC-VA-MD-WV","51","Virginia","059","Fairfax","38.76835","-77.18347"
"04/24/2025","AQS","510590031","1","43.3","ppb","41","Springfield Near Road Site","24","100.0000","42602","Nitrogen dioxide (NO2)","212","47900","Washington-Arlington-Alexandria, DC-VA-MD-WV","51","Virginia","059","Fairfax","38.76835","-77.18347"
"04/25/2025","AQS","510590031","1","43.8","ppb","41","Springfield Near Road Site","23","96.0000","42602","Nitrogen dioxide (NO2)","212","47900","Washington-Arlington-Alexandria, DC-VA-MD-WV","51","Virginia","059","Fairfax","38.76835","-77.18347"
"04/26/2025","AQS","510590031","1","22.6","ppb","21","Springfield Near Road Site","24","100.0000","42602","Nitrogen dioxide (NO2)","212","47900","Washington-Arlington-Alexandria, DC-VA-MD-WV","51","Virginia","059","Fairfax","38.76835","-77.18347"
"04/27/2025","AQS","510590031","1","5.5","ppb","5","Springfield Near Road Site","24","100.0000","42602","Nitrogen dioxide (NO2)","212","47900","Washington-Arlington-Alexandria, DC-VA-MD-WV","51","Virginia","059","Fairfax","38.76835","-77.18347"
"04/28/2025","AQS","510590031","1","39.6","ppb","37","Springfield Near Road Site","23","96.0000","42602","Nitrogen dioxide (NO2)","212","47900","Washington-Arlington-Alexandria, DC-VA-MD-WV","51","Virginia","059","Fairfax","38.76835","-77.18347"
"04/29/2025","AQS","510590031","1","40.4","ppb","38","Springfield Near Road Site","24","100.0000","42602","Nitrogen dioxide (NO2)","212","47900","Washington-Arlington-Alexandria, DC-VA-MD-WV","51","Virginia","059","Fairfax","38.76835","-77.18347"
"04/30/2025","AQS","510590031","1","43.4","ppb","41","Springfield Near Road Site","23","96.0000","42602","Nitrogen dioxide (NO2)","212","47900","Washington-Arlington-Alexandria, DC-VA-MD-WV","51","Virginia","059","Fairfax","38.76835","-77.18347"
"05/01/2025","AQS","510590031","1","43","ppb","41","Springfield Near Road Site","23","96.0000","42602","Nitrogen dioxide (NO2)","212","47900","Washington-Arlington-Alexandria, DC-VA-MD-WV","51","Virginia","059","Fairfax","38.76835","-77.18347"
"05/02/2025","AQS","510590031","1","39.9","ppb","37","Springfield Near Road Site","24","100.0000","42602","Nitrogen dioxide (NO2)","212","47900","Washington-Arlington-Alexandria, DC-VA-MD-WV","51","Virginia","059","Fairfax","38.76835","-77.18347"
"05/03/2025","AQS","510590031","1","18.8","ppb","17","Springfield Near Road Site","24","100.0000","42602","Nitrogen dioxide (NO2)","212","47900","Washington-Arlington-Alexandria, DC-VA-MD-WV","51","Virginia","059","Fairfax","38.76835","-77.18347"
"05/04/2025","AQS","510590031","1","28.1","ppb","26","Springfield Near Road Site","23","96.0000","42602","Nitrogen dioxide (NO2)","212","47900","Washington-Arlington-Alexandria, DC-VA-MD-WV","51","Virginia","059","Fairfax","38.76835","-77.18347"
"05/05/2025","AQS","510590031","1","30.8","ppb","28","Springfield Near Road Site","22","92.0000","42602","Nitrogen dioxide (NO2)","212","47900","Washington-Arlington-Alexandria, DC-VA-MD-WV","51","Virginia","059","Fairfax","38.76835","-77.18347"
"05/06/2025","AQS","510590031","1","26.2","ppb","25","Springfield Near Road Site","24","100.0000","42602","Nitrogen dioxide (NO2)","212","47900","Washington-Arlington-Alexandria, DC-VA-MD-WV","51","Virginia","059","Fairfax","38.76835","-77.18347"
"05/07/2025","AQS","510590031","1","41.1","ppb","39","Springfield Near Road Site","23","96.0000","42602","Nitrogen dioxide (NO2)","212","47900","Washington-Arlington-Alexandria, DC-VA-MD-WV","51","Virginia","059","Fairfax","38.76835","-77.18347"
"05/08/2025","AQS","510590031","1","40.1","ppb","38","Springfield Near Road Site","24","100.0000","42602","Nitrogen dioxide (NO2)","212","47900","Washington-Arlington-Alexandria, DC-VA-MD-WV","51","Virginia","059","Fairfax","38.76835","-77.18347"
"05/09/2025","AQS","510590031","1","19","ppb","18","Springfield Near Road Site","24","100.0000","42602","Nitrogen dioxide (NO2)","212","47900","Washington-Arlington-Alexandria, DC-VA-MD-WV","51","Virginia","059","Fairfax","38.76835","-77.18347"
"05/10/2025","AQS","510590031","1","17.7","ppb","16","Springfield Near Road Site","23","96.0000","42602","Nitrogen dioxide (NO2)","212","47900","Washington-Arlington-Alexandria, DC-VA-MD-WV","51","Virginia","059","Fairfax","38.76835","-77.18347"
"05/11/2025","AQS","510590031","1","29.9","ppb","27","Springfield Near Road Site","24","100.0000","42602","Nitrogen dioxide (NO2)","212","47900","Washington-Arlington-Alexandria, DC-VA-MD-WV","51","Virginia","059","Fairfax","38.76835","-77.18347"
"05/12/2025","AQS","510590031","1","32.2","ppb","30","Springfield Near Road Site","23","96.0000","42602","Nitrogen dioxide (NO2)","212","47900","Washington-Arlington-Alexandria, DC-VA-MD-WV","51","Virginia","059","Fairfax","38.76835","-77.18347"
"05/13/2025","AQS","510590031","1","29.3","ppb","27","Springfield Near Road Site","23","96.0000","42602","Nitrogen dioxide (NO2)","212","47900","Washington-Arlington-Alexandria, DC-VA-MD-WV","51","Virginia","059","Fairfax","38.76835","-77.18347"
"05/14/2025","AQS","510590031","1","35.8","ppb","33","Springfield Near Road Site","24","100.0000","42602","Nitrogen dioxide (NO2)","212","47900","Washington-Arlington-Alexandria, DC-VA-MD-WV","51","Virginia","059","Fairfax","38.76835","-77.18347"
"05/15/2025","AQS","510590031","1","27.1","ppb","25","Springfield Near Road Site","24","100.0000","42602","Nitrogen dioxide (NO2)","212","47900","Washington-Arlington-Alexandria, DC-VA-MD-WV","51","Virginia","059","Fairfax","38.76835","-77.18347"
"05/16/2025","AQS","510590031","1","27.5","ppb","25","Springfield Near Road Site","23","96.0000","42602","Nitrogen dioxide (NO2)","212","47900","Washington-Arlington-Alexandria, DC-VA-MD-WV","51","Virginia","059","Fairfax","38.76835","-77.18347"
"05/17/2025","AQS","510590031","1","22.3","ppb","21","Springfield Near Road Site","24","100.0000","42602","Nitrogen dioxide (NO2)","212","47900","Washington-Arlington-Alexandria, DC-VA-MD-WV","51","Virginia","059","Fairfax","38.76835","-77.18347"
"05/18/2025","AQS","510590031","1","3.8","ppb","3","Springfield Near Road Site","24","100.0000","42602","Nitrogen dioxide (NO2)","212","47900","Washington-Arlington-Alexandria, DC-VA-MD-WV","51","Virginia","059","Fairfax","38.76835","-77.18347"
"05/19/2025","AQS","510590031","1","12.1","ppb","11","Springfield Near Road Site","23","96.0000","42602","Nitrogen dioxide (NO2)","212","47900","Washington-Arlington-Alexandria, DC-VA-MD-WV","51","Virginia","059","Fairfax","38.76835","-77.18347"
"05/20/2025","AQS","510590031","1","44.5","ppb","42","Springfield Near Road Site","24","100.0000","42602","Nitrogen dioxide (NO2)","212","47900","Washington-Arlington-Alexandria, DC-VA-MD-WV","51","Virginia","059","Fairfax","38.76835","-77.18347"
"05/21/2025","AQS","510590031","1","29.5","ppb","27","Springfield Near Road Site","24","100.0000","42602","Nitrogen dioxide (NO2)","212","47900","Washington-Arlington-Alexandria, DC-VA-MD-WV","51","Virginia","059","Fairfax","38.76835","-77.18347"
"05/22/2025","AQS","510590031","1","24.1","ppb","23","Springfield Near Road Site","23","96.0000","42602","Nitrogen dioxide (NO2)","212","47900","Washington-Arlington-Alexandria, DC-VA-MD-WV","51","Virginia","059","Fairfax","38.76835","-77.18347"
"05/23/2025","AQS","510590031","1","10.8","ppb","9","Springfield Near Road Site","24","100.0000","42602","Nitrogen dioxide (NO2)","212","47900","Washington-Arlington-Alexandria, DC-VA-MD-WV","51","Virginia","059","Fairfax","38.76835","-77.18347"
"05/24/2025","AQS","510590031","1","9.5","ppb","8","Springfield Near Road Site","24","100.0000","42602","Nitrogen dioxide (NO2)","212","47900","Washington-Arlington-Alexandria, DC-VA-MD-WV","51","Virginia","059","Fairfax","38.76835","-77.18347"
"05/25/2025","AQS","510590031","1","8.2","ppb","8","Springfield Near Road Site","23","96.0000","42602","Nitrogen dioxide (NO2)","212","47900","Washington-Arlington-Alexandria, DC-VA-MD-WV","51","Virginia","059","Fairfax","38.76835","-77.18347"
"05/26/2025","AQS","510590031","1","28.3","ppb","26","Springfield Near Road Site","24","100.0000","42602","Nitrogen dioxide (NO2)","212","47900","Washington-Arlington-Alexandria, DC-VA-MD-WV","51","Virginia","059","Fairfax","38.76835","-77.18347"
"05/27/2025","AQS","510590031","1","31.7","ppb","29","Springfield Near Road Site","23","96.0000","42602","Nitrogen dioxide (NO2)","212","47900","Washington-Arlington-Alexandria, DC-VA-MD-WV","51","Virginia","059","Fairfax","38.76835","-77.18347"
"05/28/2025","AQS","510590031","1","33.2","ppb","31","Springfield Near Road Site","23","96.0000","42602","Nitrogen dioxide (NO2)","212","47900","Washington-Arlington-Alexandria, DC-VA-MD-WV","51","Virginia","059","Fairfax","38.76835","-77.18347"
"05/29/2025","AQS","510590031","1","24.1","ppb","23","Springfield Near Road Site","24","100.0000","42602","Nitrogen dioxide (NO2)","212","47900","Washington-Arlington-Alexandria, DC-VA-MD-WV","51","Virginia","059","Fairfax","38.76835","-77.18347"
"05/30/2025","AQS","510590031","1","30.4","ppb","28","Springfield Near Road Site","24","100.0000","42602","Nitrogen dioxide (NO2)","212","47900","Washington-Arlington-Alexandria, DC-VA-MD-WV","51","Virginia","059","Fairfax","38.76835","-77.18347"
"05/31/2025","AQS","510590031","1","5.6","ppb","5","Springfield Near Road Site","23","96.0000","42602","Nitrogen dioxide (NO2)","212","47900","Washington-Arlington-Alexandria, DC-VA-MD-WV","51","Virginia","059","Fairfax","38.76835","-77.18347"
"06/01/2025","AQS","510590031","1","20.1","ppb","19","Springfield Near Road Site","24","100.0000","42602","Nitrogen dioxide (NO2)","212","47900","Washington-Arlington-Alexandria, DC-VA-MD-WV","51","Virginia","059","Fairfax","38.76835","-77.18347"
"06/02/2025","AQS","510590031","1","28.3","ppb","26","Springfield Near Road Site","24","100.0000","42602","Nitrogen dioxide (NO2)","212","47900","Washington-Arlington-Alexandria, DC-VA-MD-WV","51","Virginia","059","Fairfax","38.76835","-77.18347"
"06/03/2025","AQS","510590031","1","48.1","ppb","45","Springfield Near Road Site","23","96.0000","42602","Nitrogen dioxide (NO2)","212","47900","Washington-Arlington-Alexandria, DC-VA-MD-WV","51","Virginia","059","Fairfax","38.76835","-77.18347"
"06/04/2025","AQS","510590031","1","36.5","ppb","34","Springfield Near Road Site","24","100.0000","42602","Nitrogen dioxide (NO2)","212","47900","Washington-Arlington-Alexandria, DC-VA-MD-WV","51","Virginia","059","Fairfax","38.76835","-77.18347"
"06/05/2025","AQS","510590031","1","35.5","ppb","33","Springfield Near Road Site","24","100.0000","42602","Nitrogen dioxide (NO2)","212","47900","Washington-Arlington-Alexandria, DC-VA-MD-WV","51","Virginia","059","Fairfax","38.76835","-77.18347"
"06/06/2025","AQS","510590031","1","29.7","ppb","27","Springfield Near Road Site","23","96.0000","42602","Nitrogen dioxide (NO2)","212","47900","Washington-Arlington-Alexandria, DC-VA-MD-WV","51","Virginia","059","Fairfax","38.76835","-77.18347"
"06/07/2025","AQS","510590031","1","25.8","ppb","24","Springfield Near Road Site","24","100.0000","42602","Nitrogen dioxide (NO2)","212","47900","Washington-Arlington-Alexandria, DC-VA-MD-WV","51","Virginia","059","Fairfax","38.76835","-77.18347"
"06/08/2025","AQS","510590031","1","23.9","ppb","22","Springfield Near Road Site","24","100.0000","42602","Nitrogen dioxide (NO2)","212","47900","Washington-Arlington-Alexandria, DC-VA-MD-WV","51","Virginia","059","Fairfax","38.76835","-77.18347"
"06/09/2025","AQS","510590031","1","32.4","ppb","30","Springfield Near Road Site","23","96.0000","42602","Nitrogen dioxide (NO2)","212","47900","Washington-Arlington-Alexandria, DC-VA-MD-WV","51","Virginia","059","Fairfax","38.76835","-77.18347"
"06/10/2025","AQS","510590031","1","28.1","ppb","26","Springfield Near Road Site","23","96.0000","42602","Nitrogen dioxide (NO2)","212","47900","Washington-Arlington-Alexandria, DC-VA-MD-WV","51","Virginia","059","Fairfax","38.76835","-77.18347"
"06/11/2025","AQS","510590031","1","35.5","ppb","33","Springfield Near Road Site","24","100.0000","42602","Nitrogen dioxide (NO2)","212","47900","Washington-Arlington-Alexandria, DC-VA-MD-WV","51","Virginia","059","Fairfax","38.76835","-77.18347"
"06/12/2025","AQS","510590031","1","31.8","ppb","29","Springfield Near Road Site","23","96.0000","42602","Nitrogen dioxide (NO2)","212","47900","Washington-Arlington-Alexandria, DC-VA-MD-WV","51","Virginia","059","Fairfax","38.76835","-77.18347"
"06/13/2025","AQS","510590031","1","32.2","ppb","30","Springfield Near Road Site","24","100.0000","42602","Nitrogen dioxide (NO2)","212","47900","Washington-Arlington-Alexandria, DC-VA-MD-WV","51","Virginia","059","Fairfax","38.76835","-77.18347"
"06/15/2025","AQS","510590031","1","18.7","ppb","17","Springfield Near Road Site","23","96.0000","42602","Nitrogen dioxide (NO2)","212","47900","Washington-Arlington-Alexandria, DC-VA-MD-WV","51","Virginia","059","Fairfax","38.76835","-77.18347"
"06/16/2025","AQS","510590031","1","22.1","ppb","21","Springfield Near Road Site","24","100.0000","42602","Nitrogen dioxide (NO2)","212","47900","Washington-Arlington-Alexandria, DC-VA-MD-WV","51","Virginia","059","Fairfax","38.76835","-77.18347"
"06/17/2025","AQS","510590031","1","24.8","ppb","23","Springfield Near Road Site","24","100.0000","42602","Nitrogen dioxide (NO2)","212","47900","Washington-Arlington-Alexandria, DC-VA-MD-WV","51","Virginia","059","Fairfax","38.76835","-77.18347"
"06/18/2025","AQS","510590031","1","29.2","ppb","27","Springfield Near Road Site","23","96.0000","42602","Nitrogen dioxide (NO2)","212","47900","Washington-Arlington-Alexandria, DC-VA-MD-WV","51","Virginia","059","Fairfax","38.76835","-77.18347"
"06/19/2025","AQS","510590031","1","18.7","ppb","17","Springfield Near Road Site","24","100.0000","42602","Nitrogen dioxide (NO2)","212","47900","Washington-Arlington-Alexandria, DC-VA-MD-WV","51","Virginia","059","Fairfax","38.76835","-77.18347"
"06/20/2025","AQS","510590031","1","13.9","ppb","12","Springfield Near Road Site","22","92.0000","42602","Nitrogen dioxide (NO2)","212","47900","Washington-Arlington-Alexandria, DC-VA-MD-WV","51","Virginia","059","Fairfax","38.76835","-77.18347"
"06/21/2025","AQS","510590031","1","25","ppb","24","Springfield Near Road Site","23","96.0000","42602","Nitrogen dioxide (NO2)","212","47900","Washington-Arlington-Alexandria, DC-VA-MD-WV","51","Virginia","059","Fairfax","38.76835","-77.18347"
"06/22/2025","AQS","510590031","1","13.3","ppb","12","Springfield Near Road Site","24","100.0000","42602","Nitrogen dioxide (NO2)","212","47900","Washington-Arlington-Alexandria, DC-VA-MD-WV","51","Virginia","059","Fairfax","38.76835","-77.18347"
"06/23/2025","AQS","510590031","1","11.5","ppb","10","Springfield Near Road Site","23","96.0000","42602","Nitrogen dioxide (NO2)","212","47900","Washington-Arlington-Alexandria, DC-VA-MD-WV","51","Virginia","059","Fairfax","38.76835","-77.18347"
"01/01/2025","AQS","510870014","1","6.2","ppb","6","MathScience Innovation Center","23","96.0000","42602","Nitrogen dioxide (NO2)","574","40060","Richmond, VA","51","Virginia","087","Henrico","37.556520000912","-77.40027"
"01/02/2025","AQS","510870014","1","13.4","ppb","12","MathScience Innovation Center","24","100.0000","42602","Nitrogen dioxide (NO2)","574","40060","Richmond, VA","51","Virginia","087","Henrico","37.556520000912","-77.40027"
"01/03/2025","AQS","510870014","1","14.5","ppb","13","MathScience Innovation Center","23","96.0000","42602","Nitrogen dioxide (NO2)","574","40060","Richmond, VA","51","Virginia","087","Henrico","37.556520000912","-77.40027"
"01/04/2025","AQS","510870014","1","29.1","ppb","27","MathScience Innovation Center","23","96.0000","42602","Nitrogen dioxide (NO2)","574","40060","Richmond, VA","51","Virginia","087","Henrico","37.556520000912","-77.40027"
"01/05/2025","AQS","510870014","1","27.2","ppb","25","MathScience Innovation Center","24","100.0000","42602","Nitrogen dioxide (NO2)","574","40060","Richmond, VA","51","Virginia","087","Henrico","37.556520000912","-77.40027"
"01/06/2025","AQS","510870014","1","9.7","ppb","8","MathScience Innovation Center","24","100.0000","42602","Nitrogen dioxide (NO2)","574","40060","Richmond, VA","51","Virginia","087","Henrico","37.556520000912","-77.40027"
"01/07/2025","AQS","510870014","1","23.3","ppb","22","MathScience Innovation Center","22","92.0000","42602","Nitrogen dioxide (NO2)","574","40060","Richmond, VA","51","Virginia","087","Henrico","37.556520000912","-77.40027"
"01/08/2025","AQS","510870014","1","22.8","ppb","21","MathScience Innovation Center","24","100.0000","42602","Nitrogen dioxide (NO2)","574","40060","Richmond, VA","51","Virginia","087","Henrico","37.556520000912","-77.40027"
"01/09/2025","AQS","510870014","1","21","ppb","20","MathScience Innovation Center","24","100.0000","42602","Nitrogen dioxide (NO2)","574","40060","Richmond, VA","51","Virginia","087","Henrico","37.556520000912","-77.40027"
"01/10/2025","AQS","510870014","1","35.3","ppb","33","MathScience Innovation Center","23","96.0000","42602","Nitrogen dioxide (NO2)","574","40060","Richmond, VA","51","Virginia","087","Henrico","37.556520000912","-77.40027"
"01/11/2025","AQS","510870014","1","19.3","ppb","18","MathScience Innovation Center","24","100.0000","42602","Nitrogen dioxide (NO2)","574","40060","Richmond, VA","51","Virginia","087","Henrico","37.556520000912","-77.40027"
"01/12/2025","AQS","510870014","1","29.7","ppb","27","MathScience Innovation Center","24","100.0000","42602","Nitrogen dioxide (NO2)","574","40060","Richmond, VA","51","Virginia","087","Henrico","37.556520000912","-77.40027"
"01/13/2025","AQS","510870014","1","28.4","ppb","26","MathScience Innovation Center","23","96.0000","42602","Nitrogen dioxide (NO2)","574","40060","Richmond, VA","51","Virginia","087","Henrico","37.556520000912","-77.40027"
"01/14/2025","AQS","510870014","1","19.2","ppb","18","MathScience Innovation Center","23","96.0000","42602","Nitrogen dioxide (NO2)","574","40060","Richmond, VA","51","Virginia","087","Henrico","37.556520000912","-77.40027"
"01/15/2025","AQS","510870014","1","30","ppb","28","MathScience Innovation Center","24","100.0000","42602","Nitrogen dioxide (NO2)","574","40060","Richmond, VA","51","Virginia","087","Henrico","37.556520000912","-77.40027"
"01/16/2025","AQS","510870014","1","30.5","ppb","28","MathScience Innovation Center","23","96.0000","42602","Nitrogen dioxide (NO2)","574","40060","Richmond, VA","51","Virginia","087","Henrico","37.556520000912","-77.40027"
"01/17/2025","AQS","510870014","1","29.2","ppb","27","MathScience Innovation Center","23","96.0000","42602","Nitrogen dioxide (NO2)","574","40060","Richmond, VA","51","Virginia","087","Henrico","37.556520000912","-77.40027"
"01/18/2025","AQS","510870014","1","28.6","ppb","26","MathScience Innovation Center","24","100.0000","42602","Nitrogen dioxide (NO2)","574","40060","Richmond, VA","51","Virginia","087","Henrico","37.556520000912","-77.40027"
"01/19/2025","AQS","510870014","1","22.6","ppb","21","MathScience Innovation Center","23","96.0000","42602","Nitrogen dioxide (NO2)","574","40060","Richmond, VA","51","Virginia","087","Henrico","37.556520000912","-77.40027"
"01/20/2025","AQS","510870014","1","17.6","ppb","16","MathScience Innovation Center","24","100.0000","42602","Nitrogen dioxide (NO2)","574","40060","Richmond, VA","51","Virginia","087","Henrico","37.556520000912","-77.40027"
"01/21/2025","AQS","510870014","1","11.1","ppb","10","MathScience Innovation Center","23","96.0000","42602","Nitrogen dioxide (NO2)","574","40060","Richmond, VA","51","Virginia","087","Henrico","37.556520000912","-77.40027"
"01/22/2025","AQS","510870014","1","11.3","ppb","10","MathScience Innovation Center","23","96.0000","42602","Nitrogen dioxide (NO2)","574","40060","Richmond, VA","51","Virginia","087","Henrico","37.556520000912","-77.40027"
"01/23/2025","AQS","510870014","1","34.9","ppb","32","MathScience Innovation Center","23","96.0000","42602","Nitrogen dioxide (NO2)","574","40060","Richmond, VA","51","Virginia","087","Henrico","37.556520000912","-77.40027"
"01/24/2025","AQS","510870014","1","35.6","ppb","33","MathScience Innovation Center","24","100.0000","42602","Nitrogen dioxide (NO2)","574","40060","Richmond, VA","51","Virginia","087","Henrico","37.556520000912","-77.40027"
"01/25/2025","AQS","510870014","1","23.6","ppb","22","MathScience Innovation Center","23","96.0000","42602","Nitrogen dioxide (NO2)","574","40060","Richmond, VA","51","Virginia","087","Henrico","37.556520000912","-77.40027"
"01/26/2025","AQS","510870014","1","33","ppb","31","MathScience Innovation Center","24","100.0000","42602","Nitrogen dioxide (NO2)","574","40060","Richmond, VA","51","Virginia","087","Henrico","37.556520000912","-77.40027"
"01/27/2025","AQS","510870014","1","29.3","ppb","27","MathScience Innovation Center","23","96.0000","42602","Nitrogen dioxide (NO2)","574","40060","Richmond, VA","51","Virginia","087","Henrico","37.556520000912","-77.40027"
"01/28/2025","AQS","510870014","1","17.5","ppb","16","MathScience Innovation Center","23","96.0000","42602","Nitrogen dioxide (NO2)","574","40060","Richmond, VA","51","Virginia","087","Henrico","37.556520000912","-77.40027"
"01/29/2025","AQS","510870014","1","16","ppb","15","MathScience Innovation Center","24","100.0000","42602","Nitrogen dioxide (NO2)","574","40060","Richmond, VA","51","Virginia","087","Henrico","37.556520000912","-77.40027"
"01/30/2025","AQS","510870014","1","28.4","ppb","26","MathScience Innovation Center","23","96.0000","42602","Nitrogen dioxide (NO2)","574","40060","Richmond, VA","51","Virginia","087","Henrico","37.556520000912","-77.40027"
"01/31/2025","AQS","510870014","1","19.3","ppb","18","MathScience Innovation Center","23","96.0000","42602","Nitrogen dioxide (NO2)","574","40060","Richmond, VA","51","Virginia","087","Henrico","37.556520000912","-77.40027"
"02/01/2025","AQS","510870014","1","10.3","ppb","9","MathScience Innovation Center","24","100.0000","42602","Nitrogen dioxide (NO2)","574","40060","Richmond, VA","51","Virginia","087","Henrico","37.556520000912","-77.40027"
"02/02/2025","AQS","510870014","1","9.3","ppb","8","MathScience Innovation Center","24","100.0000","42602","Nitrogen dioxide (NO2)","574","40060","Richmond, VA","51","Virginia","087","Henrico","37.556520000912","-77.40027"
"02/03/2025","AQS","510870014","1","19.2","ppb","18","MathScience Innovation Center","22","92.0000","42602","Nitrogen dioxide (NO2)","574","40060","Richmond, VA","51","Virginia","087","Henrico","37.556520000912","-77.40027"
"02/04/2025","AQS","510870014","1","12.9","ppb","11","MathScience Innovation Center","24","100.0000","42602","Nitrogen dioxide (NO2)","574","40060","Richmond, VA","51","Virginia","087","Henrico","37.556520000912","-77.40027"
"02/05/2025","AQS","510870014","1","7.1","ppb","7","MathScience Innovation Center","24","100.0000","42602","Nitrogen dioxide (NO2)","574","40060","Richmond, VA","51","Virginia","087","Henrico","37.556520000912","-77.40027"
"02/06/2025","AQS","510870014","1","18.6","ppb","17","MathScience Innovation Center","22","92.0000","42602","Nitrogen dioxide (NO2)","574","40060","Richmond, VA","51","Virginia","087","Henrico","37.556520000912","-77.40027"
"02/07/2025","AQS","510870014","1","11.5","ppb","10","MathScience Innovation Center","24","100.0000","42602","Nitrogen dioxide (NO2)","574","40060","Richmond, VA","51","Virginia","087","Henrico","37.556520000912","-77.40027"
"02/08/2025","AQS","510870014","1","9.9","ppb","8","MathScience Innovation Center","24","100.0000","42602","Nitrogen dioxide (NO2)","574","40060","Richmond, VA","51","Virginia","087","Henrico","37.556520000912","-77.40027"
"02/09/2025","AQS","510870014","1","7.1","ppb","7","MathScience Innovation Center","23","96.0000","42602","Nitrogen dioxide (NO2)","574","40060","Richmond, VA","51","Virginia","087","Henrico","37.556520000912","-77.40027"
"02/10/2025","AQS","510870014","1","19.5","ppb","18","MathScience Innovation Center","23","96.0000","42602","Nitrogen dioxide (NO2)","574","40060","Richmond, VA","51","Virginia","087","Henrico","37.556520000912","-77.40027"
"02/11/2025","AQS","510870014","1","21.5","ppb","20","MathScience Innovation Center","24","100.0000","42602","Nitrogen dioxide (NO2)","574","40060","Richmond, VA","51","Virginia","087","Henrico","37.556520000912","-77.40027"
"02/12/2025","AQS","510870014","1","9.5","ppb","8","MathScience Innovation Center","23","96.0000","42602","Nitrogen dioxide (NO2)","574","40060","Richmond, VA","51","Virginia","087","Henrico","37.556520000912","-77.40027"
"02/13/2025","AQS","510870014","1","18.7","ppb","17","MathScience Innovation Center","23","96.0000","42602","Nitrogen dioxide (NO2)","574","40060","Richmond, VA","51","Virginia","087","Henrico","37.556520000912","-77.40027"
"02/14/2025","AQS","510870014","1","25.9","ppb","24","MathScience Innovation Center","24","100.0000","42602","Nitrogen dioxide (NO2)","574","40060","Richmond, VA","51","Virginia","087","Henrico","37.556520000912","-77.40027"
"02/15/2025","AQS","510870014","1","22","ppb","21","MathScience Innovation Center","23","96.0000","42602","Nitrogen dioxide (NO2)","574","40060","Richmond, VA","51","Virginia","087","Henrico","37.556520000912","-77.40027"
"02/16/2025","AQS","510870014","1","9.9","ppb","8","MathScience Innovation Center","24","100.0000","42602","Nitrogen dioxide (NO2)","574","40060","Richmond, VA","51","Virginia","087","Henrico","37.556520000912","-77.40027"
"02/17/2025","AQS","510870014","1","10.4","ppb","9","MathScience Innovation Center","24","100.0000","42602","Nitrogen dioxide (NO2)","574","40060","Richmond, VA","51","Virginia","087","Henrico","37.556520000912","-77.40027"
"02/18/2025","AQS","510870014","1","16.2","ppb","15","MathScience Innovation Center","23","96.0000","42602","Nitrogen dioxide (NO2)","574","40060","Richmond, VA","51","Virginia","087","Henrico","37.556520000912","-77.40027"
"02/19/2025","AQS","510870014","1","10.1","ppb","9","MathScience Innovation Center","24","100.0000","42602","Nitrogen dioxide (NO2)","574","40060","Richmond, VA","51","Virginia","087","Henrico","37.556520000912","-77.40027"
"02/20/2025","AQS","510870014","1","12.3","ppb","11","MathScience Innovation Center","23","96.0000","42602","Nitrogen dioxide (NO2)","574","40060","Richmond, VA","51","Virginia","087","Henrico","37.556520000912","-77.40027"
"02/21/2025","AQS","510870014","1","25.4","ppb","24","MathScience Innovation Center","23","96.0000","42602","Nitrogen dioxide (NO2)","574","40060","Richmond, VA","51","Virginia","087","Henrico","37.556520000912","-77.40027"
"02/22/2025","AQS","510870014","1","27.4","ppb","25","MathScience Innovation Center","24","100.0000","42602","Nitrogen dioxide (NO2)","574","40060","Richmond, VA","51","Virginia","087","Henrico","37.556520000912","-77.40027"
"02/23/2025","AQS","510870014","1","27.9","ppb","25","MathScience Innovation Center","24","100.0000","42602","Nitrogen dioxide (NO2)","574","40060","Richmond, VA","51","Virginia","087","Henrico","37.556520000912","-77.40027"
"02/24/2025","AQS","510870014","1","35.1","ppb","33","MathScience Innovation Center","23","96.0000","42602","Nitrogen dioxide (NO2)","574","40060","Richmond, VA","51","Virginia","087","Henrico","37.556520000912","-77.40027"
"02/25/2025","AQS","510870014","1","34.4","ppb","32","MathScience Innovation Center","23","96.0000","42602","Nitrogen dioxide (NO2)","574","40060","Richmond, VA","51","Virginia","087","Henrico","37.556520000912","-77.40027"
"02/26/2025","AQS","510870014","1","32.1","ppb","30","MathScience Innovation Center","24","100.0000","42602","Nitrogen dioxide (NO2)","574","40060","Richmond, VA","51","Virginia","087","Henrico","37.556520000912","-77.40027"
"02/27/2025","AQS","510870014","1","23.2","ppb","22","MathScience Innovation Center","23","96.0000","42602","Nitrogen dioxide (NO2)","574","40060","Richmond, VA","51","Virginia","087","Henrico","37.556520000912","-77.40027"
"02/28/2025","AQS","510870014","1","22","ppb","21","MathScience Innovation Center","23","96.0000","42602","Nitrogen dioxide (NO2)","574","40060","Richmond, VA","51","Virginia","087","Henrico","37.556520000912","-77.40027"
"03/01/2025","AQS","510870014","1","9","ppb","8","MathScience Innovation Center","24","100.0000","42602","Nitrogen dioxide (NO2)","574","40060","Richmond, VA","51","Virginia","087","Henrico","37.556520000912","-77.40027"
"03/02/2025","AQS","510870014","1","10.6","ppb","9","MathScience Innovation Center","23","96.0000","42602","Nitrogen dioxide (NO2)","574","40060","Richmond, VA","51","Virginia","087","Henrico","37.556520000912","-77.40027"
"03/03/2025","AQS","510870014","1","19.9","ppb","18","MathScience Innovation Center","23","96.0000","42602","Nitrogen dioxide (NO2)","574","40060","Richmond, VA","51","Virginia","087","Henrico","37.556520000912","-77.40027"
"03/04/2025","AQS","510870014","1","12.8","ppb","11","MathScience Innovation Center","24","100.0000","42602","Nitrogen dioxide (NO2)","574","40060","Richmond, VA","51","Virginia","087","Henrico","37.556520000912","-77.40027"
"03/05/2025","AQS","510870014","1","5.3","ppb","5","MathScience Innovation Center","23","96.0000","42602","Nitrogen dioxide (NO2)","574","40060","Richmond, VA","51","Virginia","087","Henrico","37.556520000912","-77.40027"
"03/06/2025","AQS","510870014","1","7.5","ppb","7","MathScience Innovation Center","24","100.0000","42602","Nitrogen dioxide (NO2)","574","40060","Richmond, VA","51","Virginia","087","Henrico","37.556520000912","-77.40027"
"03/07/2025","AQS","510870014","1","14","ppb","13","MathScience Innovation Center","23","96.0000","42602","Nitrogen dioxide (NO2)","574","40060","Richmond, VA","51","Virginia","087","Henrico","37.556520000912","-77.40027"
"03/08/2025","AQS","510870014","1","13.9","ppb","12","MathScience Innovation Center","23","96.0000","42602","Nitrogen dioxide (NO2)","574","40060","Richmond, VA","51","Virginia","087","Henrico","37.556520000912","-77.40027"
"03/09/2025","AQS","510870014","1","21.3","ppb","20","MathScience Innovation Center","24","100.0000","42602","Nitrogen dioxide (NO2)","574","40060","Richmond, VA","51","Virginia","087","Henrico","37.556520000912","-77.40027"
"03/10/2025","AQS","510870014","1","24.5","ppb","23","MathScience Innovation Center","23","96.0000","42602","Nitrogen dioxide (NO2)","574","40060","Richmond, VA","51","Virginia","087","Henrico","37.556520000912","-77.40027"
"03/11/2025","AQS","510870014","1","31.2","ppb","29","MathScience Innovation Center","23","96.0000","42602","Nitrogen dioxide (NO2)","574","40060","Richmond, VA","51","Virginia","087","Henrico","37.556520000912","-77.40027"
"03/12/2025","AQS","510870014","1","26.6","ppb","25","MathScience Innovation Center","24","100.0000","42602","Nitrogen dioxide (NO2)","574","40060","Richmond, VA","51","Virginia","087","Henrico","37.556520000912","-77.40027"
"03/13/2025","AQS","510870014","1","8.1","ppb","8","MathScience Innovation Center","23","96.0000","42602","Nitrogen dioxide (NO2)","574","40060","Richmond, VA","51","Virginia","087","Henrico","37.556520000912","-77.40027"
"03/14/2025","AQS","510870014","1","3.8","ppb","3","MathScience Innovation Center","23","96.0000","42602","Nitrogen dioxide (NO2)","574","40060","Richmond, VA","51","Virginia","087","Henrico","37.556520000912","-77.40027"
"03/15/2025","AQS","510870014","1","6.8","ppb","6","MathScience Innovation Center","24","100.0000","42602","Nitrogen dioxide (NO2)","574","40060","Richmond, VA","51","Virginia","087","Henrico","37.556520000912","-77.40027"
"03/16/2025","AQS","510870014","1","4.6","ppb","4","MathScience Innovation Center","24","100.0000","42602","Nitrogen dioxide (NO2)","574","40060","Richmond, VA","51","Virginia","087","Henrico","37.556520000912","-77.40027"
"03/17/2025","AQS","510870014","1","4.7","ppb","4","MathScience Innovation Center","23","96.0000","42602","Nitrogen dioxide (NO2)","574","40060","Richmond, VA","51","Virginia","087","Henrico","37.556520000912","-77.40027"
"03/18/2025","AQS","510870014","1","20","ppb","19","MathScience Innovation Center","22","92.0000","42602","Nitrogen dioxide (NO2)","574","40060","Richmond, VA","51","Virginia","087","Henrico","37.556520000912","-77.40027"
"03/19/2025","AQS","510870014","1","24.6","ppb","23","MathScience Innovation Center","19","79.0000","42602","Nitrogen dioxide (NO2)","574","40060","Richmond, VA","51","Virginia","087","Henrico","37.556520000912","-77.40027"
"03/20/2025","AQS","510870014","1","9.6","ppb","8","MathScience Innovation Center","23","96.0000","42602","Nitrogen dioxide (NO2)","574","40060","Richmond, VA","51","Virginia","087","Henrico","37.556520000912","-77.40027"
"03/21/2025","AQS","510870014","1","13.9","ppb","12","MathScience Innovation Center","24","100.0000","42602","Nitrogen dioxide (NO2)","574","40060","Richmond, VA","51","Virginia","087","Henrico","37.556520000912","-77.40027"
"03/22/2025","AQS","510870014","1","14","ppb","13","MathScience Innovation Center","24","100.0000","42602","Nitrogen dioxide (NO2)","574","40060","Richmond, VA","51","Virginia","087","Henrico","37.556520000912","-77.40027"
"03/23/2025","AQS","510870014","1","7.6","ppb","7","MathScience Innovation Center","23","96.0000","42602","Nitrogen dioxide (NO2)","574","40060","Richmond, VA","51","Virginia","087","Henrico","37.556520000912","-77.40027"
"03/24/2025","AQS","510870014","1","11.4","ppb","10","MathScience Innovation Center","23","96.0000","42602","Nitrogen dioxide (NO2)","574","40060","Richmond, VA","51","Virginia","087","Henrico","37.556520000912","-77.40027"
"03/25/2025","AQS","510870014","1","23.4","ppb","22","MathScience Innovation Center","24","100.0000","42602","Nitrogen dioxide (NO2)","574","40060","Richmond, VA","51","Virginia","087","Henrico","37.556520000912","-77.40027"
"03/26/2025","AQS","510870014","1","10.7","ppb","9","MathScience Innovation Center","23","96.0000","42602","Nitrogen dioxide (NO2)","574","40060","Richmond, VA","51","Virginia","087","Henrico","37.556520000912","-77.40027"
"03/27/2025","AQS","510870014","1","23.2","ppb","22","MathScience Innovation Center","23","96.0000","42602","Nitrogen dioxide (NO2)","574","40060","Richmond, VA","51","Virginia","087","Henrico","37.556520000912","-77.40027"
"03/28/2025","AQS","510870014","1","16.4","ppb","15","MathScience Innovation Center","24","100.0000","42602","Nitrogen dioxide (NO2)","574","40060","Richmond, VA","51","Virginia","087","Henrico","37.556520000912","-77.40027"
"03/29/2025","AQS","510870014","1","5.9","ppb","5","MathScience Innovation Center","23","96.0000","42602","Nitrogen dioxide (NO2)","574","40060","Richmond, VA","51","Virginia","087","Henrico","37.556520000912","-77.40027"
"03/30/2025","AQS","510870014","1","3","ppb","3","MathScience Innovation Center","24","100.0000","42602","Nitrogen dioxide (NO2)","574","40060","Richmond, VA","51","Virginia","087","Henrico","37.556520000912","-77.40027"
"03/31/2025","AQS","510870014","1","4","ppb","4","MathScience Innovation Center","23","96.0000","42602","Nitrogen dioxide (NO2)","574","40060","Richmond, VA","51","Virginia","087","Henrico","37.556520000912","-77.40027"
"04/01/2025","AQS","510870014","1","3.9","ppb","3","MathScience Innovation Center","23","96.0000","42602","Nitrogen dioxide (NO2)","574","40060","Richmond, VA","51","Virginia","087","Henrico","37.556520000912","-77.40027"
"04/02/2025","AQS","510870014","1","11.6","ppb","10","MathScience Innovation Center","24","100.0000","42602","Nitrogen dioxide (NO2)","574","40060","Richmond, VA","51","Virginia","087","Henrico","37.556520000912","-77.40027"
"04/03/2025","AQS","510870014","1","5.1","ppb","5","MathScience Innovation Center","23","96.0000","42602","Nitrogen dioxide (NO2)","574","40060","Richmond, VA","51","Virginia","087","Henrico","37.556520000912","-77.40027"
"04/04/2025","AQS","510870014","1","4.6","ppb","4","MathScience Innovation Center","23","96.0000","42602","Nitrogen dioxide (NO2)","574","40060","Richmond, VA","51","Virginia","087","Henrico","37.556520000912","-77.40027"
"04/05/2025","AQS","510870014","1","4.7","ppb","4","MathScience Innovation Center","24","100.0000","42602","Nitrogen dioxide (NO2)","574","40060","Richmond, VA","51","Virginia","087","Henrico","37.556520000912","-77.40027"
"04/06/2025","AQS","510870014","1","3.8","ppb","3","MathScience Innovation Center","24","100.0000","42602","Nitrogen dioxide (NO2)","574","40060","Richmond, VA","51","Virginia","087","Henrico","37.556520000912","-77.40027"
"04/07/2025","AQS","510870014","1","5","ppb","5","MathScience Innovation Center","23","96.0000","42602","Nitrogen dioxide (NO2)","574","40060","Richmond, VA","51","Virginia","087","Henrico","37.556520000912","-77.40027"
"04/08/2025","AQS","510870014","1","6.7","ppb","6","MathScience Innovation Center","23","96.0000","42602","Nitrogen dioxide (NO2)","574","40060","Richmond, VA","51","Virginia","087","Henrico","37.556520000912","-77.40027"
"04/09/2025","AQS","510870014","1","12.5","ppb","11","MathScience Innovation Center","24","100.0000","42602","Nitrogen dioxide (NO2)","574","40060","Richmond, VA","51","Virginia","087","Henrico","37.556520000912","-77.40027"
"04/10/2025","AQS","510870014","1","11.9","ppb","10","MathScience Innovation Center","23","96.0000","42602","Nitrogen dioxide (NO2)","574","40060","Richmond, VA","51","Virginia","087","Henrico","37.556520000912","-77.40027"
"04/11/2025","AQS","510870014","1","4.3","ppb","4","MathScience Innovation Center","23","96.0000","42602","Nitrogen dioxide (NO2)","574","40060","Richmond, VA","51","Virginia","087","Henrico","37.556520000912","-77.40027"
"04/12/2025","AQS","510870014","1","3.2","ppb","3","MathScience Innovation Center","24","100.0000","42602","Nitrogen dioxide (NO2)","574","40060","Richmond, VA","51","Virginia","087","Henrico","37.556520000912","-77.40027"
"04/13/2025","AQS","510870014","1","13.1","ppb","12","MathScience Innovation Center","23","96.0000","42602","Nitrogen dioxide (NO2)","574","40060","Richmond, VA","51","Virginia","087","Henrico","37.556520000912","-77.40027"
"04/14/2025","AQS","510870014","1","14.7","ppb","13","MathScience Innovation Center","23","96.0000","42602","Nitrogen dioxide (NO2)","574","40060","Richmond, VA","51","Virginia","087","Henrico","37.556520000912","-77.40027"
"04/15/2025","AQS","510870014","1","10","ppb","9","MathScience Innovation Center","24","100.0000","42602","Nitrogen dioxide (NO2)","574","40060","Richmond, VA","51","Virginia","087","Henrico","37.556520000912","-77.40027"
"04/17/2025","AQS","510870014","1","17.3","ppb","16","MathScience Innovation Center","24","100.0000","42602","Nitrogen dioxide (NO2)","574","40060","Richmond, VA","51","Virginia","087","Henrico","37.556520000912","-77.40027"
"04/18/2025","AQS","510870014","1","10.5","ppb","9","MathScience Innovation Center","24","100.0000","42602","Nitrogen dioxide (NO2)","574","40060","Richmond, VA","51","Virginia","087","Henrico","37.556520000912","-77.40027"
"04/19/2025","AQS","510870014","1","5.8","ppb","5","MathScience Innovation Center","23","96.0000","42602","Nitrogen dioxide (NO2)","574","40060","Richmond, VA","51","Virginia","087","Henrico","37.556520000912","-77.40027"
"04/22/2025","AQS","510870014","1","12.8","ppb","11","MathScience Innovation Center","23","96.0000","42602","Nitrogen dioxide (NO2)","574","40060","Richmond, VA","51","Virginia","087","Henrico","37.556520000912","-77.40027"
"04/23/2025","AQS","510870014","1","6.1","ppb","6","MathScience Innovation Center","24","100.0000","42602","Nitrogen dioxide (NO2)","574","40060","Richmond, VA","51","Virginia","087","Henrico","37.556520000912","-77.40027"
"04/24/2025","AQS","510870014","1","13.6","ppb","12","MathScience Innovation Center","20","83.0000","42602","Nitrogen dioxide (NO2)","574","40060","Richmond, VA","51","Virginia","087","Henrico","37.556520000912","-77.40027"
"04/25/2025","AQS","510870014","1","13.6","ppb","12","MathScience Innovation Center","20","83.0000","42602","Nitrogen dioxide (NO2)","574","40060","Richmond, VA","51","Virginia","087","Henrico","37.556520000912","-77.40027"
"04/26/2025","AQS","510870014","1","3.9","ppb","3","MathScience Innovation Center","19","79.0000","42602","Nitrogen dioxide (NO2)","574","40060","Richmond, VA","51","Virginia","087","Henrico","37.556520000912","-77.40027"
"04/29/2025","AQS","510870014","1","7.8","ppb","7","MathScience Innovation Center","23","96.0000","42602","Nitrogen dioxide (NO2)","574","40060","Richmond, VA","51","Virginia","087","Henrico","37.556520000912","-77.40027"
"04/30/2025","AQS","510870014","1","10","ppb","9","MathScience Innovation Center","24","100.0000","42602","Nitrogen dioxide (NO2)","574","40060","Richmond, VA","51","Virginia","087","Henrico","37.556520000912","-77.40027"
"05/01/2025","AQS","510870014","1","12","ppb","11","MathScience Innovation Center","23","96.0000","42602","Nitrogen dioxide (NO2)","574","40060","Richmond, VA","51","Virginia","087","Henrico","37.556520000912","-77.40027"
"05/02/2025","AQS","510870014","1","6.6","ppb","6","MathScience Innovation Center","23","96.0000","42602","Nitrogen dioxide (NO2)","574","40060","Richmond, VA","51","Virginia","087","Henrico","37.556520000912","-77.40027"
"05/03/2025","AQS","510870014","1","4.3","ppb","4","MathScience Innovation Center","24","100.0000","42602","Nitrogen dioxide (NO2)","574","40060","Richmond, VA","51","Virginia","087","Henrico","37.556520000912","-77.40027"
"05/04/2025","AQS","510870014","1","6.9","ppb","6","MathScience Innovation Center","23","96.0000","42602","Nitrogen dioxide (NO2)","574","40060","Richmond, VA","51","Virginia","087","Henrico","37.556520000912","-77.40027"
"05/05/2025","AQS","510870014","1","7.5","ppb","7","MathScience Innovation Center","23","96.0000","42602","Nitrogen dioxide (NO2)","574","40060","Richmond, VA","51","Virginia","087","Henrico","37.556520000912","-77.40027"
"05/06/2025","AQS","510870014","1","16","ppb","15","MathScience Innovation Center","24","100.0000","42602","Nitrogen dioxide (NO2)","574","40060","Richmond, VA","51","Virginia","087","Henrico","37.556520000912","-77.40027"
"05/07/2025","AQS","510870014","1","15","ppb","14","MathScience Innovation Center","23","96.0000","42602","Nitrogen dioxide (NO2)","574","40060","Richmond, VA","51","Virginia","087","Henrico","37.556520000912","-77.40027"
"05/08/2025","AQS","510870014","1","10.8","ppb","9","MathScience Innovation Center","23","96.0000","42602","Nitrogen dioxide (NO2)","574","40060","Richmond, VA","51","Virginia","087","Henrico","37.556520000912","-77.40027"
"05/09/2025","AQS","510870014","1","9.5","ppb","8","MathScience Innovation Center","24","100.0000","42602","Nitrogen dioxide (NO2)","574","40060","Richmond, VA","51","Virginia","087","Henrico","37.556520000912","-77.40027"
"05/10/2025","AQS","510870014","1","12","ppb","11","MathScience Innovation Center","23","96.0000","42602","Nitrogen dioxide (NO2)","574","40060","Richmond, VA","51","Virginia","087","Henrico","37.556520000912","-77.40027"
"05/11/2025","AQS","510870014","1","13.6","ppb","12","MathScience Innovation Center","24","100.0000","42602","Nitrogen dioxide (NO2)","574","40060","Richmond, VA","51","Virginia","087","Henrico","37.556520000912","-77.40027"
"05/12/2025","AQS","510870014","1","10.4","ppb","9","MathScience Innovation Center","23","96.0000","42602","Nitrogen dioxide (NO2)","574","40060","Richmond, VA","51","Virginia","087","Henrico","37.556520000912","-77.40027"
"05/13/2025","AQS","510870014","1","3.3","ppb","3","MathScience Innovation Center","21","88.0000","42602","Nitrogen dioxide (NO2)","574","40060","Richmond, VA","51","Virginia","087","Henrico","37.556520000912","-77.40027"
"05/14/2025","AQS","510870014","1","8.3","ppb","8","MathScience Innovation Center","24","100.0000","42602","Nitrogen dioxide (NO2)","574","40060","Richmond, VA","51","Virginia","087","Henrico","37.556520000912","-77.40027"
"05/15/2025","AQS","510870014","1","9.5","ppb","8","MathScience Innovation Center","23","96.0000","42602","Nitrogen dioxide (NO2)","574","40060","Richmond, VA","51","Virginia","087","Henrico","37.556520000912","-77.40027"
"05/16/2025","AQS","510870014","1","9.6","ppb","8","MathScience Innovation Center","23","96.0000","42602","Nitrogen dioxide (NO2)","574","40060","Richmond, VA","51","Virginia","087","Henrico","37.556520000912","-77.40027"
"05/17/2025","AQS","510870014","1","5.1","ppb","5","MathScience Innovation Center","24","100.0000","42602","Nitrogen dioxide (NO2)","574","40060","Richmond, VA","51","Virginia","087","Henrico","37.556520000912","-77.40027"
"05/18/2025","AQS","510870014","1","11.9","ppb","10","MathScience Innovation Center","24","100.0000","42602","Nitrogen dioxide (NO2)","574","40060","Richmond, VA","51","Virginia","087","Henrico","37.556520000912","-77.40027"
"05/19/2025","AQS","510870014","1","7.5","ppb","7","MathScience Innovation Center","23","96.0000","42602","Nitrogen dioxide (NO2)","574","40060","Richmond, VA","51","Virginia","087","Henrico","37.556520000912","-77.40027"
"05/20/2025","AQS","510870014","1","6.3","ppb","6","MathScience Innovation Center","19","79.0000","42602","Nitrogen dioxide (NO2)","574","40060","Richmond, VA","51","Virginia","087","Henrico","37.556520000912","-77.40027"
"05/21/2025","AQS","510870014","1","2.8","ppb","2","MathScience Innovation Center","24","100.0000","42602","Nitrogen dioxide (NO2)","574","40060","Richmond, VA","51","Virginia","087","Henrico","37.556520000912","-77.40027"
"05/22/2025","AQS","510870014","1","10.4","ppb","9","MathScience Innovation Center","23","96.0000","42602","Nitrogen dioxide (NO2)","574","40060","Richmond, VA","51","Virginia","087","Henrico","37.556520000912","-77.40027"
"05/23/2025","AQS","510870014","1","5.2","ppb","5","MathScience Innovation Center","24","100.0000","42602","Nitrogen dioxide (NO2)","574","40060","Richmond, VA","51","Virginia","087","Henrico","37.556520000912","-77.40027"
"05/24/2025","AQS","510870014","1","7","ppb","7","MathScience Innovation Center","24","100.0000","42602","Nitrogen dioxide (NO2)","574","40060","Richmond, VA","51","Virginia","087","Henrico","37.556520000912","-77.40027"
"05/25/2025","AQS","510870014","1","12.5","ppb","11","MathScience Innovation Center","23","96.0000","42602","Nitrogen dioxide (NO2)","574","40060","Richmond, VA","51","Virginia","087","Henrico","37.556520000912","-77.40027"
"05/26/2025","AQS","510870014","1","10.5","ppb","9","MathScience Innovation Center","24","100.0000","42602","Nitrogen dioxide (NO2)","574","40060","Richmond, VA","51","Virginia","087","Henrico","37.556520000912","-77.40027"
"05/27/2025","AQS","510870014","1","11","ppb","10","MathScience Innovation Center","24","100.0000","42602","Nitrogen dioxide (NO2)","574","40060","Richmond, VA","51","Virginia","087","Henrico","37.556520000912","-77.40027"
"05/28/2025","AQS","510870014","1","4.1","ppb","4","MathScience Innovation Center","23","96.0000","42602","Nitrogen dioxide (NO2)","574","40060","Richmond, VA","51","Virginia","087","Henrico","37.556520000912","-77.40027"
"05/29/2025","AQS","510870014","1","8.8","ppb","8","MathScience Innovation Center","24","100.0000","42602","Nitrogen dioxide (NO2)","574","40060","Richmond, VA","51","Virginia","087","Henrico","37.556520000912","-77.40027"
"05/30/2025","AQS","510870014","1","6.9","ppb","6","MathScience Innovation Center","24","100.0000","42602","Nitrogen dioxide (NO2)","574","40060","Richmond, VA","51","Virginia","087","Henrico","37.556520000912","-77.40027"
"05/31/2025","AQS","510870014","1","3.9","ppb","3","MathScience Innovation Center","23","96.0000","42602","Nitrogen dioxide (NO2)","574","40060","Richmond, VA","51","Virginia","087","Henrico","37.556520000912","-77.40027"
"06/01/2025","AQS","510870014","1","7.9","ppb","7","MathScience Innovation Center","24","100.0000","42602","Nitrogen dioxide (NO2)","574","40060","Richmond, VA","51","Virginia","087","Henrico","37.556520000912","-77.40027"
"06/02/2025","AQS","510870014","1","14.3","ppb","13","MathScience Innovation Center","23","96.0000","42602","Nitrogen dioxide (NO2)","574","40060","Richmond, VA","51","Virginia","087","Henrico","37.556520000912","-77.40027"
"06/03/2025","AQS","510870014","1","17.8","ppb","16","MathScience Innovation Center","18","75.0000","42602","Nitrogen dioxide (NO2)","574","40060","Richmond, VA","51","Virginia","087","Henrico","37.556520000912","-77.40027"
"06/04/2025","AQS","510870014","1","9.6","ppb","8","MathScience Innovation Center","24","100.0000","42602","Nitrogen dioxide (NO2)","574","40060","Richmond, VA","51","Virginia","087","Henrico","37.556520000912","-77.40027"
"06/05/2025","AQS","510870014","1","11.7","ppb","10","MathScience Innovation Center","23","96.0000","42602","Nitrogen dioxide (NO2)","574","40060","Richmond, VA","51","Virginia","087","Henrico","37.556520000912","-77.40027"
"06/06/2025","AQS","510870014","1","12.9","ppb","11","MathScience Innovation Center","23","96.0000","42602","Nitrogen dioxide (NO2)","574","40060","Richmond, VA","51","Virginia","087","Henrico","37.556520000912","-77.40027"
"06/07/2025","AQS","510870014","1","7.5","ppb","7","MathScience Innovation Center","24","100.0000","42602","Nitrogen dioxide (NO2)","574","40060","Richmond, VA","51","Virginia","087","Henrico","37.556520000912","-77.40027"
"06/08/2025","AQS","510870014","1","7","ppb","7","MathScience Innovation Center","24","100.0000","42602","Nitrogen dioxide (NO2)","574","40060","Richmond, VA","51","Virginia","087","Henrico","37.556520000912","-77.40027"
"06/09/2025","AQS","510870014","1","8.3","ppb","8","MathScience Innovation Center","23","96.0000","42602","Nitrogen dioxide (NO2)","574","40060","Richmond, VA","51","Virginia","087","Henrico","37.556520000912","-77.40027"
"06/10/2025","AQS","510870014","1","7.1","ppb","7","MathScience Innovation Center","24","100.0000","42602","Nitrogen dioxide (NO2)","574","40060","Richmond, VA","51","Virginia","087","Henrico","37.556520000912","-77.40027"
"06/11/2025","AQS","510870014","1","9","ppb","8","MathScience Innovation Center","24","100.0000","42602","Nitrogen dioxide (NO2)","574","40060","Richmond, VA","51","Virginia","087","Henrico","37.556520000912","-77.40027"
"06/12/2025","AQS","510870014","1","11.1","ppb","10","MathScience Innovation Center","23","96.0000","42602","Nitrogen dioxide (NO2)","574","40060","Richmond, VA","51","Virginia","087","Henrico","37.556520000912","-77.40027"
"06/13/2025","AQS","510870014","1","11.5","ppb","10","MathScience Innovation Center","24","100.0000","42602","Nitrogen dioxide (NO2)","574","40060","Richmond, VA","51","Virginia","087","Henrico","37.556520000912","-77.40027"
"06/14/2025","AQS","510870014","1","5.1","ppb","5","MathScience Innovation Center","24","100.0000","42602","Nitrogen dioxide (NO2)","574","40060","Richmond, VA","51","Virginia","087","Henrico","37.556520000912","-77.40027"
"06/15/2025","AQS","510870014","1","4.8","ppb","4","MathScience Innovation Center","23","96.0000","42602","Nitrogen dioxide (NO2)","574","40060","Richmond, VA","51","Virginia","087","Henrico","37.556520000912","-77.40027"
"06/16/2025","AQS","510870014","1","1.8","ppb","1","MathScience Innovation Center","22","92.0000","42602","Nitrogen dioxide (NO2)","574","40060","Richmond, VA","51","Virginia","087","Henrico","37.556520000912","-77.40027"
"06/17/2025","AQS","510870014","1","7","ppb","7","MathScience Innovation Center","24","100.0000","42602","Nitrogen dioxide (NO2)","574","40060","Richmond, VA","51","Virginia","087","Henrico","37.556520000912","-77.40027"
"06/18/2025","AQS","510870014","1","8.4","ppb","8","MathScience Innovation Center","23","96.0000","42602","Nitrogen dioxide (NO2)","574","40060","Richmond, VA","51","Virginia","087","Henrico","37.556520000912","-77.40027"
"06/19/2025","AQS","510870014","1","5.1","ppb","5","MathScience Innovation Center","24","100.0000","42602","Nitrogen dioxide (NO2)","574","40060","Richmond, VA","51","Virginia","087","Henrico","37.556520000912","-77.40027"
"06/20/2025","AQS","510870014","1","11.3","ppb","10","MathScience Innovation Center","23","96.0000","42602","Nitrogen dioxide (NO2)","574","40060","Richmond, VA","51","Virginia","087","Henrico","37.556520000912","-77.40027"
"06/21/2025","AQS","510870014","1","10.8","ppb","9","MathScience Innovation Center","23","96.0000","42602","Nitrogen dioxide (NO2)","574","40060","Richmond, VA","51","Virginia","087","Henrico","37.556520000912","-77.40027"
"06/22/2025","AQS","510870014","1","6","ppb","6","MathScience Innovation Center","24","100.0000","42602","Nitrogen dioxide (NO2)","574","40060","Richmond, VA","51","Virginia","087","Henrico","37.556520000912","-77.40027"
"06/23/2025","AQS","510870014","1","15.1","ppb","14","MathScience Innovation Center","23","96.0000","42602","Nitrogen dioxide (NO2)","574","40060","Richmond, VA","51","Virginia","087","Henrico","37.556520000912","-77.40027"
"06/28/2025","AQS","510870014","1","5.1","ppb","5","MathScience Innovation Center","24","100.0000","42602","Nitrogen dioxide (NO2)","574","40060","Richmond, VA","51","Virginia","087","Henrico","37.556520000912","-77.40027"
"06/29/2025","AQS","510870014","1","4.9","ppb","4","MathScience Innovation Center","24","100.0000","42602","Nitrogen dioxide (NO2)","574","40060","Richmond, VA","51","Virginia","087","Henrico","37.556520000912","-77.40027"
"06/30/2025","AQS","510870014","1","11.9","ppb","10","MathScience Innovation Center","23","96.0000","42602","Nitrogen dioxide (NO2)","574","40060","Richmond, VA","51","Virginia","087","Henrico","37.556520000912","-77.40027"
"01/01/2025","AQS","510870014","2","6.8","ppb","6","MathScience Innovation Center","23","96.0000","42602","Nitrogen dioxide (NO2)","212","40060","Richmond, VA","51","Virginia","087","Henrico","37.556520000912","-77.40027"
"01/02/2025","AQS","510870014","2","14.1","ppb","13","MathScience Innovation Center","24","100.0000","42602","Nitrogen dioxide (NO2)","212","40060","Richmond, VA","51","Virginia","087","Henrico","37.556520000912","-77.40027"
"01/03/2025","AQS","510870014","2","15.3","ppb","14","MathScience Innovation Center","23","96.0000","42602","Nitrogen dioxide (NO2)","212","40060","Richmond, VA","51","Virginia","087","Henrico","37.556520000912","-77.40027"
"01/04/2025","AQS","510870014","2","29.2","ppb","27","MathScience Innovation Center","23","96.0000","42602","Nitrogen dioxide (NO2)","212","40060","Richmond, VA","51","Virginia","087","Henrico","37.556520000912","-77.40027"
"01/05/2025","AQS","510870014","2","27.2","ppb","25","MathScience Innovation Center","24","100.0000","42602","Nitrogen dioxide (NO2)","212","40060","Richmond, VA","51","Virginia","087","Henrico","37.556520000912","-77.40027"
"01/06/2025","AQS","510870014","2","9.9","ppb","8","MathScience Innovation Center","24","100.0000","42602","Nitrogen dioxide (NO2)","212","40060","Richmond, VA","51","Virginia","087","Henrico","37.556520000912","-77.40027"
"01/07/2025","AQS","510870014","2","23.9","ppb","22","MathScience Innovation Center","22","92.0000","42602","Nitrogen dioxide (NO2)","212","40060","Richmond, VA","51","Virginia","087","Henrico","37.556520000912","-77.40027"
"01/08/2025","AQS","510870014","2","23.3","ppb","22","MathScience Innovation Center","24","100.0000","42602","Nitrogen dioxide (NO2)","212","40060","Richmond, VA","51","Virginia","087","Henrico","37.556520000912","-77.40027"
"01/09/2025","AQS","510870014","2","20.8","ppb","19","MathScience Innovation Center","24","100.0000","42602","Nitrogen dioxide (NO2)","212","40060","Richmond, VA","51","Virginia","087","Henrico","37.556520000912","-77.40027"
"01/10/2025","AQS","510870014","2","35.2","ppb","33","MathScience Innovation Center","23","96.0000","42602","Nitrogen dioxide (NO2)","212","40060","Richmond, VA","51","Virginia","087","Henrico","37.556520000912","-77.40027"
"01/11/2025","AQS","510870014","2","18.8","ppb","17","MathScience Innovation Center","24","100.0000","42602","Nitrogen dioxide (NO2)","212","40060","Richmond, VA","51","Virginia","087","Henrico","37.556520000912","-77.40027"
"01/12/2025","AQS","510870014","2","29.4","ppb","27","MathScience Innovation Center","24","100.0000","42602","Nitrogen dioxide (NO2)","212","40060","Richmond, VA","51","Virginia","087","Henrico","37.556520000912","-77.40027"
"01/13/2025","AQS","510870014","2","28","ppb","26","MathScience Innovation Center","23","96.0000","42602","Nitrogen dioxide (NO2)","212","40060","Richmond, VA","51","Virginia","087","Henrico","37.556520000912","-77.40027"
"01/14/2025","AQS","510870014","2","19.8","ppb","18","MathScience Innovation Center","23","96.0000","42602","Nitrogen dioxide (NO2)","212","40060","Richmond, VA","51","Virginia","087","Henrico","37.556520000912","-77.40027"
"01/15/2025","AQS","510870014","2","29.3","ppb","27","MathScience Innovation Center","24","100.0000","42602","Nitrogen dioxide (NO2)","212","40060","Richmond, VA","51","Virginia","087","Henrico","37.556520000912","-77.40027"
"01/16/2025","AQS","510870014","2","30.5","ppb","28","MathScience Innovation Center","23","96.0000","42602","Nitrogen dioxide (NO2)","212","40060","Richmond, VA","51","Virginia","087","Henrico","37.556520000912","-77.40027"
"01/17/2025","AQS","510870014","2","29.9","ppb","27","MathScience Innovation Center","23","96.0000","42602","Nitrogen dioxide (NO2)","212","40060","Richmond, VA","51","Virginia","087","Henrico","37.556520000912","-77.40027"
"01/18/2025","AQS","510870014","2","28","ppb","26","MathScience Innovation Center","24","100.0000","42602","Nitrogen dioxide (NO2)","212","40060","Richmond, VA","51","Virginia","087","Henrico","37.556520000912","-77.40027"
"01/19/2025","AQS","510870014","2","21.7","ppb","20","MathScience Innovation Center","23","96.0000","42602","Nitrogen dioxide (NO2)","212","40060","Richmond, VA","51","Virginia","087","Henrico","37.556520000912","-77.40027"
"01/20/2025","AQS","510870014","2","18","ppb","17","MathScience Innovation Center","24","100.0000","42602","Nitrogen dioxide (NO2)","212","40060","Richmond, VA","51","Virginia","087","Henrico","37.556520000912","-77.40027"
"01/21/2025","AQS","510870014","2","10.9","ppb","9","MathScience Innovation Center","23","96.0000","42602","Nitrogen dioxide (NO2)","212","40060","Richmond, VA","51","Virginia","087","Henrico","37.556520000912","-77.40027"
"01/22/2025","AQS","510870014","2","10.9","ppb","9","MathScience Innovation Center","23","96.0000","42602","Nitrogen dioxide (NO2)","212","40060","Richmond, VA","51","Virginia","087","Henrico","37.556520000912","-77.40027"
"01/23/2025","AQS","510870014","2","34.4","ppb","32","MathScience Innovation Center","23","96.0000","42602","Nitrogen dioxide (NO2)","212","40060","Richmond, VA","51","Virginia","087","Henrico","37.556520000912","-77.40027"
"01/24/2025","AQS","510870014","2","35","ppb","33","MathScience Innovation Center","24","100.0000","42602","Nitrogen dioxide (NO2)","212","40060","Richmond, VA","51","Virginia","087","Henrico","37.556520000912","-77.40027"
"01/25/2025","AQS","510870014","2","23.5","ppb","22","MathScience Innovation Center","23","96.0000","42602","Nitrogen dioxide (NO2)","212","40060","Richmond, VA","51","Virginia","087","Henrico","37.556520000912","-77.40027"
"01/26/2025","AQS","510870014","2","32.6","ppb","30","MathScience Innovation Center","24","100.0000","42602","Nitrogen dioxide (NO2)","212","40060","Richmond, VA","51","Virginia","087","Henrico","37.556520000912","-77.40027"
"01/27/2025","AQS","510870014","2","28.6","ppb","26","MathScience Innovation Center","23","96.0000","42602","Nitrogen dioxide (NO2)","212","40060","Richmond, VA","51","Virginia","087","Henrico","37.556520000912","-77.40027"
"01/28/2025","AQS","510870014","2","17.6","ppb","16","MathScience Innovation Center","23","96.0000","42602","Nitrogen dioxide (NO2)","212","40060","Richmond, VA","51","Virginia","087","Henrico","37.556520000912","-77.40027"
"01/29/2025","AQS","510870014","2","16.3","ppb","15","MathScience Innovation Center","24","100.0000","42602","Nitrogen dioxide (NO2)","212","40060","Richmond, VA","51","Virginia","087","Henrico","37.556520000912","-77.40027"
"01/30/2025","AQS","510870014","2","28.6","ppb","26","MathScience Innovation Center","23","96.0000","42602","Nitrogen dioxide (NO2)","212","40060","Richmond, VA","51","Virginia","087","Henrico","37.556520000912","-77.40027"
"01/31/2025","AQS","510870014","2","19.5","ppb","18","MathScience Innovation Center","23","96.0000","42602","Nitrogen dioxide (NO2)","212","40060","Richmond, VA","51","Virginia","087","Henrico","37.556520000912","-77.40027"
"02/01/2025","AQS","510870014","2","10.5","ppb","9","MathScience Innovation Center","24","100.0000","42602","Nitrogen dioxide (NO2)","212","40060","Richmond, VA","51","Virginia","087","Henrico","37.556520000912","-77.40027"
"02/02/2025","AQS","510870014","2","9.3","ppb","8","MathScience Innovation Center","24","100.0000","42602","Nitrogen dioxide (NO2)","212","40060","Richmond, VA","51","Virginia","087","Henrico","37.556520000912","-77.40027"
"02/03/2025","AQS","510870014","2","19.7","ppb","18","MathScience Innovation Center","22","92.0000","42602","Nitrogen dioxide (NO2)","212","40060","Richmond, VA","51","Virginia","087","Henrico","37.556520000912","-77.40027"
"02/04/2025","AQS","510870014","2","13.3","ppb","12","MathScience Innovation Center","24","100.0000","42602","Nitrogen dioxide (NO2)","212","40060","Richmond, VA","51","Virginia","087","Henrico","37.556520000912","-77.40027"
"02/05/2025","AQS","510870014","2","7.3","ppb","7","MathScience Innovation Center","24","100.0000","42602","Nitrogen dioxide (NO2)","212","40060","Richmond, VA","51","Virginia","087","Henrico","37.556520000912","-77.40027"
"02/06/2025","AQS","510870014","2","18.8","ppb","17","MathScience Innovation Center","22","92.0000","42602","Nitrogen dioxide (NO2)","212","40060","Richmond, VA","51","Virginia","087","Henrico","37.556520000912","-77.40027"
"02/07/2025","AQS","510870014","2","11.6","ppb","10","MathScience Innovation Center","24","100.0000","42602","Nitrogen dioxide (NO2)","212","40060","Richmond, VA","51","Virginia","087","Henrico","37.556520000912","-77.40027"
"02/08/2025","AQS","510870014","2","10.3","ppb","9","MathScience Innovation Center","24","100.0000","42602","Nitrogen dioxide (NO2)","212","40060","Richmond, VA","51","Virginia","087","Henrico","37.556520000912","-77.40027"
"02/09/2025","AQS","510870014","2","7.3","ppb","7","MathScience Innovation Center","23","96.0000","42602","Nitrogen dioxide (NO2)","212","40060","Richmond, VA","51","Virginia","087","Henrico","37.556520000912","-77.40027"
"02/10/2025","AQS","510870014","2","19.6","ppb","18","MathScience Innovation Center","23","96.0000","42602","Nitrogen dioxide (NO2)","212","40060","Richmond, VA","51","Virginia","087","Henrico","37.556520000912","-77.40027"
"02/11/2025","AQS","510870014","2","21.7","ppb","20","MathScience Innovation Center","24","100.0000","42602","Nitrogen dioxide (NO2)","212","40060","Richmond, VA","51","Virginia","087","Henrico","37.556520000912","-77.40027"
"02/12/2025","AQS","510870014","2","9.9","ppb","8","MathScience Innovation Center","23","96.0000","42602","Nitrogen dioxide (NO2)","212","40060","Richmond, VA","51","Virginia","087","Henrico","37.556520000912","-77.40027"
"02/13/2025","AQS","510870014","2","19.5","ppb","18","MathScience Innovation Center","23","96.0000","42602","Nitrogen dioxide (NO2)","212","40060","Richmond, VA","51","Virginia","087","Henrico","37.556520000912","-77.40027"
"02/14/2025","AQS","510870014","2","26.3","ppb","25","MathScience Innovation Center","24","100.0000","42602","Nitrogen dioxide (NO2)","212","40060","Richmond, VA","51","Virginia","087","Henrico","37.556520000912","-77.40027"
"02/15/2025","AQS","510870014","2","22.9","ppb","21","MathScience Innovation Center","23","96.0000","42602","Nitrogen dioxide (NO2)","212","40060","Richmond, VA","51","Virginia","087","Henrico","37.556520000912","-77.40027"
"02/16/2025","AQS","510870014","2","10.4","ppb","9","MathScience Innovation Center","24","100.0000","42602","Nitrogen dioxide (NO2)","212","40060","Richmond, VA","51","Virginia","087","Henrico","37.556520000912","-77.40027"
"02/17/2025","AQS","510870014","2","10.8","ppb","9","MathScience Innovation Center","24","100.0000","42602","Nitrogen dioxide (NO2)","212","40060","Richmond, VA","51","Virginia","087","Henrico","37.556520000912","-77.40027"
"02/18/2025","AQS","510870014","2","16.7","ppb","15","MathScience Innovation Center","23","96.0000","42602","Nitrogen dioxide (NO2)","212","40060","Richmond, VA","51","Virginia","087","Henrico","37.556520000912","-77.40027"
"02/19/2025","AQS","510870014","2","9.9","ppb","8","MathScience Innovation Center","24","100.0000","42602","Nitrogen dioxide (NO2)","212","40060","Richmond, VA","51","Virginia","087","Henrico","37.556520000912","-77.40027"
"02/20/2025","AQS","510870014","2","12","ppb","11","MathScience Innovation Center","23","96.0000","42602","Nitrogen dioxide (NO2)","212","40060","Richmond, VA","51","Virginia","087","Henrico","37.556520000912","-77.40027"
"02/21/2025","AQS","510870014","2","25.3","ppb","24","MathScience Innovation Center","23","96.0000","42602","Nitrogen dioxide (NO2)","212","40060","Richmond, VA","51","Virginia","087","Henrico","37.556520000912","-77.40027"
"02/22/2025","AQS","510870014","2","26.5","ppb","25","MathScience Innovation Center","24","100.0000","42602","Nitrogen dioxide (NO2)","212","40060","Richmond, VA","51","Virginia","087","Henrico","37.556520000912","-77.40027"
"02/23/2025","AQS","510870014","2","27.4","ppb","25","MathScience Innovation Center","24","100.0000","42602","Nitrogen dioxide (NO2)","212","40060","Richmond, VA","51","Virginia","087","Henrico","37.556520000912","-77.40027"
"02/24/2025","AQS","510870014","2","35.3","ppb","33","MathScience Innovation Center","23","96.0000","42602","Nitrogen dioxide (NO2)","212","40060","Richmond, VA","51","Virginia","087","Henrico","37.556520000912","-77.40027"
"02/25/2025","AQS","510870014","2","34.8","ppb","32","MathScience Innovation Center","23","96.0000","42602","Nitrogen dioxide (NO2)","212","40060","Richmond, VA","51","Virginia","087","Henrico","37.556520000912","-77.40027"
"02/26/2025","AQS","510870014","2","32.2","ppb","30","MathScience Innovation Center","24","100.0000","42602","Nitrogen dioxide (NO2)","212","40060","Richmond, VA","51","Virginia","087","Henrico","37.556520000912","-77.40027"
"02/27/2025","AQS","510870014","2","24.2","ppb","23","MathScience Innovation Center","23","96.0000","42602","Nitrogen dioxide (NO2)","212","40060","Richmond, VA","51","Virginia","087","Henrico","37.556520000912","-77.40027"
"02/28/2025","AQS","510870014","2","22.4","ppb","21","MathScience Innovation Center","23","96.0000","42602","Nitrogen dioxide (NO2)","212","40060","Richmond, VA","51","Virginia","087","Henrico","37.556520000912","-77.40027"
"03/01/2025","AQS","510870014","2","9.1","ppb","8","MathScience Innovation Center","24","100.0000","42602","Nitrogen dioxide (NO2)","212","40060","Richmond, VA","51","Virginia","087","Henrico","37.556520000912","-77.40027"
"03/02/2025","AQS","510870014","2","10.5","ppb","9","MathScience Innovation Center","23","96.0000","42602","Nitrogen dioxide (NO2)","212","40060","Richmond, VA","51","Virginia","087","Henrico","37.556520000912","-77.40027"
"03/03/2025","AQS","510870014","2","19.4","ppb","18","MathScience Innovation Center","23","96.0000","42602","Nitrogen dioxide (NO2)","212","40060","Richmond, VA","51","Virginia","087","Henrico","37.556520000912","-77.40027"
"03/04/2025","AQS","510870014","2","12.8","ppb","11","MathScience Innovation Center","24","100.0000","42602","Nitrogen dioxide (NO2)","212","40060","Richmond, VA","51","Virginia","087","Henrico","37.556520000912","-77.40027"
"03/05/2025","AQS","510870014","2","5.6","ppb","5","MathScience Innovation Center","23","96.0000","42602","Nitrogen dioxide (NO2)","212","40060","Richmond, VA","51","Virginia","087","Henrico","37.556520000912","-77.40027"
"03/06/2025","AQS","510870014","2","8","ppb","8","MathScience Innovation Center","24","100.0000","42602","Nitrogen dioxide (NO2)","212","40060","Richmond, VA","51","Virginia","087","Henrico","37.556520000912","-77.40027"
"03/07/2025","AQS","510870014","2","14.6","ppb","13","MathScience Innovation Center","23","96.0000","42602","Nitrogen dioxide (NO2)","212","40060","Richmond, VA","51","Virginia","087","Henrico","37.556520000912","-77.40027"
"03/08/2025","AQS","510870014","2","14.2","ppb","13","MathScience Innovation Center","23","96.0000","42602","Nitrogen dioxide (NO2)","212","40060","Richmond, VA","51","Virginia","087","Henrico","37.556520000912","-77.40027"
"03/09/2025","AQS","510870014","2","21.8","ppb","20","MathScience Innovation Center","24","100.0000","42602","Nitrogen dioxide (NO2)","212","40060","Richmond, VA","51","Virginia","087","Henrico","37.556520000912","-77.40027"
"03/10/2025","AQS","510870014","2","25.1","ppb","24","MathScience Innovation Center","23","96.0000","42602","Nitrogen dioxide (NO2)","212","40060","Richmond, VA","51","Virginia","087","Henrico","37.556520000912","-77.40027"
"03/11/2025","AQS","510870014","2","31.5","ppb","29","MathScience Innovation Center","23","96.0000","42602","Nitrogen dioxide (NO2)","212","40060","Richmond, VA","51","Virginia","087","Henrico","37.556520000912","-77.40027"
"03/12/2025","AQS","510870014","2","27.2","ppb","25","MathScience Innovation Center","24","100.0000","42602","Nitrogen dioxide (NO2)","212","40060","Richmond, VA","51","Virginia","087","Henrico","37.556520000912","-77.40027"
"03/13/2025","AQS","510870014","2","8.1","ppb","8","MathScience Innovation Center","23","96.0000","42602","Nitrogen dioxide (NO2)","212","40060","Richmond, VA","51","Virginia","087","Henrico","37.556520000912","-77.40027"
"03/14/2025","AQS","510870014","2","3.7","ppb","3","MathScience Innovation Center","23","96.0000","42602","Nitrogen dioxide (NO2)","212","40060","Richmond, VA","51","Virginia","087","Henrico","37.556520000912","-77.40027"
"03/15/2025","AQS","510870014","2","6.6","ppb","6","MathScience Innovation Center","24","100.0000","42602","Nitrogen dioxide (NO2)","212","40060","Richmond, VA","51","Virginia","087","Henrico","37.556520000912","-77.40027"
"03/16/2025","AQS","510870014","2","4.8","ppb","4","MathScience Innovation Center","24","100.0000","42602","Nitrogen dioxide (NO2)","212","40060","Richmond, VA","51","Virginia","087","Henrico","37.556520000912","-77.40027"
"03/17/2025","AQS","510870014","2","5.1","ppb","5","MathScience Innovation Center","23","96.0000","42602","Nitrogen dioxide (NO2)","212","40060","Richmond, VA","51","Virginia","087","Henrico","37.556520000912","-77.40027"
"03/18/2025","AQS","510870014","2","20.3","ppb","19","MathScience Innovation Center","22","92.0000","42602","Nitrogen dioxide (NO2)","212","40060","Richmond, VA","51","Virginia","087","Henrico","37.556520000912","-77.40027"
"03/19/2025","AQS","510870014","2","25","ppb","24","MathScience Innovation Center","19","79.0000","42602","Nitrogen dioxide (NO2)","212","40060","Richmond, VA","51","Virginia","087","Henrico","37.556520000912","-77.40027"
"03/20/2025","AQS","510870014","2","10.5","ppb","9","MathScience Innovation Center","23","96.0000","42602","Nitrogen dioxide (NO2)","212","40060","Richmond, VA","51","Virginia","087","Henrico","37.556520000912","-77.40027"
"03/21/2025","AQS","510870014","2","14.5","ppb","13","MathScience Innovation Center","24","100.0000","42602","Nitrogen dioxide (NO2)","212","40060","Richmond, VA","51","Virginia","087","Henrico","37.556520000912","-77.40027"
"03/22/2025","AQS","510870014","2","14.6","ppb","13","MathScience Innovation Center","24","100.0000","42602","Nitrogen dioxide (NO2)","212","40060","Richmond, VA","51","Virginia","087","Henrico","37.556520000912","-77.40027"
"03/23/2025","AQS","510870014","2","8.1","ppb","8","MathScience Innovation Center","23","96.0000","42602","Nitrogen dioxide (NO2)","212","40060","Richmond, VA","51","Virginia","087","Henrico","37.556520000912","-77.40027"
"03/24/2025","AQS","510870014","2","12.4","ppb","11","MathScience Innovation Center","23","96.0000","42602","Nitrogen dioxide (NO2)","212","40060","Richmond, VA","51","Virginia","087","Henrico","37.556520000912","-77.40027"
"03/25/2025","AQS","510870014","2","24.3","ppb","23","MathScience Innovation Center","24","100.0000","42602","Nitrogen dioxide (NO2)","212","40060","Richmond, VA","51","Virginia","087","Henrico","37.556520000912","-77.40027"
"03/26/2025","AQS","510870014","2","11.4","ppb","10","MathScience Innovation Center","23","96.0000","42602","Nitrogen dioxide (NO2)","212","40060","Richmond, VA","51","Virginia","087","Henrico","37.556520000912","-77.40027"
"03/27/2025","AQS","510870014","2","23.6","ppb","22","MathScience Innovation Center","23","96.0000","42602","Nitrogen dioxide (NO2)","212","40060","Richmond, VA","51","Virginia","087","Henrico","37.556520000912","-77.40027"
"03/28/2025","AQS","510870014","2","17.1","ppb","16","MathScience Innovation Center","24","100.0000","42602","Nitrogen dioxide (NO2)","212","40060","Richmond, VA","51","Virginia","087","Henrico","37.556520000912","-77.40027"
"03/29/2025","AQS","510870014","2","6.9","ppb","6","MathScience Innovation Center","23","96.0000","42602","Nitrogen dioxide (NO2)","212","40060","Richmond, VA","51","Virginia","087","Henrico","37.556520000912","-77.40027"
"03/30/2025","AQS","510870014","2","3.8","ppb","3","MathScience Innovation Center","24","100.0000","42602","Nitrogen dioxide (NO2)","212","40060","Richmond, VA","51","Virginia","087","Henrico","37.556520000912","-77.40027"
"03/31/2025","AQS","510870014","2","4.9","ppb","4","MathScience Innovation Center","23","96.0000","42602","Nitrogen dioxide (NO2)","212","40060","Richmond, VA","51","Virginia","087","Henrico","37.556520000912","-77.40027"
"04/01/2025","AQS","510870014","2","4.3","ppb","4","MathScience Innovation Center","23","96.0000","42602","Nitrogen dioxide (NO2)","212","40060","Richmond, VA","51","Virginia","087","Henrico","37.556520000912","-77.40027"
"04/02/2025","AQS","510870014","2","12.2","ppb","11","MathScience Innovation Center","24","100.0000","42602","Nitrogen dioxide (NO2)","212","40060","Richmond, VA","51","Virginia","087","Henrico","37.556520000912","-77.40027"
"04/03/2025","AQS","510870014","2","6.1","ppb","6","MathScience Innovation Center","23","96.0000","42602","Nitrogen dioxide (NO2)","212","40060","Richmond, VA","51","Virginia","087","Henrico","37.556520000912","-77.40027"
"04/04/2025","AQS","510870014","2","5.5","ppb","5","MathScience Innovation Center","23","96.0000","42602","Nitrogen dioxide (NO2)","212","40060","Richmond, VA","51","Virginia","087","Henrico","37.556520000912","-77.40027"
"04/05/2025","AQS","510870014","2","5.2","ppb","5","MathScience Innovation Center","24","100.0000","42602","Nitrogen dioxide (NO2)","212","40060","Richmond, VA","51","Virginia","087","Henrico","37.556520000912","-77.40027"
"04/06/2025","AQS","510870014","2","4.4","ppb","4","MathScience Innovation Center","24","100.0000","42602","Nitrogen dioxide (NO2)","212","40060","Richmond, VA","51","Virginia","087","Henrico","37.556520000912","-77.40027"
"04/07/2025","AQS","510870014","2","5.8","ppb","5","MathScience Innovation Center","23","96.0000","42602","Nitrogen dioxide (NO2)","212","40060","Richmond, VA","51","Virginia","087","Henrico","37.556520000912","-77.40027"
"04/08/2025","AQS","510870014","2","7.5","ppb","7","MathScience Innovation Center","23","96.0000","42602","Nitrogen dioxide (NO2)","212","40060","Richmond, VA","51","Virginia","087","Henrico","37.556520000912","-77.40027"
"04/09/2025","AQS","510870014","2","13","ppb","12","MathScience Innovation Center","24","100.0000","42602","Nitrogen dioxide (NO2)","212","40060","Richmond, VA","51","Virginia","087","Henrico","37.556520000912","-77.40027"
"04/10/2025","AQS","510870014","2","12.7","ppb","11","MathScience Innovation Center","23","96.0000","42602","Nitrogen dioxide (NO2)","212","40060","Richmond, VA","51","Virginia","087","Henrico","37.556520000912","-77.40027"
"04/11/2025","AQS","510870014","2","5.4","ppb","5","MathScience Innovation Center","23","96.0000","42602","Nitrogen dioxide (NO2)","212","40060","Richmond, VA","51","Virginia","087","Henrico","37.556520000912","-77.40027"
"04/12/2025","AQS","510870014","2","4","ppb","4","MathScience Innovation Center","24","100.0000","42602","Nitrogen dioxide (NO2)","212","40060","Richmond, VA","51","Virginia","087","Henrico","37.556520000912","-77.40027"
"04/13/2025","AQS","510870014","2","13.8","ppb","12","MathScience Innovation Center","23","96.0000","42602","Nitrogen dioxide (NO2)","212","40060","Richmond, VA","51","Virginia","087","Henrico","37.556520000912","-77.40027"
"04/14/2025","AQS","510870014","2","15.6","ppb","14","MathScience Innovation Center","23","96.0000","42602","Nitrogen dioxide (NO2)","212","40060","Richmond, VA","51","Virginia","087","Henrico","37.556520000912","-77.40027"
"04/15/2025","AQS","510870014","2","10.8","ppb","9","MathScience Innovation Center","24","100.0000","42602","Nitrogen dioxide (NO2)","212","40060","Richmond, VA","51","Virginia","087","Henrico","37.556520000912","-77.40027"
"04/16/2025","AQS","510870014","2","12.4","ppb","11","MathScience Innovation Center","20","83.0000","42602","Nitrogen dioxide (NO2)","212","40060","Richmond, VA","51","Virginia","087","Henrico","37.556520000912","-77.40027"
"04/17/2025","AQS","510870014","2","18.2","ppb","17","MathScience Innovation Center","24","100.0000","42602","Nitrogen dioxide (NO2)","212","40060","Richmond, VA","51","Virginia","087","Henrico","37.556520000912","-77.40027"
"04/18/2025","AQS","510870014","2","11.6","ppb","10","MathScience Innovation Center","24","100.0000","42602","Nitrogen dioxide (NO2)","212","40060","Richmond, VA","51","Virginia","087","Henrico","37.556520000912","-77.40027"
"04/19/2025","AQS","510870014","2","6.7","ppb","6","MathScience Innovation Center","23","96.0000","42602","Nitrogen dioxide (NO2)","212","40060","Richmond, VA","51","Virginia","087","Henrico","37.556520000912","-77.40027"
"04/20/2025","AQS","510870014","2","6.3","ppb","6","MathScience Innovation Center","24","100.0000","42602","Nitrogen dioxide (NO2)","212","40060","Richmond, VA","51","Virginia","087","Henrico","37.556520000912","-77.40027"
"04/21/2025","AQS","510870014","2","8.5","ppb","8","MathScience Innovation Center","23","96.0000","42602","Nitrogen dioxide (NO2)","212","40060","Richmond, VA","51","Virginia","087","Henrico","37.556520000912","-77.40027"
"04/22/2025","AQS","510870014","2","13.6","ppb","12","MathScience Innovation Center","23","96.0000","42602","Nitrogen dioxide (NO2)","212","40060","Richmond, VA","51","Virginia","087","Henrico","37.556520000912","-77.40027"
"04/23/2025","AQS","510870014","2","6.6","ppb","6","MathScience Innovation Center","24","100.0000","42602","Nitrogen dioxide (NO2)","212","40060","Richmond, VA","51","Virginia","087","Henrico","37.556520000912","-77.40027"
"05/21/2025","AQS","510870014","2","3.2","ppb","3","MathScience Innovation Center","24","100.0000","42602","Nitrogen dioxide (NO2)","212","40060","Richmond, VA","51","Virginia","087","Henrico","37.556520000912","-77.40027"
"05/22/2025","AQS","510870014","2","11.6","ppb","10","MathScience Innovation Center","23","96.0000","42602","Nitrogen dioxide (NO2)","212","40060","Richmond, VA","51","Virginia","087","Henrico","37.556520000912","-77.40027"
"05/23/2025","AQS","510870014","2","5.5","ppb","5","MathScience Innovation Center","24","100.0000","42602","Nitrogen dioxide (NO2)","212","40060","Richmond, VA","51","Virginia","087","Henrico","37.556520000912","-77.40027"
"05/24/2025","AQS","510870014","2","7.4","ppb","7","MathScience Innovation Center","24","100.0000","42602","Nitrogen dioxide (NO2)","212","40060","Richmond, VA","51","Virginia","087","Henrico","37.556520000912","-77.40027"
"05/25/2025","AQS","510870014","2","13.7","ppb","12","MathScience Innovation Center","23","96.0000","42602","Nitrogen dioxide (NO2)","212","40060","Richmond, VA","51","Virginia","087","Henrico","37.556520000912","-77.40027"
"05/26/2025","AQS","510870014","2","11.1","ppb","10","MathScience Innovation Center","24","100.0000","42602","Nitrogen dioxide (NO2)","212","40060","Richmond, VA","51","Virginia","087","Henrico","37.556520000912","-77.40027"
"05/27/2025","AQS","510870014","2","11.6","ppb","10","MathScience Innovation Center","24","100.0000","42602","Nitrogen dioxide (NO2)","212","40060","Richmond, VA","51","Virginia","087","Henrico","37.556520000912","-77.40027"
"05/28/2025","AQS","510870014","2","4.7","ppb","4","MathScience Innovation Center","23","96.0000","42602","Nitrogen dioxide (NO2)","212","40060","Richmond, VA","51","Virginia","087","Henrico","37.556520000912","-77.40027"
"05/29/2025","AQS","510870014","2","9.7","ppb","8","MathScience Innovation Center","24","100.0000","42602","Nitrogen dioxide (NO2)","212","40060","Richmond, VA","51","Virginia","087","Henrico","37.556520000912","-77.40027"
"05/30/2025","AQS","510870014","2","7.9","ppb","7","MathScience Innovation Center","24","100.0000","42602","Nitrogen dioxide (NO2)","212","40060","Richmond, VA","51","Virginia","087","Henrico","37.556520000912","-77.40027"
"05/31/2025","AQS","510870014","2","3.7","ppb","3","MathScience Innovation Center","23","96.0000","42602","Nitrogen dioxide (NO2)","212","40060","Richmond, VA","51","Virginia","087","Henrico","37.556520000912","-77.40027"
"06/01/2025","AQS","510870014","2","8.2","ppb","8","MathScience Innovation Center","24","100.0000","42602","Nitrogen dioxide (NO2)","212","40060","Richmond, VA","51","Virginia","087","Henrico","37.556520000912","-77.40027"
"06/02/2025","AQS","510870014","2","14.2","ppb","13","MathScience Innovation Center","23","96.0000","42602","Nitrogen dioxide (NO2)","212","40060","Richmond, VA","51","Virginia","087","Henrico","37.556520000912","-77.40027"
"06/03/2025","AQS","510870014","2","18.9","ppb","17","MathScience Innovation Center","18","75.0000","42602","Nitrogen dioxide (NO2)","212","40060","Richmond, VA","51","Virginia","087","Henrico","37.556520000912","-77.40027"
"06/04/2025","AQS","510870014","2","9.8","ppb","8","MathScience Innovation Center","24","100.0000","42602","Nitrogen dioxide (NO2)","212","40060","Richmond, VA","51","Virginia","087","Henrico","37.556520000912","-77.40027"
"06/05/2025","AQS","510870014","2","12.5","ppb","11","MathScience Innovation Center","23","96.0000","42602","Nitrogen dioxide (NO2)","212","40060","Richmond, VA","51","Virginia","087","Henrico","37.556520000912","-77.40027"
"06/06/2025","AQS","510870014","2","13.7","ppb","12","MathScience Innovation Center","23","96.0000","42602","Nitrogen dioxide (NO2)","212","40060","Richmond, VA","51","Virginia","087","Henrico","37.556520000912","-77.40027"
"06/07/2025","AQS","510870014","2","8.1","ppb","8","MathScience Innovation Center","24","100.0000","42602","Nitrogen dioxide (NO2)","212","40060","Richmond, VA","51","Virginia","087","Henrico","37.556520000912","-77.40027"
"06/08/2025","AQS","510870014","2","7.4","ppb","7","MathScience Innovation Center","24","100.0000","42602","Nitrogen dioxide (NO2)","212","40060","Richmond, VA","51","Virginia","087","Henrico","37.556520000912","-77.40027"
"06/09/2025","AQS","510870014","2","8.9","ppb","8","MathScience Innovation Center","23","96.0000","42602","Nitrogen dioxide (NO2)","212","40060","Richmond, VA","51","Virginia","087","Henrico","37.556520000912","-77.40027"
"06/10/2025","AQS","510870014","2","7.4","ppb","7","MathScience Innovation Center","24","100.0000","42602","Nitrogen dioxide (NO2)","212","40060","Richmond, VA","51","Virginia","087","Henrico","37.556520000912","-77.40027"
"06/11/2025","AQS","510870014","2","8.9","ppb","8","MathScience Innovation Center","24","100.0000","42602","Nitrogen dioxide (NO2)","212","40060","Richmond, VA","51","Virginia","087","Henrico","37.556520000912","-77.40027"
"06/12/2025","AQS","510870014","2","11.8","ppb","10","MathScience Innovation Center","23","96.0000","42602","Nitrogen dioxide (NO2)","212","40060","Richmond, VA","51","Virginia","087","Henrico","37.556520000912","-77.40027"
"06/13/2025","AQS","510870014","2","11.1","ppb","10","MathScience Innovation Center","24","100.0000","42602","Nitrogen dioxide (NO2)","212","40060","Richmond, VA","51","Virginia","087","Henrico","37.556520000912","-77.40027"
"06/14/2025","AQS","510870014","2","5.7","ppb","5","MathScience Innovation Center","24","100.0000","42602","Nitrogen dioxide (NO2)","212","40060","Richmond, VA","51","Virginia","087","Henrico","37.556520000912","-77.40027"
"06/15/2025","AQS","510870014","2","5.3","ppb","5","MathScience Innovation Center","23","96.0000","42602","Nitrogen dioxide (NO2)","212","40060","Richmond, VA","51","Virginia","087","Henrico","37.556520000912","-77.40027"
"06/16/2025","AQS","510870014","2","2.3","ppb","2","MathScience Innovation Center","22","92.0000","42602","Nitrogen dioxide (NO2)","212","40060","Richmond, VA","51","Virginia","087","Henrico","37.556520000912","-77.40027"
"06/17/2025","AQS","510870014","2","7.5","ppb","7","MathScience Innovation Center","24","100.0000","42602","Nitrogen dioxide (NO2)","212","40060","Richmond, VA","51","Virginia","087","Henrico","37.556520000912","-77.40027"
"06/18/2025","AQS","510870014","2","9.4","ppb","8","MathScience Innovation Center","23","96.0000","42602","Nitrogen dioxide (NO2)","212","40060","Richmond, VA","51","Virginia","087","Henrico","37.556520000912","-77.40027"
"06/19/2025","AQS","510870014","2","5.6","ppb","5","MathScience Innovation Center","24","100.0000","42602","Nitrogen dioxide (NO2)","212","40060","Richmond, VA","51","Virginia","087","Henrico","37.556520000912","-77.40027"
"06/20/2025","AQS","510870014","2","11.6","ppb","10","MathScience Innovation Center","23","96.0000","42602","Nitrogen dioxide (NO2)","212","40060","Richmond, VA","51","Virginia","087","Henrico","37.556520000912","-77.40027"
"06/21/2025","AQS","510870014","2","10.9","ppb","9","MathScience Innovation Center","23","96.0000","42602","Nitrogen dioxide (NO2)","212","40060","Richmond, VA","51","Virginia","087","Henrico","37.556520000912","-77.40027"
"06/22/2025","AQS","510870014","2","6.2","ppb","6","MathScience Innovation Center","24","100.0000","42602","Nitrogen dioxide (NO2)","212","40060","Richmond, VA","51","Virginia","087","Henrico","37.556520000912","-77.40027"
"06/23/2025","AQS","510870014","2","15.2","ppb","14","MathScience Innovation Center","23","96.0000","42602","Nitrogen dioxide (NO2)","212","40060","Richmond, VA","51","Virginia","087","Henrico","37.556520000912","-77.40027"
"01/01/2025","AQS","511071005","1","11.7","ppb","10","Broad Run High School, Ashburn","23","96.0000","42602","Nitrogen dioxide (NO2)","212","47900","Washington-Arlington-Alexandria, DC-VA-MD-WV","51","Virginia","107","Loudoun","39.0247300009231","-77.48925"
"01/02/2025","AQS","511071005","1","8.5","ppb","8","Broad Run High School, Ashburn","24","100.0000","42602","Nitrogen dioxide (NO2)","212","47900","Washington-Arlington-Alexandria, DC-VA-MD-WV","51","Virginia","107","Loudoun","39.0247300009231","-77.48925"
"01/03/2025","AQS","511071005","1","25.7","ppb","24","Broad Run High School, Ashburn","24","100.0000","42602","Nitrogen dioxide (NO2)","212","47900","Washington-Arlington-Alexandria, DC-VA-MD-WV","51","Virginia","107","Loudoun","39.0247300009231","-77.48925"
"01/04/2025","AQS","511071005","1","3.2","ppb","3","Broad Run High School, Ashburn","23","96.0000","42602","Nitrogen dioxide (NO2)","212","47900","Washington-Arlington-Alexandria, DC-VA-MD-WV","51","Virginia","107","Loudoun","39.0247300009231","-77.48925"
"01/05/2025","AQS","511071005","1","23.3","ppb","22","Broad Run High School, Ashburn","24","100.0000","42602","Nitrogen dioxide (NO2)","212","47900","Washington-Arlington-Alexandria, DC-VA-MD-WV","51","Virginia","107","Loudoun","39.0247300009231","-77.48925"
"01/06/2025","AQS","511071005","1","13","ppb","12","Broad Run High School, Ashburn","23","96.0000","42602","Nitrogen dioxide (NO2)","212","47900","Washington-Arlington-Alexandria, DC-VA-MD-WV","51","Virginia","107","Loudoun","39.0247300009231","-77.48925"
"01/07/2025","AQS","511071005","1","3.6","ppb","3","Broad Run High School, Ashburn","23","96.0000","42602","Nitrogen dioxide (NO2)","212","47900","Washington-Arlington-Alexandria, DC-VA-MD-WV","51","Virginia","107","Loudoun","39.0247300009231","-77.48925"
"01/08/2025","AQS","511071005","1","6","ppb","6","Broad Run High School, Ashburn","24","100.0000","42602","Nitrogen dioxide (NO2)","212","47900","Washington-Arlington-Alexandria, DC-VA-MD-WV","51","Virginia","107","Loudoun","39.0247300009231","-77.48925"
"01/09/2025","AQS","511071005","1","5.2","ppb","5","Broad Run High School, Ashburn","24","100.0000","42602","Nitrogen dioxide (NO2)","212","47900","Washington-Arlington-Alexandria, DC-VA-MD-WV","51","Virginia","107","Loudoun","39.0247300009231","-77.48925"
"01/10/2025","AQS","511071005","1","19.9","ppb","18","Broad Run High School, Ashburn","23","96.0000","42602","Nitrogen dioxide (NO2)","212","47900","Washington-Arlington-Alexandria, DC-VA-MD-WV","51","Virginia","107","Loudoun","39.0247300009231","-77.48925"
"01/11/2025","AQS","511071005","1","13","ppb","12","Broad Run High School, Ashburn","24","100.0000","42602","Nitrogen dioxide (NO2)","212","47900","Washington-Arlington-Alexandria, DC-VA-MD-WV","51","Virginia","107","Loudoun","39.0247300009231","-77.48925"
"01/12/2025","AQS","511071005","1","23.1","ppb","22","Broad Run High School, Ashburn","24","100.0000","42602","Nitrogen dioxide (NO2)","212","47900","Washington-Arlington-Alexandria, DC-VA-MD-WV","51","Virginia","107","Loudoun","39.0247300009231","-77.48925"
"01/13/2025","AQS","511071005","1","35.7","ppb","33","Broad Run High School, Ashburn","23","96.0000","42602","Nitrogen dioxide (NO2)","212","47900","Washington-Arlington-Alexandria, DC-VA-MD-WV","51","Virginia","107","Loudoun","39.0247300009231","-77.48925"
"01/14/2025","AQS","511071005","1","8.1","ppb","8","Broad Run High School, Ashburn","24","100.0000","42602","Nitrogen dioxide (NO2)","212","47900","Washington-Arlington-Alexandria, DC-VA-MD-WV","51","Virginia","107","Loudoun","39.0247300009231","-77.48925"
"01/15/2025","AQS","511071005","1","5.5","ppb","5","Broad Run High School, Ashburn","24","100.0000","42602","Nitrogen dioxide (NO2)","212","47900","Washington-Arlington-Alexandria, DC-VA-MD-WV","51","Virginia","107","Loudoun","39.0247300009231","-77.48925"
"01/16/2025","AQS","511071005","1","30.9","ppb","28","Broad Run High School, Ashburn","23","96.0000","42602","Nitrogen dioxide (NO2)","212","47900","Washington-Arlington-Alexandria, DC-VA-MD-WV","51","Virginia","107","Loudoun","39.0247300009231","-77.48925"
"01/17/2025","AQS","511071005","1","16.4","ppb","15","Broad Run High School, Ashburn","24","100.0000","42602","Nitrogen dioxide (NO2)","212","47900","Washington-Arlington-Alexandria, DC-VA-MD-WV","51","Virginia","107","Loudoun","39.0247300009231","-77.48925"
"01/18/2025","AQS","511071005","1","32.4","ppb","30","Broad Run High School, Ashburn","24","100.0000","42602","Nitrogen dioxide (NO2)","212","47900","Washington-Arlington-Alexandria, DC-VA-MD-WV","51","Virginia","107","Loudoun","39.0247300009231","-77.48925"
"01/19/2025","AQS","511071005","1","23.6","ppb","22","Broad Run High School, Ashburn","23","96.0000","42602","Nitrogen dioxide (NO2)","212","47900","Washington-Arlington-Alexandria, DC-VA-MD-WV","51","Virginia","107","Loudoun","39.0247300009231","-77.48925"
"01/20/2025","AQS","511071005","1","10","ppb","9","Broad Run High School, Ashburn","24","100.0000","42602","Nitrogen dioxide (NO2)","212","47900","Washington-Arlington-Alexandria, DC-VA-MD-WV","51","Virginia","107","Loudoun","39.0247300009231","-77.48925"
"01/21/2025","AQS","511071005","1","21.2","ppb","20","Broad Run High School, Ashburn","23","96.0000","42602","Nitrogen dioxide (NO2)","212","47900","Washington-Arlington-Alexandria, DC-VA-MD-WV","51","Virginia","107","Loudoun","39.0247300009231","-77.48925"
"01/22/2025","AQS","511071005","1","39.7","ppb","37","Broad Run High School, Ashburn","23","96.0000","42602","Nitrogen dioxide (NO2)","212","47900","Washington-Arlington-Alexandria, DC-VA-MD-WV","51","Virginia","107","Loudoun","39.0247300009231","-77.48925"
"01/23/2025","AQS","511071005","1","38.7","ppb","36","Broad Run High School, Ashburn","21","88.0000","42602","Nitrogen dioxide (NO2)","212","47900","Washington-Arlington-Alexandria, DC-VA-MD-WV","51","Virginia","107","Loudoun","39.0247300009231","-77.48925"
"01/24/2025","AQS","511071005","1","33.6","ppb","31","Broad Run High School, Ashburn","24","100.0000","42602","Nitrogen dioxide (NO2)","212","47900","Washington-Arlington-Alexandria, DC-VA-MD-WV","51","Virginia","107","Loudoun","39.0247300009231","-77.48925"
"01/25/2025","AQS","511071005","1","32.6","ppb","30","Broad Run High School, Ashburn","23","96.0000","42602","Nitrogen dioxide (NO2)","212","47900","Washington-Arlington-Alexandria, DC-VA-MD-WV","51","Virginia","107","Loudoun","39.0247300009231","-77.48925"
"01/26/2025","AQS","511071005","1","38.3","ppb","36","Broad Run High School, Ashburn","24","100.0000","42602","Nitrogen dioxide (NO2)","212","47900","Washington-Arlington-Alexandria, DC-VA-MD-WV","51","Virginia","107","Loudoun","39.0247300009231","-77.48925"
"01/27/2025","AQS","511071005","1","35.5","ppb","33","Broad Run High School, Ashburn","24","100.0000","42602","Nitrogen dioxide (NO2)","212","47900","Washington-Arlington-Alexandria, DC-VA-MD-WV","51","Virginia","107","Loudoun","39.0247300009231","-77.48925"
"01/28/2025","AQS","511071005","1","36.5","ppb","34","Broad Run High School, Ashburn","23","96.0000","42602","Nitrogen dioxide (NO2)","212","47900","Washington-Arlington-Alexandria, DC-VA-MD-WV","51","Virginia","107","Loudoun","39.0247300009231","-77.48925"
"01/29/2025","AQS","511071005","1","18.4","ppb","17","Broad Run High School, Ashburn","24","100.0000","42602","Nitrogen dioxide (NO2)","212","47900","Washington-Arlington-Alexandria, DC-VA-MD-WV","51","Virginia","107","Loudoun","39.0247300009231","-77.48925"
"01/30/2025","AQS","511071005","1","32.5","ppb","30","Broad Run High School, Ashburn","24","100.0000","42602","Nitrogen dioxide (NO2)","212","47900","Washington-Arlington-Alexandria, DC-VA-MD-WV","51","Virginia","107","Loudoun","39.0247300009231","-77.48925"
"01/31/2025","AQS","511071005","1","8.9","ppb","8","Broad Run High School, Ashburn","23","96.0000","42602","Nitrogen dioxide (NO2)","212","47900","Washington-Arlington-Alexandria, DC-VA-MD-WV","51","Virginia","107","Loudoun","39.0247300009231","-77.48925"
"02/01/2025","AQS","511071005","1","9.1","ppb","8","Broad Run High School, Ashburn","24","100.0000","42602","Nitrogen dioxide (NO2)","212","47900","Washington-Arlington-Alexandria, DC-VA-MD-WV","51","Virginia","107","Loudoun","39.0247300009231","-77.48925"
"02/02/2025","AQS","511071005","1","18.7","ppb","17","Broad Run High School, Ashburn","24","100.0000","42602","Nitrogen dioxide (NO2)","212","47900","Washington-Arlington-Alexandria, DC-VA-MD-WV","51","Virginia","107","Loudoun","39.0247300009231","-77.48925"
"02/03/2025","AQS","511071005","1","25.7","ppb","24","Broad Run High School, Ashburn","23","96.0000","42602","Nitrogen dioxide (NO2)","212","47900","Washington-Arlington-Alexandria, DC-VA-MD-WV","51","Virginia","107","Loudoun","39.0247300009231","-77.48925"
"02/04/2025","AQS","511071005","1","20.6","ppb","19","Broad Run High School, Ashburn","24","100.0000","42602","Nitrogen dioxide (NO2)","212","47900","Washington-Arlington-Alexandria, DC-VA-MD-WV","51","Virginia","107","Loudoun","39.0247300009231","-77.48925"
"02/05/2025","AQS","511071005","1","18.9","ppb","17","Broad Run High School, Ashburn","23","96.0000","42602","Nitrogen dioxide (NO2)","212","47900","Washington-Arlington-Alexandria, DC-VA-MD-WV","51","Virginia","107","Loudoun","39.0247300009231","-77.48925"
"02/06/2025","AQS","511071005","1","16.3","ppb","15","Broad Run High School, Ashburn","23","96.0000","42602","Nitrogen dioxide (NO2)","212","47900","Washington-Arlington-Alexandria, DC-VA-MD-WV","51","Virginia","107","Loudoun","39.0247300009231","-77.48925"
"02/07/2025","AQS","511071005","1","14.5","ppb","13","Broad Run High School, Ashburn","24","100.0000","42602","Nitrogen dioxide (NO2)","212","47900","Washington-Arlington-Alexandria, DC-VA-MD-WV","51","Virginia","107","Loudoun","39.0247300009231","-77.48925"
"02/08/2025","AQS","511071005","1","24.8","ppb","23","Broad Run High School, Ashburn","24","100.0000","42602","Nitrogen dioxide (NO2)","212","47900","Washington-Arlington-Alexandria, DC-VA-MD-WV","51","Virginia","107","Loudoun","39.0247300009231","-77.48925"
"02/09/2025","AQS","511071005","1","10","ppb","9","Broad Run High School, Ashburn","23","96.0000","42602","Nitrogen dioxide (NO2)","212","47900","Washington-Arlington-Alexandria, DC-VA-MD-WV","51","Virginia","107","Loudoun","39.0247300009231","-77.48925"
"02/10/2025","AQS","511071005","1","23.3","ppb","22","Broad Run High School, Ashburn","24","100.0000","42602","Nitrogen dioxide (NO2)","212","47900","Washington-Arlington-Alexandria, DC-VA-MD-WV","51","Virginia","107","Loudoun","39.0247300009231","-77.48925"
"02/11/2025","AQS","511071005","1","29.9","ppb","27","Broad Run High School, Ashburn","24","100.0000","42602","Nitrogen dioxide (NO2)","212","47900","Washington-Arlington-Alexandria, DC-VA-MD-WV","51","Virginia","107","Loudoun","39.0247300009231","-77.48925"
"02/12/2025","AQS","511071005","1","23.4","ppb","22","Broad Run High School, Ashburn","23","96.0000","42602","Nitrogen dioxide (NO2)","212","47900","Washington-Arlington-Alexandria, DC-VA-MD-WV","51","Virginia","107","Loudoun","39.0247300009231","-77.48925"
"02/13/2025","AQS","511071005","1","23.9","ppb","22","Broad Run High School, Ashburn","24","100.0000","42602","Nitrogen dioxide (NO2)","212","47900","Washington-Arlington-Alexandria, DC-VA-MD-WV","51","Virginia","107","Loudoun","39.0247300009231","-77.48925"
"02/14/2025","AQS","511071005","1","32.3","ppb","30","Broad Run High School, Ashburn","24","100.0000","42602","Nitrogen dioxide (NO2)","212","47900","Washington-Arlington-Alexandria, DC-VA-MD-WV","51","Virginia","107","Loudoun","39.0247300009231","-77.48925"
"02/15/2025","AQS","511071005","1","13.3","ppb","12","Broad Run High School, Ashburn","23","96.0000","42602","Nitrogen dioxide (NO2)","212","47900","Washington-Arlington-Alexandria, DC-VA-MD-WV","51","Virginia","107","Loudoun","39.0247300009231","-77.48925"
"02/16/2025","AQS","511071005","1","6.8","ppb","6","Broad Run High School, Ashburn","24","100.0000","42602","Nitrogen dioxide (NO2)","212","47900","Washington-Arlington-Alexandria, DC-VA-MD-WV","51","Virginia","107","Loudoun","39.0247300009231","-77.48925"
"02/17/2025","AQS","511071005","1","2.1","ppb","2","Broad Run High School, Ashburn","24","100.0000","42602","Nitrogen dioxide (NO2)","212","47900","Washington-Arlington-Alexandria, DC-VA-MD-WV","51","Virginia","107","Loudoun","39.0247300009231","-77.48925"
"02/18/2025","AQS","511071005","1","4.8","ppb","4","Broad Run High School, Ashburn","23","96.0000","42602","Nitrogen dioxide (NO2)","212","47900","Washington-Arlington-Alexandria, DC-VA-MD-WV","51","Virginia","107","Loudoun","39.0247300009231","-77.48925"
"02/19/2025","AQS","511071005","1","29.4","ppb","27","Broad Run High School, Ashburn","24","100.0000","42602","Nitrogen dioxide (NO2)","212","47900","Washington-Arlington-Alexandria, DC-VA-MD-WV","51","Virginia","107","Loudoun","39.0247300009231","-77.48925"
"02/20/2025","AQS","511071005","1","15.9","ppb","14","Broad Run High School, Ashburn","22","92.0000","42602","Nitrogen dioxide (NO2)","212","47900","Washington-Arlington-Alexandria, DC-VA-MD-WV","51","Virginia","107","Loudoun","39.0247300009231","-77.48925"
"02/21/2025","AQS","511071005","1","7","ppb","7","Broad Run High School, Ashburn","23","96.0000","42602","Nitrogen dioxide (NO2)","212","47900","Washington-Arlington-Alexandria, DC-VA-MD-WV","51","Virginia","107","Loudoun","39.0247300009231","-77.48925"
"02/22/2025","AQS","511071005","1","21.9","ppb","20","Broad Run High School, Ashburn","24","100.0000","42602","Nitrogen dioxide (NO2)","212","47900","Washington-Arlington-Alexandria, DC-VA-MD-WV","51","Virginia","107","Loudoun","39.0247300009231","-77.48925"
"02/23/2025","AQS","511071005","1","32.6","ppb","30","Broad Run High School, Ashburn","24","100.0000","42602","Nitrogen dioxide (NO2)","212","47900","Washington-Arlington-Alexandria, DC-VA-MD-WV","51","Virginia","107","Loudoun","39.0247300009231","-77.48925"
"02/24/2025","AQS","511071005","1","30.2","ppb","28","Broad Run High School, Ashburn","23","96.0000","42602","Nitrogen dioxide (NO2)","212","47900","Washington-Arlington-Alexandria, DC-VA-MD-WV","51","Virginia","107","Loudoun","39.0247300009231","-77.48925"
"02/25/2025","AQS","511071005","1","28.8","ppb","26","Broad Run High School, Ashburn","24","100.0000","42602","Nitrogen dioxide (NO2)","212","47900","Washington-Arlington-Alexandria, DC-VA-MD-WV","51","Virginia","107","Loudoun","39.0247300009231","-77.48925"
"02/26/2025","AQS","511071005","1","25.9","ppb","24","Broad Run High School, Ashburn","24","100.0000","42602","Nitrogen dioxide (NO2)","212","47900","Washington-Arlington-Alexandria, DC-VA-MD-WV","51","Virginia","107","Loudoun","39.0247300009231","-77.48925"
"02/27/2025","AQS","511071005","1","26.6","ppb","25","Broad Run High School, Ashburn","23","96.0000","42602","Nitrogen dioxide (NO2)","212","47900","Washington-Arlington-Alexandria, DC-VA-MD-WV","51","Virginia","107","Loudoun","39.0247300009231","-77.48925"
"02/28/2025","AQS","511071005","1","5.7","ppb","5","Broad Run High School, Ashburn","24","100.0000","42602","Nitrogen dioxide (NO2)","212","47900","Washington-Arlington-Alexandria, DC-VA-MD-WV","51","Virginia","107","Loudoun","39.0247300009231","-77.48925"
"03/01/2025","AQS","511071005","1","3.5","ppb","3","Broad Run High School, Ashburn","24","100.0000","42602","Nitrogen dioxide (NO2)","212","47900","Washington-Arlington-Alexandria, DC-VA-MD-WV","51","Virginia","107","Loudoun","39.0247300009231","-77.48925"
"03/02/2025","AQS","511071005","1","15.3","ppb","14","Broad Run High School, Ashburn","23","96.0000","42602","Nitrogen dioxide (NO2)","212","47900","Washington-Arlington-Alexandria, DC-VA-MD-WV","51","Virginia","107","Loudoun","39.0247300009231","-77.48925"
"03/03/2025","AQS","511071005","1","32.2","ppb","30","Broad Run High School, Ashburn","23","96.0000","42602","Nitrogen dioxide (NO2)","212","47900","Washington-Arlington-Alexandria, DC-VA-MD-WV","51","Virginia","107","Loudoun","39.0247300009231","-77.48925"
"03/04/2025","AQS","511071005","1","17.3","ppb","16","Broad Run High School, Ashburn","24","100.0000","42602","Nitrogen dioxide (NO2)","212","47900","Washington-Arlington-Alexandria, DC-VA-MD-WV","51","Virginia","107","Loudoun","39.0247300009231","-77.48925"
"03/05/2025","AQS","511071005","1","6.5","ppb","6","Broad Run High School, Ashburn","23","96.0000","42602","Nitrogen dioxide (NO2)","212","47900","Washington-Arlington-Alexandria, DC-VA-MD-WV","51","Virginia","107","Loudoun","39.0247300009231","-77.48925"
"03/06/2025","AQS","511071005","1","2.2","ppb","2","Broad Run High School, Ashburn","24","100.0000","42602","Nitrogen dioxide (NO2)","212","47900","Washington-Arlington-Alexandria, DC-VA-MD-WV","51","Virginia","107","Loudoun","39.0247300009231","-77.48925"
"03/07/2025","AQS","511071005","1","8.7","ppb","8","Broad Run High School, Ashburn","24","100.0000","42602","Nitrogen dioxide (NO2)","212","47900","Washington-Arlington-Alexandria, DC-VA-MD-WV","51","Virginia","107","Loudoun","39.0247300009231","-77.48925"
"03/08/2025","AQS","511071005","1","17.9","ppb","16","Broad Run High School, Ashburn","23","96.0000","42602","Nitrogen dioxide (NO2)","212","47900","Washington-Arlington-Alexandria, DC-VA-MD-WV","51","Virginia","107","Loudoun","39.0247300009231","-77.48925"
"03/09/2025","AQS","511071005","1","16.8","ppb","15","Broad Run High School, Ashburn","24","100.0000","42602","Nitrogen dioxide (NO2)","212","47900","Washington-Arlington-Alexandria, DC-VA-MD-WV","51","Virginia","107","Loudoun","39.0247300009231","-77.48925"
"03/10/2025","AQS","511071005","1","23.5","ppb","22","Broad Run High School, Ashburn","24","100.0000","42602","Nitrogen dioxide (NO2)","212","47900","Washington-Arlington-Alexandria, DC-VA-MD-WV","51","Virginia","107","Loudoun","39.0247300009231","-77.48925"
"03/11/2025","AQS","511071005","1","28.2","ppb","26","Broad Run High School, Ashburn","23","96.0000","42602","Nitrogen dioxide (NO2)","212","47900","Washington-Arlington-Alexandria, DC-VA-MD-WV","51","Virginia","107","Loudoun","39.0247300009231","-77.48925"
"03/12/2025","AQS","511071005","1","13.5","ppb","12","Broad Run High School, Ashburn","24","100.0000","42602","Nitrogen dioxide (NO2)","212","47900","Washington-Arlington-Alexandria, DC-VA-MD-WV","51","Virginia","107","Loudoun","39.0247300009231","-77.48925"
"03/13/2025","AQS","511071005","1","18.8","ppb","17","Broad Run High School, Ashburn","24","100.0000","42602","Nitrogen dioxide (NO2)","212","47900","Washington-Arlington-Alexandria, DC-VA-MD-WV","51","Virginia","107","Loudoun","39.0247300009231","-77.48925"
"03/14/2025","AQS","511071005","1","23.1","ppb","22","Broad Run High School, Ashburn","23","96.0000","42602","Nitrogen dioxide (NO2)","212","47900","Washington-Arlington-Alexandria, DC-VA-MD-WV","51","Virginia","107","Loudoun","39.0247300009231","-77.48925"
"03/15/2025","AQS","511071005","1","6.5","ppb","6","Broad Run High School, Ashburn","24","100.0000","42602","Nitrogen dioxide (NO2)","212","47900","Washington-Arlington-Alexandria, DC-VA-MD-WV","51","Virginia","107","Loudoun","39.0247300009231","-77.48925"
"03/16/2025","AQS","511071005","1","5.8","ppb","5","Broad Run High School, Ashburn","24","100.0000","42602","Nitrogen dioxide (NO2)","212","47900","Washington-Arlington-Alexandria, DC-VA-MD-WV","51","Virginia","107","Loudoun","39.0247300009231","-77.48925"
"03/17/2025","AQS","511071005","1","3.6","ppb","3","Broad Run High School, Ashburn","23","96.0000","42602","Nitrogen dioxide (NO2)","212","47900","Washington-Arlington-Alexandria, DC-VA-MD-WV","51","Virginia","107","Loudoun","39.0247300009231","-77.48925"
"03/18/2025","AQS","511071005","1","33.3","ppb","31","Broad Run High School, Ashburn","24","100.0000","42602","Nitrogen dioxide (NO2)","212","47900","Washington-Arlington-Alexandria, DC-VA-MD-WV","51","Virginia","107","Loudoun","39.0247300009231","-77.48925"
"03/19/2025","AQS","511071005","1","29.3","ppb","27","Broad Run High School, Ashburn","22","92.0000","42602","Nitrogen dioxide (NO2)","212","47900","Washington-Arlington-Alexandria, DC-VA-MD-WV","51","Virginia","107","Loudoun","39.0247300009231","-77.48925"
"03/20/2025","AQS","511071005","1","14.1","ppb","13","Broad Run High School, Ashburn","23","96.0000","42602","Nitrogen dioxide (NO2)","212","47900","Washington-Arlington-Alexandria, DC-VA-MD-WV","51","Virginia","107","Loudoun","39.0247300009231","-77.48925"
"03/21/2025","AQS","511071005","1","11.5","ppb","10","Broad Run High School, Ashburn","24","100.0000","42602","Nitrogen dioxide (NO2)","212","47900","Washington-Arlington-Alexandria, DC-VA-MD-WV","51","Virginia","107","Loudoun","39.0247300009231","-77.48925"
"03/22/2025","AQS","511071005","1","14.8","ppb","13","Broad Run High School, Ashburn","24","100.0000","42602","Nitrogen dioxide (NO2)","212","47900","Washington-Arlington-Alexandria, DC-VA-MD-WV","51","Virginia","107","Loudoun","39.0247300009231","-77.48925"
"03/23/2025","AQS","511071005","1","8.1","ppb","8","Broad Run High School, Ashburn","23","96.0000","42602","Nitrogen dioxide (NO2)","212","47900","Washington-Arlington-Alexandria, DC-VA-MD-WV","51","Virginia","107","Loudoun","39.0247300009231","-77.48925"
"03/24/2025","AQS","511071005","1","7.7","ppb","7","Broad Run High School, Ashburn","24","100.0000","42602","Nitrogen dioxide (NO2)","212","47900","Washington-Arlington-Alexandria, DC-VA-MD-WV","51","Virginia","107","Loudoun","39.0247300009231","-77.48925"
"03/25/2025","AQS","511071005","1","6.6","ppb","6","Broad Run High School, Ashburn","24","100.0000","42602","Nitrogen dioxide (NO2)","212","47900","Washington-Arlington-Alexandria, DC-VA-MD-WV","51","Virginia","107","Loudoun","39.0247300009231","-77.48925"
"03/26/2025","AQS","511071005","1","11.1","ppb","10","Broad Run High School, Ashburn","23","96.0000","42602","Nitrogen dioxide (NO2)","212","47900","Washington-Arlington-Alexandria, DC-VA-MD-WV","51","Virginia","107","Loudoun","39.0247300009231","-77.48925"
"03/27/2025","AQS","511071005","1","29.6","ppb","27","Broad Run High School, Ashburn","24","100.0000","42602","Nitrogen dioxide (NO2)","212","47900","Washington-Arlington-Alexandria, DC-VA-MD-WV","51","Virginia","107","Loudoun","39.0247300009231","-77.48925"
"03/28/2025","AQS","511071005","1","21.8","ppb","20","Broad Run High School, Ashburn","24","100.0000","42602","Nitrogen dioxide (NO2)","212","47900","Washington-Arlington-Alexandria, DC-VA-MD-WV","51","Virginia","107","Loudoun","39.0247300009231","-77.48925"
"03/29/2025","AQS","511071005","1","6.7","ppb","6","Broad Run High School, Ashburn","23","96.0000","42602","Nitrogen dioxide (NO2)","212","47900","Washington-Arlington-Alexandria, DC-VA-MD-WV","51","Virginia","107","Loudoun","39.0247300009231","-77.48925"
"03/30/2025","AQS","511071005","1","2.8","ppb","2","Broad Run High School, Ashburn","24","100.0000","42602","Nitrogen dioxide (NO2)","212","47900","Washington-Arlington-Alexandria, DC-VA-MD-WV","51","Virginia","107","Loudoun","39.0247300009231","-77.48925"
"03/31/2025","AQS","511071005","1","2.6","ppb","2","Broad Run High School, Ashburn","23","96.0000","42602","Nitrogen dioxide (NO2)","212","47900","Washington-Arlington-Alexandria, DC-VA-MD-WV","51","Virginia","107","Loudoun","39.0247300009231","-77.48925"
"04/01/2025","AQS","511071005","1","14.6","ppb","13","Broad Run High School, Ashburn","20","83.0000","42602","Nitrogen dioxide (NO2)","212","47900","Washington-Arlington-Alexandria, DC-VA-MD-WV","51","Virginia","107","Loudoun","39.0247300009231","-77.48925"
"04/02/2025","AQS","511071005","1","21.9","ppb","20","Broad Run High School, Ashburn","24","100.0000","42602","Nitrogen dioxide (NO2)","212","47900","Washington-Arlington-Alexandria, DC-VA-MD-WV","51","Virginia","107","Loudoun","39.0247300009231","-77.48925"
"04/03/2025","AQS","511071005","1","13.9","ppb","12","Broad Run High School, Ashburn","24","100.0000","42602","Nitrogen dioxide (NO2)","212","47900","Washington-Arlington-Alexandria, DC-VA-MD-WV","51","Virginia","107","Loudoun","39.0247300009231","-77.48925"
"04/04/2025","AQS","511071005","1","9.4","ppb","8","Broad Run High School, Ashburn","23","96.0000","42602","Nitrogen dioxide (NO2)","212","47900","Washington-Arlington-Alexandria, DC-VA-MD-WV","51","Virginia","107","Loudoun","39.0247300009231","-77.48925"
"04/05/2025","AQS","511071005","1","5.8","ppb","5","Broad Run High School, Ashburn","24","100.0000","42602","Nitrogen dioxide (NO2)","212","47900","Washington-Arlington-Alexandria, DC-VA-MD-WV","51","Virginia","107","Loudoun","39.0247300009231","-77.48925"
"04/06/2025","AQS","511071005","1","4.1","ppb","4","Broad Run High School, Ashburn","24","100.0000","42602","Nitrogen dioxide (NO2)","212","47900","Washington-Arlington-Alexandria, DC-VA-MD-WV","51","Virginia","107","Loudoun","39.0247300009231","-77.48925"
"04/07/2025","AQS","511071005","1","9","ppb","8","Broad Run High School, Ashburn","23","96.0000","42602","Nitrogen dioxide (NO2)","212","47900","Washington-Arlington-Alexandria, DC-VA-MD-WV","51","Virginia","107","Loudoun","39.0247300009231","-77.48925"
"04/08/2025","AQS","511071005","1","8.8","ppb","8","Broad Run High School, Ashburn","24","100.0000","42602","Nitrogen dioxide (NO2)","212","47900","Washington-Arlington-Alexandria, DC-VA-MD-WV","51","Virginia","107","Loudoun","39.0247300009231","-77.48925"
"04/09/2025","AQS","511071005","1","26.4","ppb","25","Broad Run High School, Ashburn","24","100.0000","42602","Nitrogen dioxide (NO2)","212","47900","Washington-Arlington-Alexandria, DC-VA-MD-WV","51","Virginia","107","Loudoun","39.0247300009231","-77.48925"
"04/10/2025","AQS","511071005","1","8.6","ppb","8","Broad Run High School, Ashburn","23","96.0000","42602","Nitrogen dioxide (NO2)","212","47900","Washington-Arlington-Alexandria, DC-VA-MD-WV","51","Virginia","107","Loudoun","39.0247300009231","-77.48925"
"04/11/2025","AQS","511071005","1","6.7","ppb","6","Broad Run High School, Ashburn","24","100.0000","42602","Nitrogen dioxide (NO2)","212","47900","Washington-Arlington-Alexandria, DC-VA-MD-WV","51","Virginia","107","Loudoun","39.0247300009231","-77.48925"
"04/12/2025","AQS","511071005","1","5.5","ppb","5","Broad Run High School, Ashburn","24","100.0000","42602","Nitrogen dioxide (NO2)","212","47900","Washington-Arlington-Alexandria, DC-VA-MD-WV","51","Virginia","107","Loudoun","39.0247300009231","-77.48925"
"04/13/2025","AQS","511071005","1","11.4","ppb","10","Broad Run High School, Ashburn","23","96.0000","42602","Nitrogen dioxide (NO2)","212","47900","Washington-Arlington-Alexandria, DC-VA-MD-WV","51","Virginia","107","Loudoun","39.0247300009231","-77.48925"
"04/14/2025","AQS","511071005","1","23.4","ppb","22","Broad Run High School, Ashburn","23","96.0000","42602","Nitrogen dioxide (NO2)","212","47900","Washington-Arlington-Alexandria, DC-VA-MD-WV","51","Virginia","107","Loudoun","39.0247300009231","-77.48925"
"04/15/2025","AQS","511071005","1","8","ppb","8","Broad Run High School, Ashburn","24","100.0000","42602","Nitrogen dioxide (NO2)","212","47900","Washington-Arlington-Alexandria, DC-VA-MD-WV","51","Virginia","107","Loudoun","39.0247300009231","-77.48925"
"04/16/2025","AQS","511071005","1","5.2","ppb","5","Broad Run High School, Ashburn","23","96.0000","42602","Nitrogen dioxide (NO2)","212","47900","Washington-Arlington-Alexandria, DC-VA-MD-WV","51","Virginia","107","Loudoun","39.0247300009231","-77.48925"
"04/17/2025","AQS","511071005","1","30.2","ppb","28","Broad Run High School, Ashburn","24","100.0000","42602","Nitrogen dioxide (NO2)","212","47900","Washington-Arlington-Alexandria, DC-VA-MD-WV","51","Virginia","107","Loudoun","39.0247300009231","-77.48925"
"04/18/2025","AQS","511071005","1","15.8","ppb","14","Broad Run High School, Ashburn","24","100.0000","42602","Nitrogen dioxide (NO2)","212","47900","Washington-Arlington-Alexandria, DC-VA-MD-WV","51","Virginia","107","Loudoun","39.0247300009231","-77.48925"
"04/19/2025","AQS","511071005","1","2.3","ppb","2","Broad Run High School, Ashburn","23","96.0000","42602","Nitrogen dioxide (NO2)","212","47900","Washington-Arlington-Alexandria, DC-VA-MD-WV","51","Virginia","107","Loudoun","39.0247300009231","-77.48925"
"04/20/2025","AQS","511071005","1","3.7","ppb","3","Broad Run High School, Ashburn","24","100.0000","42602","Nitrogen dioxide (NO2)","212","47900","Washington-Arlington-Alexandria, DC-VA-MD-WV","51","Virginia","107","Loudoun","39.0247300009231","-77.48925"
"04/21/2025","AQS","511071005","1","7","ppb","7","Broad Run High School, Ashburn","24","100.0000","42602","Nitrogen dioxide (NO2)","212","47900","Washington-Arlington-Alexandria, DC-VA-MD-WV","51","Virginia","107","Loudoun","39.0247300009231","-77.48925"
"04/22/2025","AQS","511071005","1","8.6","ppb","8","Broad Run High School, Ashburn","23","96.0000","42602","Nitrogen dioxide (NO2)","212","47900","Washington-Arlington-Alexandria, DC-VA-MD-WV","51","Virginia","107","Loudoun","39.0247300009231","-77.48925"
"04/23/2025","AQS","511071005","1","15.4","ppb","14","Broad Run High School, Ashburn","24","100.0000","42602","Nitrogen dioxide (NO2)","212","47900","Washington-Arlington-Alexandria, DC-VA-MD-WV","51","Virginia","107","Loudoun","39.0247300009231","-77.48925"
"04/24/2025","AQS","511071005","1","10.8","ppb","9","Broad Run High School, Ashburn","24","100.0000","42602","Nitrogen dioxide (NO2)","212","47900","Washington-Arlington-Alexandria, DC-VA-MD-WV","51","Virginia","107","Loudoun","39.0247300009231","-77.48925"
"04/25/2025","AQS","511071005","1","11.8","ppb","10","Broad Run High School, Ashburn","23","96.0000","42602","Nitrogen dioxide (NO2)","212","47900","Washington-Arlington-Alexandria, DC-VA-MD-WV","51","Virginia","107","Loudoun","39.0247300009231","-77.48925"
"04/26/2025","AQS","511071005","1","4.6","ppb","4","Broad Run High School, Ashburn","24","100.0000","42602","Nitrogen dioxide (NO2)","212","47900","Washington-Arlington-Alexandria, DC-VA-MD-WV","51","Virginia","107","Loudoun","39.0247300009231","-77.48925"
"04/27/2025","AQS","511071005","1","2.7","ppb","2","Broad Run High School, Ashburn","24","100.0000","42602","Nitrogen dioxide (NO2)","212","47900","Washington-Arlington-Alexandria, DC-VA-MD-WV","51","Virginia","107","Loudoun","39.0247300009231","-77.48925"
"04/28/2025","AQS","511071005","1","12.3","ppb","11","Broad Run High School, Ashburn","23","96.0000","42602","Nitrogen dioxide (NO2)","212","47900","Washington-Arlington-Alexandria, DC-VA-MD-WV","51","Virginia","107","Loudoun","39.0247300009231","-77.48925"
"04/29/2025","AQS","511071005","1","8.5","ppb","8","Broad Run High School, Ashburn","24","100.0000","42602","Nitrogen dioxide (NO2)","212","47900","Washington-Arlington-Alexandria, DC-VA-MD-WV","51","Virginia","107","Loudoun","39.0247300009231","-77.48925"
"04/30/2025","AQS","511071005","1","9.6","ppb","8","Broad Run High School, Ashburn","23","96.0000","42602","Nitrogen dioxide (NO2)","212","47900","Washington-Arlington-Alexandria, DC-VA-MD-WV","51","Virginia","107","Loudoun","39.0247300009231","-77.48925"
"05/01/2025","AQS","511071005","1","8.7","ppb","8","Broad Run High School, Ashburn","23","96.0000","42602","Nitrogen dioxide (NO2)","212","47900","Washington-Arlington-Alexandria, DC-VA-MD-WV","51","Virginia","107","Loudoun","39.0247300009231","-77.48925"
"05/02/2025","AQS","511071005","1","11.2","ppb","10","Broad Run High School, Ashburn","24","100.0000","42602","Nitrogen dioxide (NO2)","212","47900","Washington-Arlington-Alexandria, DC-VA-MD-WV","51","Virginia","107","Loudoun","39.0247300009231","-77.48925"
"05/03/2025","AQS","511071005","1","2.7","ppb","2","Broad Run High School, Ashburn","24","100.0000","42602","Nitrogen dioxide (NO2)","212","47900","Washington-Arlington-Alexandria, DC-VA-MD-WV","51","Virginia","107","Loudoun","39.0247300009231","-77.48925"
"05/04/2025","AQS","511071005","1","8","ppb","8","Broad Run High School, Ashburn","23","96.0000","42602","Nitrogen dioxide (NO2)","212","47900","Washington-Arlington-Alexandria, DC-VA-MD-WV","51","Virginia","107","Loudoun","39.0247300009231","-77.48925"
"05/05/2025","AQS","511071005","1","8.8","ppb","8","Broad Run High School, Ashburn","24","100.0000","42602","Nitrogen dioxide (NO2)","212","47900","Washington-Arlington-Alexandria, DC-VA-MD-WV","51","Virginia","107","Loudoun","39.0247300009231","-77.48925"
"05/06/2025","AQS","511071005","1","6.1","ppb","6","Broad Run High School, Ashburn","24","100.0000","42602","Nitrogen dioxide (NO2)","212","47900","Washington-Arlington-Alexandria, DC-VA-MD-WV","51","Virginia","107","Loudoun","39.0247300009231","-77.48925"
"05/07/2025","AQS","511071005","1","12.6","ppb","11","Broad Run High School, Ashburn","23","96.0000","42602","Nitrogen dioxide (NO2)","212","47900","Washington-Arlington-Alexandria, DC-VA-MD-WV","51","Virginia","107","Loudoun","39.0247300009231","-77.48925"
"05/08/2025","AQS","511071005","1","26.7","ppb","25","Broad Run High School, Ashburn","24","100.0000","42602","Nitrogen dioxide (NO2)","212","47900","Washington-Arlington-Alexandria, DC-VA-MD-WV","51","Virginia","107","Loudoun","39.0247300009231","-77.48925"
"05/09/2025","AQS","511071005","1","4.1","ppb","4","Broad Run High School, Ashburn","24","100.0000","42602","Nitrogen dioxide (NO2)","212","47900","Washington-Arlington-Alexandria, DC-VA-MD-WV","51","Virginia","107","Loudoun","39.0247300009231","-77.48925"
"05/10/2025","AQS","511071005","1","4.3","ppb","4","Broad Run High School, Ashburn","23","96.0000","42602","Nitrogen dioxide (NO2)","212","47900","Washington-Arlington-Alexandria, DC-VA-MD-WV","51","Virginia","107","Loudoun","39.0247300009231","-77.48925"
"05/11/2025","AQS","511071005","1","6.4","ppb","6","Broad Run High School, Ashburn","24","100.0000","42602","Nitrogen dioxide (NO2)","212","47900","Washington-Arlington-Alexandria, DC-VA-MD-WV","51","Virginia","107","Loudoun","39.0247300009231","-77.48925"
"05/12/2025","AQS","511071005","1","9.9","ppb","8","Broad Run High School, Ashburn","23","96.0000","42602","Nitrogen dioxide (NO2)","212","47900","Washington-Arlington-Alexandria, DC-VA-MD-WV","51","Virginia","107","Loudoun","39.0247300009231","-77.48925"
"05/13/2025","AQS","511071005","1","15.7","ppb","14","Broad Run High School, Ashburn","23","96.0000","42602","Nitrogen dioxide (NO2)","212","47900","Washington-Arlington-Alexandria, DC-VA-MD-WV","51","Virginia","107","Loudoun","39.0247300009231","-77.48925"
"05/14/2025","AQS","511071005","1","4.3","ppb","4","Broad Run High School, Ashburn","24","100.0000","42602","Nitrogen dioxide (NO2)","212","47900","Washington-Arlington-Alexandria, DC-VA-MD-WV","51","Virginia","107","Loudoun","39.0247300009231","-77.48925"
"05/15/2025","AQS","511071005","1","4.4","ppb","4","Broad Run High School, Ashburn","24","100.0000","42602","Nitrogen dioxide (NO2)","212","47900","Washington-Arlington-Alexandria, DC-VA-MD-WV","51","Virginia","107","Loudoun","39.0247300009231","-77.48925"
"05/16/2025","AQS","511071005","1","19.1","ppb","18","Broad Run High School, Ashburn","23","96.0000","42602","Nitrogen dioxide (NO2)","212","47900","Washington-Arlington-Alexandria, DC-VA-MD-WV","51","Virginia","107","Loudoun","39.0247300009231","-77.48925"
"05/17/2025","AQS","511071005","1","2.5","ppb","2","Broad Run High School, Ashburn","24","100.0000","42602","Nitrogen dioxide (NO2)","212","47900","Washington-Arlington-Alexandria, DC-VA-MD-WV","51","Virginia","107","Loudoun","39.0247300009231","-77.48925"
"05/18/2025","AQS","511071005","1","1.4","ppb","1","Broad Run High School, Ashburn","24","100.0000","42602","Nitrogen dioxide (NO2)","212","47900","Washington-Arlington-Alexandria, DC-VA-MD-WV","51","Virginia","107","Loudoun","39.0247300009231","-77.48925"
"05/19/2025","AQS","511071005","1","5.4","ppb","5","Broad Run High School, Ashburn","23","96.0000","42602","Nitrogen dioxide (NO2)","212","47900","Washington-Arlington-Alexandria, DC-VA-MD-WV","51","Virginia","107","Loudoun","39.0247300009231","-77.48925"
"05/20/2025","AQS","511071005","1","7.2","ppb","7","Broad Run High School, Ashburn","24","100.0000","42602","Nitrogen dioxide (NO2)","212","47900","Washington-Arlington-Alexandria, DC-VA-MD-WV","51","Virginia","107","Loudoun","39.0247300009231","-77.48925"
"05/21/2025","AQS","511071005","1","5","ppb","5","Broad Run High School, Ashburn","24","100.0000","42602","Nitrogen dioxide (NO2)","212","47900","Washington-Arlington-Alexandria, DC-VA-MD-WV","51","Virginia","107","Loudoun","39.0247300009231","-77.48925"
"05/22/2025","AQS","511071005","1","6.7","ppb","6","Broad Run High School, Ashburn","23","96.0000","42602","Nitrogen dioxide (NO2)","212","47900","Washington-Arlington-Alexandria, DC-VA-MD-WV","51","Virginia","107","Loudoun","39.0247300009231","-77.48925"
"05/23/2025","AQS","511071005","1","3.1","ppb","3","Broad Run High School, Ashburn","24","100.0000","42602","Nitrogen dioxide (NO2)","212","47900","Washington-Arlington-Alexandria, DC-VA-MD-WV","51","Virginia","107","Loudoun","39.0247300009231","-77.48925"
"05/24/2025","AQS","511071005","1","6.7","ppb","6","Broad Run High School, Ashburn","24","100.0000","42602","Nitrogen dioxide (NO2)","212","47900","Washington-Arlington-Alexandria, DC-VA-MD-WV","51","Virginia","107","Loudoun","39.0247300009231","-77.48925"
"05/25/2025","AQS","511071005","1","3","ppb","3","Broad Run High School, Ashburn","23","96.0000","42602","Nitrogen dioxide (NO2)","212","47900","Washington-Arlington-Alexandria, DC-VA-MD-WV","51","Virginia","107","Loudoun","39.0247300009231","-77.48925"
"05/26/2025","AQS","511071005","1","6.1","ppb","6","Broad Run High School, Ashburn","24","100.0000","42602","Nitrogen dioxide (NO2)","212","47900","Washington-Arlington-Alexandria, DC-VA-MD-WV","51","Virginia","107","Loudoun","39.0247300009231","-77.48925"
"05/27/2025","AQS","511071005","1","10.3","ppb","9","Broad Run High School, Ashburn","23","96.0000","42602","Nitrogen dioxide (NO2)","212","47900","Washington-Arlington-Alexandria, DC-VA-MD-WV","51","Virginia","107","Loudoun","39.0247300009231","-77.48925"
"05/28/2025","AQS","511071005","1","4.4","ppb","4","Broad Run High School, Ashburn","23","96.0000","42602","Nitrogen dioxide (NO2)","212","47900","Washington-Arlington-Alexandria, DC-VA-MD-WV","51","Virginia","107","Loudoun","39.0247300009231","-77.48925"
"05/29/2025","AQS","511071005","1","13","ppb","12","Broad Run High School, Ashburn","24","100.0000","42602","Nitrogen dioxide (NO2)","212","47900","Washington-Arlington-Alexandria, DC-VA-MD-WV","51","Virginia","107","Loudoun","39.0247300009231","-77.48925"
"05/30/2025","AQS","511071005","1","4.1","ppb","4","Broad Run High School, Ashburn","24","100.0000","42602","Nitrogen dioxide (NO2)","212","47900","Washington-Arlington-Alexandria, DC-VA-MD-WV","51","Virginia","107","Loudoun","39.0247300009231","-77.48925"
"05/31/2025","AQS","511071005","1","1.5","ppb","1","Broad Run High School, Ashburn","23","96.0000","42602","Nitrogen dioxide (NO2)","212","47900","Washington-Arlington-Alexandria, DC-VA-MD-WV","51","Virginia","107","Loudoun","39.0247300009231","-77.48925"
"06/01/2025","AQS","511071005","1","6.5","ppb","6","Broad Run High School, Ashburn","24","100.0000","42602","Nitrogen dioxide (NO2)","212","47900","Washington-Arlington-Alexandria, DC-VA-MD-WV","51","Virginia","107","Loudoun","39.0247300009231","-77.48925"
"06/02/2025","AQS","511071005","1","8.3","ppb","8","Broad Run High School, Ashburn","24","100.0000","42602","Nitrogen dioxide (NO2)","212","47900","Washington-Arlington-Alexandria, DC-VA-MD-WV","51","Virginia","107","Loudoun","39.0247300009231","-77.48925"
"06/03/2025","AQS","511071005","1","18.8","ppb","17","Broad Run High School, Ashburn","23","96.0000","42602","Nitrogen dioxide (NO2)","212","47900","Washington-Arlington-Alexandria, DC-VA-MD-WV","51","Virginia","107","Loudoun","39.0247300009231","-77.48925"
"06/04/2025","AQS","511071005","1","8.4","ppb","8","Broad Run High School, Ashburn","24","100.0000","42602","Nitrogen dioxide (NO2)","212","47900","Washington-Arlington-Alexandria, DC-VA-MD-WV","51","Virginia","107","Loudoun","39.0247300009231","-77.48925"
"06/05/2025","AQS","511071005","1","7.8","ppb","7","Broad Run High School, Ashburn","24","100.0000","42602","Nitrogen dioxide (NO2)","212","47900","Washington-Arlington-Alexandria, DC-VA-MD-WV","51","Virginia","107","Loudoun","39.0247300009231","-77.48925"
"06/06/2025","AQS","511071005","1","7.9","ppb","7","Broad Run High School, Ashburn","23","96.0000","42602","Nitrogen dioxide (NO2)","212","47900","Washington-Arlington-Alexandria, DC-VA-MD-WV","51","Virginia","107","Loudoun","39.0247300009231","-77.48925"
"06/07/2025","AQS","511071005","1","6.3","ppb","6","Broad Run High School, Ashburn","24","100.0000","42602","Nitrogen dioxide (NO2)","212","47900","Washington-Arlington-Alexandria, DC-VA-MD-WV","51","Virginia","107","Loudoun","39.0247300009231","-77.48925"
"06/08/2025","AQS","511071005","1","4.4","ppb","4","Broad Run High School, Ashburn","24","100.0000","42602","Nitrogen dioxide (NO2)","212","47900","Washington-Arlington-Alexandria, DC-VA-MD-WV","51","Virginia","107","Loudoun","39.0247300009231","-77.48925"
"06/09/2025","AQS","511071005","1","6.7","ppb","6","Broad Run High School, Ashburn","23","96.0000","42602","Nitrogen dioxide (NO2)","212","47900","Washington-Arlington-Alexandria, DC-VA-MD-WV","51","Virginia","107","Loudoun","39.0247300009231","-77.48925"
"06/10/2025","AQS","511071005","1","9.1","ppb","8","Broad Run High School, Ashburn","23","96.0000","42602","Nitrogen dioxide (NO2)","212","47900","Washington-Arlington-Alexandria, DC-VA-MD-WV","51","Virginia","107","Loudoun","39.0247300009231","-77.48925"
"06/11/2025","AQS","511071005","1","11.2","ppb","10","Broad Run High School, Ashburn","24","100.0000","42602","Nitrogen dioxide (NO2)","212","47900","Washington-Arlington-Alexandria, DC-VA-MD-WV","51","Virginia","107","Loudoun","39.0247300009231","-77.48925"
"06/12/2025","AQS","511071005","1","8.8","ppb","8","Broad Run High School, Ashburn","23","96.0000","42602","Nitrogen dioxide (NO2)","212","47900","Washington-Arlington-Alexandria, DC-VA-MD-WV","51","Virginia","107","Loudoun","39.0247300009231","-77.48925"
"06/13/2025","AQS","511071005","1","8.4","ppb","8","Broad Run High School, Ashburn","24","100.0000","42602","Nitrogen dioxide (NO2)","212","47900","Washington-Arlington-Alexandria, DC-VA-MD-WV","51","Virginia","107","Loudoun","39.0247300009231","-77.48925"
"06/14/2025","AQS","511071005","1","11.6","ppb","10","Broad Run High School, Ashburn","24","100.0000","42602","Nitrogen dioxide (NO2)","212","47900","Washington-Arlington-Alexandria, DC-VA-MD-WV","51","Virginia","107","Loudoun","39.0247300009231","-77.48925"
"06/15/2025","AQS","511071005","1","5.6","ppb","5","Broad Run High School, Ashburn","23","96.0000","42602","Nitrogen dioxide (NO2)","212","47900","Washington-Arlington-Alexandria, DC-VA-MD-WV","51","Virginia","107","Loudoun","39.0247300009231","-77.48925"
"06/16/2025","AQS","511071005","1","7.2","ppb","7","Broad Run High School, Ashburn","24","100.0000","42602","Nitrogen dioxide (NO2)","212","47900","Washington-Arlington-Alexandria, DC-VA-MD-WV","51","Virginia","107","Loudoun","39.0247300009231","-77.48925"
"06/17/2025","AQS","511071005","1","10.7","ppb","9","Broad Run High School, Ashburn","24","100.0000","42602","Nitrogen dioxide (NO2)","212","47900","Washington-Arlington-Alexandria, DC-VA-MD-WV","51","Virginia","107","Loudoun","39.0247300009231","-77.48925"
"06/18/2025","AQS","511071005","1","16","ppb","15","Broad Run High School, Ashburn","23","96.0000","42602","Nitrogen dioxide (NO2)","212","47900","Washington-Arlington-Alexandria, DC-VA-MD-WV","51","Virginia","107","Loudoun","39.0247300009231","-77.48925"
"06/19/2025","AQS","511071005","1","5.1","ppb","5","Broad Run High School, Ashburn","22","92.0000","42602","Nitrogen dioxide (NO2)","212","47900","Washington-Arlington-Alexandria, DC-VA-MD-WV","51","Virginia","107","Loudoun","39.0247300009231","-77.48925"
"06/20/2025","AQS","511071005","1","2.8","ppb","2","Broad Run High School, Ashburn","24","100.0000","42602","Nitrogen dioxide (NO2)","212","47900","Washington-Arlington-Alexandria, DC-VA-MD-WV","51","Virginia","107","Loudoun","39.0247300009231","-77.48925"
"06/21/2025","AQS","511071005","1","7.3","ppb","7","Broad Run High School, Ashburn","23","96.0000","42602","Nitrogen dioxide (NO2)","212","47900","Washington-Arlington-Alexandria, DC-VA-MD-WV","51","Virginia","107","Loudoun","39.0247300009231","-77.48925"
"06/22/2025","AQS","511071005","1","1.9","ppb","1","Broad Run High School, Ashburn","24","100.0000","42602","Nitrogen dioxide (NO2)","212","47900","Washington-Arlington-Alexandria, DC-VA-MD-WV","51","Virginia","107","Loudoun","39.0247300009231","-77.48925"
"06/23/2025","AQS","511071005","1","4.4","ppb","4","Broad Run High School, Ashburn","23","96.0000","42602","Nitrogen dioxide (NO2)","212","47900","Washington-Arlington-Alexandria, DC-VA-MD-WV","51","Virginia","107","Loudoun","39.0247300009231","-77.48925"
"06/24/2025","AQS","511071005","1","8.2","ppb","8","Broad Run High School, Ashburn","23","96.0000","42602","Nitrogen dioxide (NO2)","212","47900","Washington-Arlington-Alexandria, DC-VA-MD-WV","51","Virginia","107","Loudoun","39.0247300009231","-77.48925"
"06/25/2025","AQS","511071005","1","8.1","ppb","8","Broad Run High School, Ashburn","24","100.0000","42602","Nitrogen dioxide (NO2)","212","47900","Washington-Arlington-Alexandria, DC-VA-MD-WV","51","Virginia","107","Loudoun","39.0247300009231","-77.48925"
"06/26/2025","AQS","511071005","1","20.5","ppb","19","Broad Run High School, Ashburn","24","100.0000","42602","Nitrogen dioxide (NO2)","212","47900","Washington-Arlington-Alexandria, DC-VA-MD-WV","51","Virginia","107","Loudoun","39.0247300009231","-77.48925"
"06/27/2025","AQS","511071005","1","6.4","ppb","6","Broad Run High School, Ashburn","23","96.0000","42602","Nitrogen dioxide (NO2)","212","47900","Washington-Arlington-Alexandria, DC-VA-MD-WV","51","Virginia","107","Loudoun","39.0247300009231","-77.48925"
"06/28/2025","AQS","511071005","1","14.8","ppb","13","Broad Run High School, Ashburn","24","100.0000","42602","Nitrogen dioxide (NO2)","212","47900","Washington-Arlington-Alexandria, DC-VA-MD-WV","51","Virginia","107","Loudoun","39.0247300009231","-77.48925"
"06/29/2025","AQS","511071005","1","12.1","ppb","11","Broad Run High School, Ashburn","24","100.0000","42602","Nitrogen dioxide (NO2)","212","47900","Washington-Arlington-Alexandria, DC-VA-MD-WV","51","Virginia","107","Loudoun","39.0247300009231","-77.48925"
"06/30/2025","AQS","511071005","1","9.9","ppb","8","Broad Run High School, Ashburn","23","96.0000","42602","Nitrogen dioxide (NO2)","212","47900","Washington-Arlington-Alexandria, DC-VA-MD-WV","51","Virginia","107","Loudoun","39.0247300009231","-77.48925"
"01/01/2025","AQS","511530009","1","8","ppb","8","James S. Long Park","23","96.0000","42602","Nitrogen dioxide (NO2)","212","47900","Washington-Arlington-Alexandria, DC-VA-MD-WV","51","Virginia","153","Prince William","38.8528700009219","-77.63462"
"01/02/2025","AQS","511530009","1","7.9","ppb","7","James S. Long Park","24","100.0000","42602","Nitrogen dioxide (NO2)","212","47900","Washington-Arlington-Alexandria, DC-VA-MD-WV","51","Virginia","153","Prince William","38.8528700009219","-77.63462"
"01/03/2025","AQS","511530009","1","18.7","ppb","17","James S. Long Park","23","96.0000","42602","Nitrogen dioxide (NO2)","212","47900","Washington-Arlington-Alexandria, DC-VA-MD-WV","51","Virginia","153","Prince William","38.8528700009219","-77.63462"
"01/04/2025","AQS","511530009","1","2","ppb","2","James S. Long Park","23","96.0000","42602","Nitrogen dioxide (NO2)","212","47900","Washington-Arlington-Alexandria, DC-VA-MD-WV","51","Virginia","153","Prince William","38.8528700009219","-77.63462"
"01/05/2025","AQS","511530009","1","19.8","ppb","18","James S. Long Park","24","100.0000","42602","Nitrogen dioxide (NO2)","212","47900","Washington-Arlington-Alexandria, DC-VA-MD-WV","51","Virginia","153","Prince William","38.8528700009219","-77.63462"
"01/06/2025","AQS","511530009","1","13.1","ppb","12","James S. Long Park","24","100.0000","42602","Nitrogen dioxide (NO2)","212","47900","Washington-Arlington-Alexandria, DC-VA-MD-WV","51","Virginia","153","Prince William","38.8528700009219","-77.63462"
"01/07/2025","AQS","511530009","1","2.5","ppb","2","James S. Long Park","23","96.0000","42602","Nitrogen dioxide (NO2)","212","47900","Washington-Arlington-Alexandria, DC-VA-MD-WV","51","Virginia","153","Prince William","38.8528700009219","-77.63462"
"01/08/2025","AQS","511530009","1","3.3","ppb","3","James S. Long Park","24","100.0000","42602","Nitrogen dioxide (NO2)","212","47900","Washington-Arlington-Alexandria, DC-VA-MD-WV","51","Virginia","153","Prince William","38.8528700009219","-77.63462"
"01/09/2025","AQS","511530009","1","2.7","ppb","2","James S. Long Park","21","88.0000","42602","Nitrogen dioxide (NO2)","212","47900","Washington-Arlington-Alexandria, DC-VA-MD-WV","51","Virginia","153","Prince William","38.8528700009219","-77.63462"
"01/10/2025","AQS","511530009","1","10.4","ppb","9","James S. Long Park","23","96.0000","42602","Nitrogen dioxide (NO2)","212","47900","Washington-Arlington-Alexandria, DC-VA-MD-WV","51","Virginia","153","Prince William","38.8528700009219","-77.63462"
"01/11/2025","AQS","511530009","1","6.8","ppb","6","James S. Long Park","24","100.0000","42602","Nitrogen dioxide (NO2)","212","47900","Washington-Arlington-Alexandria, DC-VA-MD-WV","51","Virginia","153","Prince William","38.8528700009219","-77.63462"
"01/12/2025","AQS","511530009","1","16.7","ppb","15","James S. Long Park","24","100.0000","42602","Nitrogen dioxide (NO2)","212","47900","Washington-Arlington-Alexandria, DC-VA-MD-WV","51","Virginia","153","Prince William","38.8528700009219","-77.63462"
"01/13/2025","AQS","511530009","1","25.7","ppb","24","James S. Long Park","23","96.0000","42602","Nitrogen dioxide (NO2)","212","47900","Washington-Arlington-Alexandria, DC-VA-MD-WV","51","Virginia","153","Prince William","38.8528700009219","-77.63462"
"01/14/2025","AQS","511530009","1","3.4","ppb","3","James S. Long Park","24","100.0000","42602","Nitrogen dioxide (NO2)","212","47900","Washington-Arlington-Alexandria, DC-VA-MD-WV","51","Virginia","153","Prince William","38.8528700009219","-77.63462"
"01/15/2025","AQS","511530009","1","3.5","ppb","3","James S. Long Park","24","100.0000","42602","Nitrogen dioxide (NO2)","212","47900","Washington-Arlington-Alexandria, DC-VA-MD-WV","51","Virginia","153","Prince William","38.8528700009219","-77.63462"
"01/16/2025","AQS","511530009","1","25.6","ppb","24","James S. Long Park","23","96.0000","42602","Nitrogen dioxide (NO2)","212","47900","Washington-Arlington-Alexandria, DC-VA-MD-WV","51","Virginia","153","Prince William","38.8528700009219","-77.63462"
"01/17/2025","AQS","511530009","1","17.5","ppb","16","James S. Long Park","23","96.0000","42602","Nitrogen dioxide (NO2)","212","47900","Washington-Arlington-Alexandria, DC-VA-MD-WV","51","Virginia","153","Prince William","38.8528700009219","-77.63462"
"01/18/2025","AQS","511530009","1","17.4","ppb","16","James S. Long Park","24","100.0000","42602","Nitrogen dioxide (NO2)","212","47900","Washington-Arlington-Alexandria, DC-VA-MD-WV","51","Virginia","153","Prince William","38.8528700009219","-77.63462"
"01/19/2025","AQS","511530009","1","13.3","ppb","12","James S. Long Park","23","96.0000","42602","Nitrogen dioxide (NO2)","212","47900","Washington-Arlington-Alexandria, DC-VA-MD-WV","51","Virginia","153","Prince William","38.8528700009219","-77.63462"
"01/20/2025","AQS","511530009","1","6.6","ppb","6","James S. Long Park","24","100.0000","42602","Nitrogen dioxide (NO2)","212","47900","Washington-Arlington-Alexandria, DC-VA-MD-WV","51","Virginia","153","Prince William","38.8528700009219","-77.63462"
"01/21/2025","AQS","511530009","1","8.2","ppb","8","James S. Long Park","24","100.0000","42602","Nitrogen dioxide (NO2)","212","47900","Washington-Arlington-Alexandria, DC-VA-MD-WV","51","Virginia","153","Prince William","38.8528700009219","-77.63462"
"01/22/2025","AQS","511530009","1","14.9","ppb","13","James S. Long Park","23","96.0000","42602","Nitrogen dioxide (NO2)","212","47900","Washington-Arlington-Alexandria, DC-VA-MD-WV","51","Virginia","153","Prince William","38.8528700009219","-77.63462"
"01/23/2025","AQS","511530009","1","25.2","ppb","24","James S. Long Park","24","100.0000","42602","Nitrogen dioxide (NO2)","212","47900","Washington-Arlington-Alexandria, DC-VA-MD-WV","51","Virginia","153","Prince William","38.8528700009219","-77.63462"
"01/24/2025","AQS","511530009","1","24.4","ppb","23","James S. Long Park","24","100.0000","42602","Nitrogen dioxide (NO2)","212","47900","Washington-Arlington-Alexandria, DC-VA-MD-WV","51","Virginia","153","Prince William","38.8528700009219","-77.63462"
"01/25/2025","AQS","511530009","1","18.6","ppb","17","James S. Long Park","23","96.0000","42602","Nitrogen dioxide (NO2)","212","47900","Washington-Arlington-Alexandria, DC-VA-MD-WV","51","Virginia","153","Prince William","38.8528700009219","-77.63462"
"01/26/2025","AQS","511530009","1","15.3","ppb","14","James S. Long Park","24","100.0000","42602","Nitrogen dioxide (NO2)","212","47900","Washington-Arlington-Alexandria, DC-VA-MD-WV","51","Virginia","153","Prince William","38.8528700009219","-77.63462"
"01/27/2025","AQS","511530009","1","26.6","ppb","25","James S. Long Park","24","100.0000","42602","Nitrogen dioxide (NO2)","212","47900","Washington-Arlington-Alexandria, DC-VA-MD-WV","51","Virginia","153","Prince William","38.8528700009219","-77.63462"
"01/28/2025","AQS","511530009","1","29.7","ppb","27","James S. Long Park","23","96.0000","42602","Nitrogen dioxide (NO2)","212","47900","Washington-Arlington-Alexandria, DC-VA-MD-WV","51","Virginia","153","Prince William","38.8528700009219","-77.63462"
"01/29/2025","AQS","511530009","1","21","ppb","20","James S. Long Park","24","100.0000","42602","Nitrogen dioxide (NO2)","212","47900","Washington-Arlington-Alexandria, DC-VA-MD-WV","51","Virginia","153","Prince William","38.8528700009219","-77.63462"
"01/30/2025","AQS","511530009","1","20.3","ppb","19","James S. Long Park","23","96.0000","42602","Nitrogen dioxide (NO2)","212","47900","Washington-Arlington-Alexandria, DC-VA-MD-WV","51","Virginia","153","Prince William","38.8528700009219","-77.63462"
"01/31/2025","AQS","511530009","1","5.7","ppb","5","James S. Long Park","23","96.0000","42602","Nitrogen dioxide (NO2)","212","47900","Washington-Arlington-Alexandria, DC-VA-MD-WV","51","Virginia","153","Prince William","38.8528700009219","-77.63462"
"02/01/2025","AQS","511530009","1","4.7","ppb","4","James S. Long Park","24","100.0000","42602","Nitrogen dioxide (NO2)","212","47900","Washington-Arlington-Alexandria, DC-VA-MD-WV","51","Virginia","153","Prince William","38.8528700009219","-77.63462"
"02/02/2025","AQS","511530009","1","7.9","ppb","7","James S. Long Park","24","100.0000","42602","Nitrogen dioxide (NO2)","212","47900","Washington-Arlington-Alexandria, DC-VA-MD-WV","51","Virginia","153","Prince William","38.8528700009219","-77.63462"
"02/03/2025","AQS","511530009","1","20.3","ppb","19","James S. Long Park","23","96.0000","42602","Nitrogen dioxide (NO2)","212","47900","Washington-Arlington-Alexandria, DC-VA-MD-WV","51","Virginia","153","Prince William","38.8528700009219","-77.63462"
"02/04/2025","AQS","511530009","1","19.2","ppb","18","James S. Long Park","24","100.0000","42602","Nitrogen dioxide (NO2)","212","47900","Washington-Arlington-Alexandria, DC-VA-MD-WV","51","Virginia","153","Prince William","38.8528700009219","-77.63462"
"02/05/2025","AQS","511530009","1","10","ppb","9","James S. Long Park","24","100.0000","42602","Nitrogen dioxide (NO2)","212","47900","Washington-Arlington-Alexandria, DC-VA-MD-WV","51","Virginia","153","Prince William","38.8528700009219","-77.63462"
"02/06/2025","AQS","511530009","1","8.5","ppb","8","James S. Long Park","23","96.0000","42602","Nitrogen dioxide (NO2)","212","47900","Washington-Arlington-Alexandria, DC-VA-MD-WV","51","Virginia","153","Prince William","38.8528700009219","-77.63462"
"02/07/2025","AQS","511530009","1","4.7","ppb","4","James S. Long Park","24","100.0000","42602","Nitrogen dioxide (NO2)","212","47900","Washington-Arlington-Alexandria, DC-VA-MD-WV","51","Virginia","153","Prince William","38.8528700009219","-77.63462"
"02/08/2025","AQS","511530009","1","8.2","ppb","8","James S. Long Park","24","100.0000","42602","Nitrogen dioxide (NO2)","212","47900","Washington-Arlington-Alexandria, DC-VA-MD-WV","51","Virginia","153","Prince William","38.8528700009219","-77.63462"
"02/09/2025","AQS","511530009","1","2.7","ppb","2","James S. Long Park","23","96.0000","42602","Nitrogen dioxide (NO2)","212","47900","Washington-Arlington-Alexandria, DC-VA-MD-WV","51","Virginia","153","Prince William","38.8528700009219","-77.63462"
"02/10/2025","AQS","511530009","1","5.8","ppb","5","James S. Long Park","24","100.0000","42602","Nitrogen dioxide (NO2)","212","47900","Washington-Arlington-Alexandria, DC-VA-MD-WV","51","Virginia","153","Prince William","38.8528700009219","-77.63462"
"02/11/2025","AQS","511530009","1","19.2","ppb","18","James S. Long Park","24","100.0000","42602","Nitrogen dioxide (NO2)","212","47900","Washington-Arlington-Alexandria, DC-VA-MD-WV","51","Virginia","153","Prince William","38.8528700009219","-77.63462"
"02/12/2025","AQS","511530009","1","15.4","ppb","14","James S. Long Park","23","96.0000","42602","Nitrogen dioxide (NO2)","212","47900","Washington-Arlington-Alexandria, DC-VA-MD-WV","51","Virginia","153","Prince William","38.8528700009219","-77.63462"
"02/13/2025","AQS","511530009","1","20","ppb","19","James S. Long Park","24","100.0000","42602","Nitrogen dioxide (NO2)","212","47900","Washington-Arlington-Alexandria, DC-VA-MD-WV","51","Virginia","153","Prince William","38.8528700009219","-77.63462"
"02/14/2025","AQS","511530009","1","12.2","ppb","11","James S. Long Park","23","96.0000","42602","Nitrogen dioxide (NO2)","212","47900","Washington-Arlington-Alexandria, DC-VA-MD-WV","51","Virginia","153","Prince William","38.8528700009219","-77.63462"
"02/15/2025","AQS","511530009","1","11.2","ppb","10","James S. Long Park","23","96.0000","42602","Nitrogen dioxide (NO2)","212","47900","Washington-Arlington-Alexandria, DC-VA-MD-WV","51","Virginia","153","Prince William","38.8528700009219","-77.63462"
"02/16/2025","AQS","511530009","1","4.6","ppb","4","James S. Long Park","24","100.0000","42602","Nitrogen dioxide (NO2)","212","47900","Washington-Arlington-Alexandria, DC-VA-MD-WV","51","Virginia","153","Prince William","38.8528700009219","-77.63462"
"02/17/2025","AQS","511530009","1","2","ppb","2","James S. Long Park","24","100.0000","42602","Nitrogen dioxide (NO2)","212","47900","Washington-Arlington-Alexandria, DC-VA-MD-WV","51","Virginia","153","Prince William","38.8528700009219","-77.63462"
"02/18/2025","AQS","511530009","1","2.4","ppb","2","James S. Long Park","23","96.0000","42602","Nitrogen dioxide (NO2)","212","47900","Washington-Arlington-Alexandria, DC-VA-MD-WV","51","Virginia","153","Prince William","38.8528700009219","-77.63462"
"02/19/2025","AQS","511530009","1","11.8","ppb","10","James S. Long Park","24","100.0000","42602","Nitrogen dioxide (NO2)","212","47900","Washington-Arlington-Alexandria, DC-VA-MD-WV","51","Virginia","153","Prince William","38.8528700009219","-77.63462"
"02/20/2025","AQS","511530009","1","3.6","ppb","3","James S. Long Park","24","100.0000","42602","Nitrogen dioxide (NO2)","212","47900","Washington-Arlington-Alexandria, DC-VA-MD-WV","51","Virginia","153","Prince William","38.8528700009219","-77.63462"
"02/21/2025","AQS","511530009","1","3.1","ppb","3","James S. Long Park","23","96.0000","42602","Nitrogen dioxide (NO2)","212","47900","Washington-Arlington-Alexandria, DC-VA-MD-WV","51","Virginia","153","Prince William","38.8528700009219","-77.63462"
"02/22/2025","AQS","511530009","1","15.2","ppb","14","James S. Long Park","24","100.0000","42602","Nitrogen dioxide (NO2)","212","47900","Washington-Arlington-Alexandria, DC-VA-MD-WV","51","Virginia","153","Prince William","38.8528700009219","-77.63462"
"02/23/2025","AQS","511530009","1","15.8","ppb","14","James S. Long Park","24","100.0000","42602","Nitrogen dioxide (NO2)","212","47900","Washington-Arlington-Alexandria, DC-VA-MD-WV","51","Virginia","153","Prince William","38.8528700009219","-77.63462"
"02/24/2025","AQS","511530009","1","24.9","ppb","23","James S. Long Park","23","96.0000","42602","Nitrogen dioxide (NO2)","212","47900","Washington-Arlington-Alexandria, DC-VA-MD-WV","51","Virginia","153","Prince William","38.8528700009219","-77.63462"
"02/25/2025","AQS","511530009","1","18.7","ppb","17","James S. Long Park","24","100.0000","42602","Nitrogen dioxide (NO2)","212","47900","Washington-Arlington-Alexandria, DC-VA-MD-WV","51","Virginia","153","Prince William","38.8528700009219","-77.63462"
"02/26/2025","AQS","511530009","1","25","ppb","24","James S. Long Park","24","100.0000","42602","Nitrogen dioxide (NO2)","212","47900","Washington-Arlington-Alexandria, DC-VA-MD-WV","51","Virginia","153","Prince William","38.8528700009219","-77.63462"
"02/27/2025","AQS","511530009","1","16.9","ppb","15","James S. Long Park","23","96.0000","42602","Nitrogen dioxide (NO2)","212","47900","Washington-Arlington-Alexandria, DC-VA-MD-WV","51","Virginia","153","Prince William","38.8528700009219","-77.63462"
"02/28/2025","AQS","511530009","1","2.8","ppb","2","James S. Long Park","23","96.0000","42602","Nitrogen dioxide (NO2)","212","47900","Washington-Arlington-Alexandria, DC-VA-MD-WV","51","Virginia","153","Prince William","38.8528700009219","-77.63462"
"03/01/2025","AQS","511530009","1","4.5","ppb","4","James S. Long Park","24","100.0000","42602","Nitrogen dioxide (NO2)","212","47900","Washington-Arlington-Alexandria, DC-VA-MD-WV","51","Virginia","153","Prince William","38.8528700009219","-77.63462"
"03/02/2025","AQS","511530009","1","14.7","ppb","13","James S. Long Park","23","96.0000","42602","Nitrogen dioxide (NO2)","212","47900","Washington-Arlington-Alexandria, DC-VA-MD-WV","51","Virginia","153","Prince William","38.8528700009219","-77.63462"
"03/03/2025","AQS","511530009","1","15","ppb","14","James S. Long Park","24","100.0000","42602","Nitrogen dioxide (NO2)","212","47900","Washington-Arlington-Alexandria, DC-VA-MD-WV","51","Virginia","153","Prince William","38.8528700009219","-77.63462"
"03/04/2025","AQS","511530009","1","14.4","ppb","13","James S. Long Park","24","100.0000","42602","Nitrogen dioxide (NO2)","212","47900","Washington-Arlington-Alexandria, DC-VA-MD-WV","51","Virginia","153","Prince William","38.8528700009219","-77.63462"
"03/05/2025","AQS","511530009","1","3.1","ppb","3","James S. Long Park","23","96.0000","42602","Nitrogen dioxide (NO2)","212","47900","Washington-Arlington-Alexandria, DC-VA-MD-WV","51","Virginia","153","Prince William","38.8528700009219","-77.63462"
"03/06/2025","AQS","511530009","1","2.6","ppb","2","James S. Long Park","24","100.0000","42602","Nitrogen dioxide (NO2)","212","47900","Washington-Arlington-Alexandria, DC-VA-MD-WV","51","Virginia","153","Prince William","38.8528700009219","-77.63462"
"03/07/2025","AQS","511530009","1","8","ppb","8","James S. Long Park","24","100.0000","42602","Nitrogen dioxide (NO2)","212","47900","Washington-Arlington-Alexandria, DC-VA-MD-WV","51","Virginia","153","Prince William","38.8528700009219","-77.63462"
"03/08/2025","AQS","511530009","1","5.3","ppb","5","James S. Long Park","23","96.0000","42602","Nitrogen dioxide (NO2)","212","47900","Washington-Arlington-Alexandria, DC-VA-MD-WV","51","Virginia","153","Prince William","38.8528700009219","-77.63462"
"03/09/2025","AQS","511530009","1","13.1","ppb","12","James S. Long Park","24","100.0000","42602","Nitrogen dioxide (NO2)","212","47900","Washington-Arlington-Alexandria, DC-VA-MD-WV","51","Virginia","153","Prince William","38.8528700009219","-77.63462"
"03/10/2025","AQS","511530009","1","22.2","ppb","21","James S. Long Park","24","100.0000","42602","Nitrogen dioxide (NO2)","212","47900","Washington-Arlington-Alexandria, DC-VA-MD-WV","51","Virginia","153","Prince William","38.8528700009219","-77.63462"
"03/11/2025","AQS","511530009","1","29.5","ppb","27","James S. Long Park","23","96.0000","42602","Nitrogen dioxide (NO2)","212","47900","Washington-Arlington-Alexandria, DC-VA-MD-WV","51","Virginia","153","Prince William","38.8528700009219","-77.63462"
"03/12/2025","AQS","511530009","1","7.1","ppb","7","James S. Long Park","24","100.0000","42602","Nitrogen dioxide (NO2)","212","47900","Washington-Arlington-Alexandria, DC-VA-MD-WV","51","Virginia","153","Prince William","38.8528700009219","-77.63462"
"03/13/2025","AQS","511530009","1","9.6","ppb","8","James S. Long Park","23","96.0000","42602","Nitrogen dioxide (NO2)","212","47900","Washington-Arlington-Alexandria, DC-VA-MD-WV","51","Virginia","153","Prince William","38.8528700009219","-77.63462"
"03/14/2025","AQS","511530009","1","10.3","ppb","9","James S. Long Park","23","96.0000","42602","Nitrogen dioxide (NO2)","212","47900","Washington-Arlington-Alexandria, DC-VA-MD-WV","51","Virginia","153","Prince William","38.8528700009219","-77.63462"
"03/15/2025","AQS","511530009","1","2.5","ppb","2","James S. Long Park","24","100.0000","42602","Nitrogen dioxide (NO2)","212","47900","Washington-Arlington-Alexandria, DC-VA-MD-WV","51","Virginia","153","Prince William","38.8528700009219","-77.63462"
"03/16/2025","AQS","511530009","1","2","ppb","2","James S. Long Park","24","100.0000","42602","Nitrogen dioxide (NO2)","212","47900","Washington-Arlington-Alexandria, DC-VA-MD-WV","51","Virginia","153","Prince William","38.8528700009219","-77.63462"
"03/17/2025","AQS","511530009","1","2.6","ppb","2","James S. Long Park","23","96.0000","42602","Nitrogen dioxide (NO2)","212","47900","Washington-Arlington-Alexandria, DC-VA-MD-WV","51","Virginia","153","Prince William","38.8528700009219","-77.63462"
"03/18/2025","AQS","511530009","1","16.7","ppb","15","James S. Long Park","24","100.0000","42602","Nitrogen dioxide (NO2)","212","47900","Washington-Arlington-Alexandria, DC-VA-MD-WV","51","Virginia","153","Prince William","38.8528700009219","-77.63462"
"03/19/2025","AQS","511530009","1","23","ppb","22","James S. Long Park","24","100.0000","42602","Nitrogen dioxide (NO2)","212","47900","Washington-Arlington-Alexandria, DC-VA-MD-WV","51","Virginia","153","Prince William","38.8528700009219","-77.63462"
"03/20/2025","AQS","511530009","1","20.8","ppb","19","James S. Long Park","23","96.0000","42602","Nitrogen dioxide (NO2)","212","47900","Washington-Arlington-Alexandria, DC-VA-MD-WV","51","Virginia","153","Prince William","38.8528700009219","-77.63462"
"03/21/2025","AQS","511530009","1","9","ppb","8","James S. Long Park","24","100.0000","42602","Nitrogen dioxide (NO2)","212","47900","Washington-Arlington-Alexandria, DC-VA-MD-WV","51","Virginia","153","Prince William","38.8528700009219","-77.63462"
"03/22/2025","AQS","511530009","1","10.6","ppb","9","James S. Long Park","24","100.0000","42602","Nitrogen dioxide (NO2)","212","47900","Washington-Arlington-Alexandria, DC-VA-MD-WV","51","Virginia","153","Prince William","38.8528700009219","-77.63462"
"03/23/2025","AQS","511530009","1","1.9","ppb","1","James S. Long Park","23","96.0000","42602","Nitrogen dioxide (NO2)","212","47900","Washington-Arlington-Alexandria, DC-VA-MD-WV","51","Virginia","153","Prince William","38.8528700009219","-77.63462"
"03/24/2025","AQS","511530009","1","4.4","ppb","4","James S. Long Park","24","100.0000","42602","Nitrogen dioxide (NO2)","212","47900","Washington-Arlington-Alexandria, DC-VA-MD-WV","51","Virginia","153","Prince William","38.8528700009219","-77.63462"
"03/25/2025","AQS","511530009","1","4.3","ppb","4","James S. Long Park","24","100.0000","42602","Nitrogen dioxide (NO2)","212","47900","Washington-Arlington-Alexandria, DC-VA-MD-WV","51","Virginia","153","Prince William","38.8528700009219","-77.63462"
"03/26/2025","AQS","511530009","1","4.2","ppb","4","James S. Long Park","23","96.0000","42602","Nitrogen dioxide (NO2)","212","47900","Washington-Arlington-Alexandria, DC-VA-MD-WV","51","Virginia","153","Prince William","38.8528700009219","-77.63462"
"03/27/2025","AQS","511530009","1","15.1","ppb","14","James S. Long Park","24","100.0000","42602","Nitrogen dioxide (NO2)","212","47900","Washington-Arlington-Alexandria, DC-VA-MD-WV","51","Virginia","153","Prince William","38.8528700009219","-77.63462"
"03/28/2025","AQS","511530009","1","20.9","ppb","19","James S. Long Park","23","96.0000","42602","Nitrogen dioxide (NO2)","212","47900","Washington-Arlington-Alexandria, DC-VA-MD-WV","51","Virginia","153","Prince William","38.8528700009219","-77.63462"
"03/29/2025","AQS","511530009","1","4.4","ppb","4","James S. Long Park","23","96.0000","42602","Nitrogen dioxide (NO2)","212","47900","Washington-Arlington-Alexandria, DC-VA-MD-WV","51","Virginia","153","Prince William","38.8528700009219","-77.63462"
"03/30/2025","AQS","511530009","1","1.3","ppb","1","James S. Long Park","24","100.0000","42602","Nitrogen dioxide (NO2)","212","47900","Washington-Arlington-Alexandria, DC-VA-MD-WV","51","Virginia","153","Prince William","38.8528700009219","-77.63462"
"03/31/2025","AQS","511530009","1","1.6","ppb","1","James S. Long Park","24","100.0000","42602","Nitrogen dioxide (NO2)","212","47900","Washington-Arlington-Alexandria, DC-VA-MD-WV","51","Virginia","153","Prince William","38.8528700009219","-77.63462"
"04/01/2025","AQS","511530009","1","5.1","ppb","5","James S. Long Park","23","96.0000","42602","Nitrogen dioxide (NO2)","212","47900","Washington-Arlington-Alexandria, DC-VA-MD-WV","51","Virginia","153","Prince William","38.8528700009219","-77.63462"
"04/02/2025","AQS","511530009","1","14.4","ppb","13","James S. Long Park","21","88.0000","42602","Nitrogen dioxide (NO2)","212","47900","Washington-Arlington-Alexandria, DC-VA-MD-WV","51","Virginia","153","Prince William","38.8528700009219","-77.63462"
"04/03/2025","AQS","511530009","1","5.2","ppb","5","James S. Long Park","24","100.0000","42602","Nitrogen dioxide (NO2)","212","47900","Washington-Arlington-Alexandria, DC-VA-MD-WV","51","Virginia","153","Prince William","38.8528700009219","-77.63462"
"04/04/2025","AQS","511530009","1","9.9","ppb","8","James S. Long Park","23","96.0000","42602","Nitrogen dioxide (NO2)","212","47900","Washington-Arlington-Alexandria, DC-VA-MD-WV","51","Virginia","153","Prince William","38.8528700009219","-77.63462"
"04/05/2025","AQS","511530009","1","6.4","ppb","6","James S. Long Park","24","100.0000","42602","Nitrogen dioxide (NO2)","212","47900","Washington-Arlington-Alexandria, DC-VA-MD-WV","51","Virginia","153","Prince William","38.8528700009219","-77.63462"
"04/06/2025","AQS","511530009","1","2.4","ppb","2","James S. Long Park","24","100.0000","42602","Nitrogen dioxide (NO2)","212","47900","Washington-Arlington-Alexandria, DC-VA-MD-WV","51","Virginia","153","Prince William","38.8528700009219","-77.63462"
"04/07/2025","AQS","511530009","1","4.7","ppb","4","James S. Long Park","23","96.0000","42602","Nitrogen dioxide (NO2)","212","47900","Washington-Arlington-Alexandria, DC-VA-MD-WV","51","Virginia","153","Prince William","38.8528700009219","-77.63462"
"04/08/2025","AQS","511530009","1","5.4","ppb","5","James S. Long Park","24","100.0000","42602","Nitrogen dioxide (NO2)","212","47900","Washington-Arlington-Alexandria, DC-VA-MD-WV","51","Virginia","153","Prince William","38.8528700009219","-77.63462"
"04/09/2025","AQS","511530009","1","20.8","ppb","19","James S. Long Park","24","100.0000","42602","Nitrogen dioxide (NO2)","212","47900","Washington-Arlington-Alexandria, DC-VA-MD-WV","51","Virginia","153","Prince William","38.8528700009219","-77.63462"
"04/10/2025","AQS","511530009","1","5.4","ppb","5","James S. Long Park","23","96.0000","42602","Nitrogen dioxide (NO2)","212","47900","Washington-Arlington-Alexandria, DC-VA-MD-WV","51","Virginia","153","Prince William","38.8528700009219","-77.63462"
"04/11/2025","AQS","511530009","1","5.8","ppb","5","James S. Long Park","23","96.0000","42602","Nitrogen dioxide (NO2)","212","47900","Washington-Arlington-Alexandria, DC-VA-MD-WV","51","Virginia","153","Prince William","38.8528700009219","-77.63462"
"04/12/2025","AQS","511530009","1","3.9","ppb","3","James S. Long Park","24","100.0000","42602","Nitrogen dioxide (NO2)","212","47900","Washington-Arlington-Alexandria, DC-VA-MD-WV","51","Virginia","153","Prince William","38.8528700009219","-77.63462"
"04/13/2025","AQS","511530009","1","2.9","ppb","2","James S. Long Park","23","96.0000","42602","Nitrogen dioxide (NO2)","212","47900","Washington-Arlington-Alexandria, DC-VA-MD-WV","51","Virginia","153","Prince William","38.8528700009219","-77.63462"
"04/14/2025","AQS","511530009","1","19.6","ppb","18","James S. Long Park","24","100.0000","42602","Nitrogen dioxide (NO2)","212","47900","Washington-Arlington-Alexandria, DC-VA-MD-WV","51","Virginia","153","Prince William","38.8528700009219","-77.63462"
"04/15/2025","AQS","511530009","1","8.1","ppb","8","James S. Long Park","24","100.0000","42602","Nitrogen dioxide (NO2)","212","47900","Washington-Arlington-Alexandria, DC-VA-MD-WV","51","Virginia","153","Prince William","38.8528700009219","-77.63462"
"04/16/2025","AQS","511530009","1","7.1","ppb","7","James S. Long Park","23","96.0000","42602","Nitrogen dioxide (NO2)","212","47900","Washington-Arlington-Alexandria, DC-VA-MD-WV","51","Virginia","153","Prince William","38.8528700009219","-77.63462"
"04/17/2025","AQS","511530009","1","7.5","ppb","7","James S. Long Park","24","100.0000","42602","Nitrogen dioxide (NO2)","212","47900","Washington-Arlington-Alexandria, DC-VA-MD-WV","51","Virginia","153","Prince William","38.8528700009219","-77.63462"
"04/18/2025","AQS","511530009","1","11.4","ppb","10","James S. Long Park","24","100.0000","42602","Nitrogen dioxide (NO2)","212","47900","Washington-Arlington-Alexandria, DC-VA-MD-WV","51","Virginia","153","Prince William","38.8528700009219","-77.63462"
"04/19/2025","AQS","511530009","1","2.1","ppb","2","James S. Long Park","23","96.0000","42602","Nitrogen dioxide (NO2)","212","47900","Washington-Arlington-Alexandria, DC-VA-MD-WV","51","Virginia","153","Prince William","38.8528700009219","-77.63462"
"04/20/2025","AQS","511530009","1","3.9","ppb","3","James S. Long Park","24","100.0000","42602","Nitrogen dioxide (NO2)","212","47900","Washington-Arlington-Alexandria, DC-VA-MD-WV","51","Virginia","153","Prince William","38.8528700009219","-77.63462"
"04/21/2025","AQS","511530009","1","5.2","ppb","5","James S. Long Park","24","100.0000","42602","Nitrogen dioxide (NO2)","212","47900","Washington-Arlington-Alexandria, DC-VA-MD-WV","51","Virginia","153","Prince William","38.8528700009219","-77.63462"
"04/22/2025","AQS","511530009","1","15.1","ppb","14","James S. Long Park","23","96.0000","42602","Nitrogen dioxide (NO2)","212","47900","Washington-Arlington-Alexandria, DC-VA-MD-WV","51","Virginia","153","Prince William","38.8528700009219","-77.63462"
"04/23/2025","AQS","511530009","1","16.1","ppb","15","James S. Long Park","24","100.0000","42602","Nitrogen dioxide (NO2)","212","47900","Washington-Arlington-Alexandria, DC-VA-MD-WV","51","Virginia","153","Prince William","38.8528700009219","-77.63462"
"04/24/2025","AQS","511530009","1","8.8","ppb","8","James S. Long Park","22","92.0000","42602","Nitrogen dioxide (NO2)","212","47900","Washington-Arlington-Alexandria, DC-VA-MD-WV","51","Virginia","153","Prince William","38.8528700009219","-77.63462"
"04/25/2025","AQS","511530009","1","10.7","ppb","9","James S. Long Park","23","96.0000","42602","Nitrogen dioxide (NO2)","212","47900","Washington-Arlington-Alexandria, DC-VA-MD-WV","51","Virginia","153","Prince William","38.8528700009219","-77.63462"
"04/26/2025","AQS","511530009","1","1.9","ppb","1","James S. Long Park","24","100.0000","42602","Nitrogen dioxide (NO2)","212","47900","Washington-Arlington-Alexandria, DC-VA-MD-WV","51","Virginia","153","Prince William","38.8528700009219","-77.63462"
"04/27/2025","AQS","511530009","1","1.2","ppb","1","James S. Long Park","24","100.0000","42602","Nitrogen dioxide (NO2)","212","47900","Washington-Arlington-Alexandria, DC-VA-MD-WV","51","Virginia","153","Prince William","38.8528700009219","-77.63462"
"04/28/2025","AQS","511530009","1","15.5","ppb","14","James S. Long Park","23","96.0000","42602","Nitrogen dioxide (NO2)","212","47900","Washington-Arlington-Alexandria, DC-VA-MD-WV","51","Virginia","153","Prince William","38.8528700009219","-77.63462"
"04/29/2025","AQS","511530009","1","8.8","ppb","8","James S. Long Park","24","100.0000","42602","Nitrogen dioxide (NO2)","212","47900","Washington-Arlington-Alexandria, DC-VA-MD-WV","51","Virginia","153","Prince William","38.8528700009219","-77.63462"
"04/30/2025","AQS","511530009","1","7.1","ppb","7","James S. Long Park","24","100.0000","42602","Nitrogen dioxide (NO2)","212","47900","Washington-Arlington-Alexandria, DC-VA-MD-WV","51","Virginia","153","Prince William","38.8528700009219","-77.63462"
"05/01/2025","AQS","511530009","1","10","ppb","9","James S. Long Park","23","96.0000","42602","Nitrogen dioxide (NO2)","212","47900","Washington-Arlington-Alexandria, DC-VA-MD-WV","51","Virginia","153","Prince William","38.8528700009219","-77.63462"
"05/02/2025","AQS","511530009","1","4.6","ppb","4","James S. Long Park","24","100.0000","42602","Nitrogen dioxide (NO2)","212","47900","Washington-Arlington-Alexandria, DC-VA-MD-WV","51","Virginia","153","Prince William","38.8528700009219","-77.63462"
"05/03/2025","AQS","511530009","1","3.3","ppb","3","James S. Long Park","24","100.0000","42602","Nitrogen dioxide (NO2)","212","47900","Washington-Arlington-Alexandria, DC-VA-MD-WV","51","Virginia","153","Prince William","38.8528700009219","-77.63462"
"05/04/2025","AQS","511530009","1","2.6","ppb","2","James S. Long Park","23","96.0000","42602","Nitrogen dioxide (NO2)","212","47900","Washington-Arlington-Alexandria, DC-VA-MD-WV","51","Virginia","153","Prince William","38.8528700009219","-77.63462"
"05/05/2025","AQS","511530009","1","5.3","ppb","5","James S. Long Park","24","100.0000","42602","Nitrogen dioxide (NO2)","212","47900","Washington-Arlington-Alexandria, DC-VA-MD-WV","51","Virginia","153","Prince William","38.8528700009219","-77.63462"
"05/06/2025","AQS","511530009","1","3.1","ppb","3","James S. Long Park","24","100.0000","42602","Nitrogen dioxide (NO2)","212","47900","Washington-Arlington-Alexandria, DC-VA-MD-WV","51","Virginia","153","Prince William","38.8528700009219","-77.63462"
"05/07/2025","AQS","511530009","1","4.4","ppb","4","James S. Long Park","23","96.0000","42602","Nitrogen dioxide (NO2)","212","47900","Washington-Arlington-Alexandria, DC-VA-MD-WV","51","Virginia","153","Prince William","38.8528700009219","-77.63462"
"05/08/2025","AQS","511530009","1","6.3","ppb","6","James S. Long Park","24","100.0000","42602","Nitrogen dioxide (NO2)","212","47900","Washington-Arlington-Alexandria, DC-VA-MD-WV","51","Virginia","153","Prince William","38.8528700009219","-77.63462"
"05/09/2025","AQS","511530009","1","2.4","ppb","2","James S. Long Park","23","96.0000","42602","Nitrogen dioxide (NO2)","212","47900","Washington-Arlington-Alexandria, DC-VA-MD-WV","51","Virginia","153","Prince William","38.8528700009219","-77.63462"
"05/10/2025","AQS","511530009","1","5.7","ppb","5","James S. Long Park","23","96.0000","42602","Nitrogen dioxide (NO2)","212","47900","Washington-Arlington-Alexandria, DC-VA-MD-WV","51","Virginia","153","Prince William","38.8528700009219","-77.63462"
"05/11/2025","AQS","511530009","1","3.9","ppb","3","James S. Long Park","24","100.0000","42602","Nitrogen dioxide (NO2)","212","47900","Washington-Arlington-Alexandria, DC-VA-MD-WV","51","Virginia","153","Prince William","38.8528700009219","-77.63462"
"05/12/2025","AQS","511530009","1","5.9","ppb","5","James S. Long Park","24","100.0000","42602","Nitrogen dioxide (NO2)","212","47900","Washington-Arlington-Alexandria, DC-VA-MD-WV","51","Virginia","153","Prince William","38.8528700009219","-77.63462"
"05/13/2025","AQS","511530009","1","2.4","ppb","2","James S. Long Park","23","96.0000","42602","Nitrogen dioxide (NO2)","212","47900","Washington-Arlington-Alexandria, DC-VA-MD-WV","51","Virginia","153","Prince William","38.8528700009219","-77.63462"
"05/14/2025","AQS","511530009","1","5.2","ppb","5","James S. Long Park","22","92.0000","42602","Nitrogen dioxide (NO2)","212","47900","Washington-Arlington-Alexandria, DC-VA-MD-WV","51","Virginia","153","Prince William","38.8528700009219","-77.63462"
"05/15/2025","AQS","511530009","1","3.2","ppb","3","James S. Long Park","24","100.0000","42602","Nitrogen dioxide (NO2)","212","47900","Washington-Arlington-Alexandria, DC-VA-MD-WV","51","Virginia","153","Prince William","38.8528700009219","-77.63462"
"05/16/2025","AQS","511530009","1","5.9","ppb","5","James S. Long Park","23","96.0000","42602","Nitrogen dioxide (NO2)","212","47900","Washington-Arlington-Alexandria, DC-VA-MD-WV","51","Virginia","153","Prince William","38.8528700009219","-77.63462"
"05/17/2025","AQS","511530009","1","1.8","ppb","1","James S. Long Park","24","100.0000","42602","Nitrogen dioxide (NO2)","212","47900","Washington-Arlington-Alexandria, DC-VA-MD-WV","51","Virginia","153","Prince William","38.8528700009219","-77.63462"
"05/18/2025","AQS","511530009","1","1.5","ppb","1","James S. Long Park","24","100.0000","42602","Nitrogen dioxide (NO2)","212","47900","Washington-Arlington-Alexandria, DC-VA-MD-WV","51","Virginia","153","Prince William","38.8528700009219","-77.63462"
"05/19/2025","AQS","511530009","1","2.3","ppb","2","James S. Long Park","22","92.0000","42602","Nitrogen dioxide (NO2)","212","47900","Washington-Arlington-Alexandria, DC-VA-MD-WV","51","Virginia","153","Prince William","38.8528700009219","-77.63462"
"05/20/2025","AQS","511530009","1","4.5","ppb","4","James S. Long Park","23","96.0000","42602","Nitrogen dioxide (NO2)","212","47900","Washington-Arlington-Alexandria, DC-VA-MD-WV","51","Virginia","153","Prince William","38.8528700009219","-77.63462"
"05/21/2025","AQS","511530009","1","2.7","ppb","2","James S. Long Park","24","100.0000","42602","Nitrogen dioxide (NO2)","212","47900","Washington-Arlington-Alexandria, DC-VA-MD-WV","51","Virginia","153","Prince William","38.8528700009219","-77.63462"
"05/22/2025","AQS","511530009","1","3.3","ppb","3","James S. Long Park","23","96.0000","42602","Nitrogen dioxide (NO2)","212","47900","Washington-Arlington-Alexandria, DC-VA-MD-WV","51","Virginia","153","Prince William","38.8528700009219","-77.63462"
"05/23/2025","AQS","511530009","1","3.1","ppb","3","James S. Long Park","24","100.0000","42602","Nitrogen dioxide (NO2)","212","47900","Washington-Arlington-Alexandria, DC-VA-MD-WV","51","Virginia","153","Prince William","38.8528700009219","-77.63462"
"05/24/2025","AQS","511530009","1","3.3","ppb","3","James S. Long Park","24","100.0000","42602","Nitrogen dioxide (NO2)","212","47900","Washington-Arlington-Alexandria, DC-VA-MD-WV","51","Virginia","153","Prince William","38.8528700009219","-77.63462"
"05/25/2025","AQS","511530009","1","1.9","ppb","1","James S. Long Park","23","96.0000","42602","Nitrogen dioxide (NO2)","212","47900","Washington-Arlington-Alexandria, DC-VA-MD-WV","51","Virginia","153","Prince William","38.8528700009219","-77.63462"
"05/26/2025","AQS","511530009","1","2.9","ppb","2","James S. Long Park","24","100.0000","42602","Nitrogen dioxide (NO2)","212","47900","Washington-Arlington-Alexandria, DC-VA-MD-WV","51","Virginia","153","Prince William","38.8528700009219","-77.63462"
"05/27/2025","AQS","511530009","1","7.9","ppb","7","James S. Long Park","24","100.0000","42602","Nitrogen dioxide (NO2)","212","47900","Washington-Arlington-Alexandria, DC-VA-MD-WV","51","Virginia","153","Prince William","38.8528700009219","-77.63462"
"05/28/2025","AQS","511530009","1","5.5","ppb","5","James S. Long Park","23","96.0000","42602","Nitrogen dioxide (NO2)","212","47900","Washington-Arlington-Alexandria, DC-VA-MD-WV","51","Virginia","153","Prince William","38.8528700009219","-77.63462"
"05/29/2025","AQS","511530009","1","3.9","ppb","3","James S. Long Park","24","100.0000","42602","Nitrogen dioxide (NO2)","212","47900","Washington-Arlington-Alexandria, DC-VA-MD-WV","51","Virginia","153","Prince William","38.8528700009219","-77.63462"
"05/30/2025","AQS","511530009","1","3","ppb","3","James S. Long Park","24","100.0000","42602","Nitrogen dioxide (NO2)","212","47900","Washington-Arlington-Alexandria, DC-VA-MD-WV","51","Virginia","153","Prince William","38.8528700009219","-77.63462"
"05/31/2025","AQS","511530009","1","1.2","ppb","1","James S. Long Park","23","96.0000","42602","Nitrogen dioxide (NO2)","212","47900","Washington-Arlington-Alexandria, DC-VA-MD-WV","51","Virginia","153","Prince William","38.8528700009219","-77.63462"
"06/01/2025","AQS","511530009","1","3.8","ppb","3","James S. Long Park","24","100.0000","42602","Nitrogen dioxide (NO2)","212","47900","Washington-Arlington-Alexandria, DC-VA-MD-WV","51","Virginia","153","Prince William","38.8528700009219","-77.63462"
"06/02/2025","AQS","511530009","1","7.1","ppb","7","James S. Long Park","24","100.0000","42602","Nitrogen dioxide (NO2)","212","47900","Washington-Arlington-Alexandria, DC-VA-MD-WV","51","Virginia","153","Prince William","38.8528700009219","-77.63462"
"06/03/2025","AQS","511530009","1","10.1","ppb","9","James S. Long Park","23","96.0000","42602","Nitrogen dioxide (NO2)","212","47900","Washington-Arlington-Alexandria, DC-VA-MD-WV","51","Virginia","153","Prince William","38.8528700009219","-77.63462"
"06/04/2025","AQS","511530009","1","6.2","ppb","6","James S. Long Park","24","100.0000","42602","Nitrogen dioxide (NO2)","212","47900","Washington-Arlington-Alexandria, DC-VA-MD-WV","51","Virginia","153","Prince William","38.8528700009219","-77.63462"
"06/05/2025","AQS","511530009","1","5.7","ppb","5","James S. Long Park","23","96.0000","42602","Nitrogen dioxide (NO2)","212","47900","Washington-Arlington-Alexandria, DC-VA-MD-WV","51","Virginia","153","Prince William","38.8528700009219","-77.63462"
"06/06/2025","AQS","511530009","1","5.6","ppb","5","James S. Long Park","23","96.0000","42602","Nitrogen dioxide (NO2)","212","47900","Washington-Arlington-Alexandria, DC-VA-MD-WV","51","Virginia","153","Prince William","38.8528700009219","-77.63462"
"06/07/2025","AQS","511530009","1","3.8","ppb","3","James S. Long Park","24","100.0000","42602","Nitrogen dioxide (NO2)","212","47900","Washington-Arlington-Alexandria, DC-VA-MD-WV","51","Virginia","153","Prince William","38.8528700009219","-77.63462"
"06/08/2025","AQS","511530009","1","2.7","ppb","2","James S. Long Park","24","100.0000","42602","Nitrogen dioxide (NO2)","212","47900","Washington-Arlington-Alexandria, DC-VA-MD-WV","51","Virginia","153","Prince William","38.8528700009219","-77.63462"
"06/09/2025","AQS","511530009","1","3.2","ppb","3","James S. Long Park","23","96.0000","42602","Nitrogen dioxide (NO2)","212","47900","Washington-Arlington-Alexandria, DC-VA-MD-WV","51","Virginia","153","Prince William","38.8528700009219","-77.63462"
"06/10/2025","AQS","511530009","1","2.7","ppb","2","James S. Long Park","24","100.0000","42602","Nitrogen dioxide (NO2)","212","47900","Washington-Arlington-Alexandria, DC-VA-MD-WV","51","Virginia","153","Prince William","38.8528700009219","-77.63462"
"06/11/2025","AQS","511530009","1","4.5","ppb","4","James S. Long Park","24","100.0000","42602","Nitrogen dioxide (NO2)","212","47900","Washington-Arlington-Alexandria, DC-VA-MD-WV","51","Virginia","153","Prince William","38.8528700009219","-77.63462"
"06/12/2025","AQS","511530009","1","11.8","ppb","10","James S. Long Park","23","96.0000","42602","Nitrogen dioxide (NO2)","212","47900","Washington-Arlington-Alexandria, DC-VA-MD-WV","51","Virginia","153","Prince William","38.8528700009219","-77.63462"
"06/13/2025","AQS","511530009","1","5.8","ppb","5","James S. Long Park","24","100.0000","42602","Nitrogen dioxide (NO2)","212","47900","Washington-Arlington-Alexandria, DC-VA-MD-WV","51","Virginia","153","Prince William","38.8528700009219","-77.63462"
"06/14/2025","AQS","511530009","1","2.1","ppb","2","James S. Long Park","24","100.0000","42602","Nitrogen dioxide (NO2)","212","47900","Washington-Arlington-Alexandria, DC-VA-MD-WV","51","Virginia","153","Prince William","38.8528700009219","-77.63462"
"06/15/2025","AQS","511530009","1","4.7","ppb","4","James S. Long Park","23","96.0000","42602","Nitrogen dioxide (NO2)","212","47900","Washington-Arlington-Alexandria, DC-VA-MD-WV","51","Virginia","153","Prince William","38.8528700009219","-77.63462"
"06/16/2025","AQS","511530009","1","5.5","ppb","5","James S. Long Park","24","100.0000","42602","Nitrogen dioxide (NO2)","212","47900","Washington-Arlington-Alexandria, DC-VA-MD-WV","51","Virginia","153","Prince William","38.8528700009219","-77.63462"
"06/17/2025","AQS","511530009","1","8.3","ppb","8","James S. Long Park","24","100.0000","42602","Nitrogen dioxide (NO2)","212","47900","Washington-Arlington-Alexandria, DC-VA-MD-WV","51","Virginia","153","Prince William","38.8528700009219","-77.63462"
"06/18/2025","AQS","511530009","1","3.2","ppb","3","James S. Long Park","23","96.0000","42602","Nitrogen dioxide (NO2)","212","47900","Washington-Arlington-Alexandria, DC-VA-MD-WV","51","Virginia","153","Prince William","38.8528700009219","-77.63462"
"06/19/2025","AQS","511530009","1","3.3","ppb","3","James S. Long Park","24","100.0000","42602","Nitrogen dioxide (NO2)","212","47900","Washington-Arlington-Alexandria, DC-VA-MD-WV","51","Virginia","153","Prince William","38.8528700009219","-77.63462"
"06/20/2025","AQS","511530009","1","2.8","ppb","2","James S. Long Park","23","96.0000","42602","Nitrogen dioxide (NO2)","212","47900","Washington-Arlington-Alexandria, DC-VA-MD-WV","51","Virginia","153","Prince William","38.8528700009219","-77.63462"
"06/21/2025","AQS","511530009","1","3.8","ppb","3","James S. Long Park","23","96.0000","42602","Nitrogen dioxide (NO2)","212","47900","Washington-Arlington-Alexandria, DC-VA-MD-WV","51","Virginia","153","Prince William","38.8528700009219","-77.63462"
"06/22/2025","AQS","511530009","1","2.2","ppb","2","James S. Long Park","24","100.0000","42602","Nitrogen dioxide (NO2)","212","47900","Washington-Arlington-Alexandria, DC-VA-MD-WV","51","Virginia","153","Prince William","38.8528700009219","-77.63462"
"06/23/2025","AQS","511530009","1","4.2","ppb","4","James S. Long Park","24","100.0000","42602","Nitrogen dioxide (NO2)","212","47900","Washington-Arlington-Alexandria, DC-VA-MD-WV","51","Virginia","153","Prince William","38.8528700009219","-77.63462"
"06/24/2025","AQS","511530009","1","7.9","ppb","7","James S. Long Park","23","96.0000","42602","Nitrogen dioxide (NO2)","212","47900","Washington-Arlington-Alexandria, DC-VA-MD-WV","51","Virginia","153","Prince William","38.8528700009219","-77.63462"
"06/25/2025","AQS","511530009","1","3.7","ppb","3","James S. Long Park","24","100.0000","42602","Nitrogen dioxide (NO2)","212","47900","Washington-Arlington-Alexandria, DC-VA-MD-WV","51","Virginia","153","Prince William","38.8528700009219","-77.63462"
"06/26/2025","AQS","511530009","1","5.8","ppb","5","James S. Long Park","24","100.0000","42602","Nitrogen dioxide (NO2)","212","47900","Washington-Arlington-Alexandria, DC-VA-MD-WV","51","Virginia","153","Prince William","38.8528700009219","-77.63462"
"06/27/2025","AQS","511530009","1","4.9","ppb","4","James S. Long Park","23","96.0000","42602","Nitrogen dioxide (NO2)","212","47900","Washington-Arlington-Alexandria, DC-VA-MD-WV","51","Virginia","153","Prince William","38.8528700009219","-77.63462"
"06/28/2025","AQS","511530009","1","2.1","ppb","2","James S. Long Park","24","100.0000","42602","Nitrogen dioxide (NO2)","212","47900","Washington-Arlington-Alexandria, DC-VA-MD-WV","51","Virginia","153","Prince William","38.8528700009219","-77.63462"
"06/29/2025","AQS","511530009","1","2.4","ppb","2","James S. Long Park","24","100.0000","42602","Nitrogen dioxide (NO2)","212","47900","Washington-Arlington-Alexandria, DC-VA-MD-WV","51","Virginia","153","Prince William","38.8528700009219","-77.63462"
"06/30/2025","AQS","511530009","1","4.9","ppb","4","James S. Long Park","23","96.0000","42602","Nitrogen dioxide (NO2)","212","47900","Washington-Arlington-Alexandria, DC-VA-MD-WV","51","Virginia","153","Prince William","38.8528700009219","-77.63462"
"01/01/2025","AQS","511611004","1","2.3","ppb","2","East Vinton Elementary School","23","96.0000","42602","Nitrogen dioxide (NO2)","212","40220","Roanoke, VA","51","Virginia","161","Roanoke","37.2834200009096","-79.88452"
"01/02/2025","AQS","511611004","1","13.1","ppb","12","East Vinton Elementary School","24","100.0000","42602","Nitrogen dioxide (NO2)","212","40220","Roanoke, VA","51","Virginia","161","Roanoke","37.2834200009096","-79.88452"
"01/03/2025","AQS","511611004","1","11.6","ppb","10","East Vinton Elementary School","23","96.0000","42602","Nitrogen dioxide (NO2)","212","40220","Roanoke, VA","51","Virginia","161","Roanoke","37.2834200009096","-79.88452"
"01/04/2025","AQS","511611004","1","2.5","ppb","2","East Vinton Elementary School","23","96.0000","42602","Nitrogen dioxide (NO2)","212","40220","Roanoke, VA","51","Virginia","161","Roanoke","37.2834200009096","-79.88452"
"01/05/2025","AQS","511611004","1","12","ppb","11","East Vinton Elementary School","24","100.0000","42602","Nitrogen dioxide (NO2)","212","40220","Roanoke, VA","51","Virginia","161","Roanoke","37.2834200009096","-79.88452"
"01/06/2025","AQS","511611004","1","9.3","ppb","8","East Vinton Elementary School","24","100.0000","42602","Nitrogen dioxide (NO2)","212","40220","Roanoke, VA","51","Virginia","161","Roanoke","37.2834200009096","-79.88452"
"01/07/2025","AQS","511611004","1","8.7","ppb","8","East Vinton Elementary School","23","96.0000","42602","Nitrogen dioxide (NO2)","212","40220","Roanoke, VA","51","Virginia","161","Roanoke","37.2834200009096","-79.88452"
"01/08/2025","AQS","511611004","1","3.5","ppb","3","East Vinton Elementary School","23","96.0000","42602","Nitrogen dioxide (NO2)","212","40220","Roanoke, VA","51","Virginia","161","Roanoke","37.2834200009096","-79.88452"
"01/09/2025","AQS","511611004","1","4.6","ppb","4","East Vinton Elementary School","24","100.0000","42602","Nitrogen dioxide (NO2)","212","40220","Roanoke, VA","51","Virginia","161","Roanoke","37.2834200009096","-79.88452"
"01/10/2025","AQS","511611004","1","9.8","ppb","8","East Vinton Elementary School","23","96.0000","42602","Nitrogen dioxide (NO2)","212","40220","Roanoke, VA","51","Virginia","161","Roanoke","37.2834200009096","-79.88452"
"01/11/2025","AQS","511611004","1","12.4","ppb","11","East Vinton Elementary School","24","100.0000","42602","Nitrogen dioxide (NO2)","212","40220","Roanoke, VA","51","Virginia","161","Roanoke","37.2834200009096","-79.88452"
"01/12/2025","AQS","511611004","1","21.3","ppb","20","East Vinton Elementary School","24","100.0000","42602","Nitrogen dioxide (NO2)","212","40220","Roanoke, VA","51","Virginia","161","Roanoke","37.2834200009096","-79.88452"
"01/13/2025","AQS","511611004","1","16.8","ppb","15","East Vinton Elementary School","23","96.0000","42602","Nitrogen dioxide (NO2)","212","40220","Roanoke, VA","51","Virginia","161","Roanoke","37.2834200009096","-79.88452"
"01/14/2025","AQS","511611004","1","7.9","ppb","7","East Vinton Elementary School","23","96.0000","42602","Nitrogen dioxide (NO2)","212","40220","Roanoke, VA","51","Virginia","161","Roanoke","37.2834200009096","-79.88452"
"01/15/2025","AQS","511611004","1","12.9","ppb","11","East Vinton Elementary School","24","100.0000","42602","Nitrogen dioxide (NO2)","212","40220","Roanoke, VA","51","Virginia","161","Roanoke","37.2834200009096","-79.88452"
"01/16/2025","AQS","511611004","1","18","ppb","17","East Vinton Elementary School","23","96.0000","42602","Nitrogen dioxide (NO2)","212","40220","Roanoke, VA","51","Virginia","161","Roanoke","37.2834200009096","-79.88452"
"01/17/2025","AQS","511611004","1","15.8","ppb","14","East Vinton Elementary School","24","100.0000","42602","Nitrogen dioxide (NO2)","212","40220","Roanoke, VA","51","Virginia","161","Roanoke","37.2834200009096","-79.88452"
"01/18/2025","AQS","511611004","1","23.8","ppb","22","East Vinton Elementary School","24","100.0000","42602","Nitrogen dioxide (NO2)","212","40220","Roanoke, VA","51","Virginia","161","Roanoke","37.2834200009096","-79.88452"
"01/19/2025","AQS","511611004","1","22.1","ppb","21","East Vinton Elementary School","23","96.0000","42602","Nitrogen dioxide (NO2)","212","40220","Roanoke, VA","51","Virginia","161","Roanoke","37.2834200009096","-79.88452"
"01/20/2025","AQS","511611004","1","5.9","ppb","5","East Vinton Elementary School","24","100.0000","42602","Nitrogen dioxide (NO2)","212","40220","Roanoke, VA","51","Virginia","161","Roanoke","37.2834200009096","-79.88452"
"01/21/2025","AQS","511611004","1","9.6","ppb","8","East Vinton Elementary School","24","100.0000","42602","Nitrogen dioxide (NO2)","212","40220","Roanoke, VA","51","Virginia","161","Roanoke","37.2834200009096","-79.88452"
"01/22/2025","AQS","511611004","1","10.5","ppb","9","East Vinton Elementary School","23","96.0000","42602","Nitrogen dioxide (NO2)","212","40220","Roanoke, VA","51","Virginia","161","Roanoke","37.2834200009096","-79.88452"
"01/23/2025","AQS","511611004","1","30.6","ppb","28","East Vinton Elementary School","23","96.0000","42602","Nitrogen dioxide (NO2)","212","40220","Roanoke, VA","51","Virginia","161","Roanoke","37.2834200009096","-79.88452"
"01/24/2025","AQS","511611004","1","22.6","ppb","21","East Vinton Elementary School","24","100.0000","42602","Nitrogen dioxide (NO2)","212","40220","Roanoke, VA","51","Virginia","161","Roanoke","37.2834200009096","-79.88452"
"01/25/2025","AQS","511611004","1","11.2","ppb","10","East Vinton Elementary School","23","96.0000","42602","Nitrogen dioxide (NO2)","212","40220","Roanoke, VA","51","Virginia","161","Roanoke","37.2834200009096","-79.88452"
"01/26/2025","AQS","511611004","1","18","ppb","17","East Vinton Elementary School","24","100.0000","42602","Nitrogen dioxide (NO2)","212","40220","Roanoke, VA","51","Virginia","161","Roanoke","37.2834200009096","-79.88452"
"01/27/2025","AQS","511611004","1","18.8","ppb","17","East Vinton Elementary School","24","100.0000","42602","Nitrogen dioxide (NO2)","212","40220","Roanoke, VA","51","Virginia","161","Roanoke","37.2834200009096","-79.88452"
"01/28/2025","AQS","511611004","1","10.9","ppb","9","East Vinton Elementary School","23","96.0000","42602","Nitrogen dioxide (NO2)","212","40220","Roanoke, VA","51","Virginia","161","Roanoke","37.2834200009096","-79.88452"
"01/29/2025","AQS","511611004","1","5","ppb","5","East Vinton Elementary School","24","100.0000","42602","Nitrogen dioxide (NO2)","212","40220","Roanoke, VA","51","Virginia","161","Roanoke","37.2834200009096","-79.88452"
"01/30/2025","AQS","511611004","1","17.2","ppb","16","East Vinton Elementary School","23","96.0000","42602","Nitrogen dioxide (NO2)","212","40220","Roanoke, VA","51","Virginia","161","Roanoke","37.2834200009096","-79.88452"
"01/31/2025","AQS","511611004","1","22.7","ppb","21","East Vinton Elementary School","23","96.0000","42602","Nitrogen dioxide (NO2)","212","40220","Roanoke, VA","51","Virginia","161","Roanoke","37.2834200009096","-79.88452"
"02/01/2025","AQS","511611004","1","6.6","ppb","6","East Vinton Elementary School","24","100.0000","42602","Nitrogen dioxide (NO2)","212","40220","Roanoke, VA","51","Virginia","161","Roanoke","37.2834200009096","-79.88452"
"02/02/2025","AQS","511611004","1","10","ppb","9","East Vinton Elementary School","24","100.0000","42602","Nitrogen dioxide (NO2)","212","40220","Roanoke, VA","51","Virginia","161","Roanoke","37.2834200009096","-79.88452"
"02/03/2025","AQS","511611004","1","23.7","ppb","22","East Vinton Elementary School","23","96.0000","42602","Nitrogen dioxide (NO2)","212","40220","Roanoke, VA","51","Virginia","161","Roanoke","37.2834200009096","-79.88452"
"02/04/2025","AQS","511611004","1","7.7","ppb","7","East Vinton Elementary School","24","100.0000","42602","Nitrogen dioxide (NO2)","212","40220","Roanoke, VA","51","Virginia","161","Roanoke","37.2834200009096","-79.88452"
"02/05/2025","AQS","511611004","1","4","ppb","4","East Vinton Elementary School","23","96.0000","42602","Nitrogen dioxide (NO2)","212","40220","Roanoke, VA","51","Virginia","161","Roanoke","37.2834200009096","-79.88452"
"02/06/2025","AQS","511611004","1","16.2","ppb","15","East Vinton Elementary School","23","96.0000","42602","Nitrogen dioxide (NO2)","212","40220","Roanoke, VA","51","Virginia","161","Roanoke","37.2834200009096","-79.88452"
"02/07/2025","AQS","511611004","1","16.3","ppb","15","East Vinton Elementary School","24","100.0000","42602","Nitrogen dioxide (NO2)","212","40220","Roanoke, VA","51","Virginia","161","Roanoke","37.2834200009096","-79.88452"
"02/08/2025","AQS","511611004","1","5.4","ppb","5","East Vinton Elementary School","24","100.0000","42602","Nitrogen dioxide (NO2)","212","40220","Roanoke, VA","51","Virginia","161","Roanoke","37.2834200009096","-79.88452"
"02/09/2025","AQS","511611004","1","12.3","ppb","11","East Vinton Elementary School","23","96.0000","42602","Nitrogen dioxide (NO2)","212","40220","Roanoke, VA","51","Virginia","161","Roanoke","37.2834200009096","-79.88452"
"02/10/2025","AQS","511611004","1","6.8","ppb","6","East Vinton Elementary School","24","100.0000","42602","Nitrogen dioxide (NO2)","212","40220","Roanoke, VA","51","Virginia","161","Roanoke","37.2834200009096","-79.88452"
"02/11/2025","AQS","511611004","1","27.8","ppb","25","East Vinton Elementary School","24","100.0000","42602","Nitrogen dioxide (NO2)","212","40220","Roanoke, VA","51","Virginia","161","Roanoke","37.2834200009096","-79.88452"
"02/12/2025","AQS","511611004","1","12.6","ppb","11","East Vinton Elementary School","23","96.0000","42602","Nitrogen dioxide (NO2)","212","40220","Roanoke, VA","51","Virginia","161","Roanoke","37.2834200009096","-79.88452"
"02/13/2025","AQS","511611004","1","12.8","ppb","11","East Vinton Elementary School","23","96.0000","42602","Nitrogen dioxide (NO2)","212","40220","Roanoke, VA","51","Virginia","161","Roanoke","37.2834200009096","-79.88452"
"02/14/2025","AQS","511611004","1","7","ppb","7","East Vinton Elementary School","24","100.0000","42602","Nitrogen dioxide (NO2)","212","40220","Roanoke, VA","51","Virginia","161","Roanoke","37.2834200009096","-79.88452"
"02/15/2025","AQS","511611004","1","7.9","ppb","7","East Vinton Elementary School","23","96.0000","42602","Nitrogen dioxide (NO2)","212","40220","Roanoke, VA","51","Virginia","161","Roanoke","37.2834200009096","-79.88452"
"02/16/2025","AQS","511611004","1","7.4","ppb","7","East Vinton Elementary School","21","88.0000","42602","Nitrogen dioxide (NO2)","212","40220","Roanoke, VA","51","Virginia","161","Roanoke","37.2834200009096","-79.88452"
"02/17/2025","AQS","511611004","1","6.9","ppb","6","East Vinton Elementary School","24","100.0000","42602","Nitrogen dioxide (NO2)","212","40220","Roanoke, VA","51","Virginia","161","Roanoke","37.2834200009096","-79.88452"
"02/18/2025","AQS","511611004","1","7.9","ppb","7","East Vinton Elementary School","23","96.0000","42602","Nitrogen dioxide (NO2)","212","40220","Roanoke, VA","51","Virginia","161","Roanoke","37.2834200009096","-79.88452"
"02/19/2025","AQS","511611004","1","5.6","ppb","5","East Vinton Elementary School","23","96.0000","42602","Nitrogen dioxide (NO2)","212","40220","Roanoke, VA","51","Virginia","161","Roanoke","37.2834200009096","-79.88452"
"02/20/2025","AQS","511611004","1","7.3","ppb","7","East Vinton Elementary School","24","100.0000","42602","Nitrogen dioxide (NO2)","212","40220","Roanoke, VA","51","Virginia","161","Roanoke","37.2834200009096","-79.88452"
"02/21/2025","AQS","511611004","1","6.2","ppb","6","East Vinton Elementary School","23","96.0000","42602","Nitrogen dioxide (NO2)","212","40220","Roanoke, VA","51","Virginia","161","Roanoke","37.2834200009096","-79.88452"
"02/22/2025","AQS","511611004","1","14.9","ppb","13","East Vinton Elementary School","24","100.0000","42602","Nitrogen dioxide (NO2)","212","40220","Roanoke, VA","51","Virginia","161","Roanoke","37.2834200009096","-79.88452"
"02/23/2025","AQS","511611004","1","30.7","ppb","28","East Vinton Elementary School","24","100.0000","42602","Nitrogen dioxide (NO2)","212","40220","Roanoke, VA","51","Virginia","161","Roanoke","37.2834200009096","-79.88452"
"02/24/2025","AQS","511611004","1","31.3","ppb","29","East Vinton Elementary School","23","96.0000","42602","Nitrogen dioxide (NO2)","212","40220","Roanoke, VA","51","Virginia","161","Roanoke","37.2834200009096","-79.88452"
"02/25/2025","AQS","511611004","1","21.3","ppb","20","East Vinton Elementary School","23","96.0000","42602","Nitrogen dioxide (NO2)","212","40220","Roanoke, VA","51","Virginia","161","Roanoke","37.2834200009096","-79.88452"
"02/26/2025","AQS","511611004","1","32.2","ppb","30","East Vinton Elementary School","24","100.0000","42602","Nitrogen dioxide (NO2)","212","40220","Roanoke, VA","51","Virginia","161","Roanoke","37.2834200009096","-79.88452"
"02/27/2025","AQS","511611004","1","20.9","ppb","19","East Vinton Elementary School","23","96.0000","42602","Nitrogen dioxide (NO2)","212","40220","Roanoke, VA","51","Virginia","161","Roanoke","37.2834200009096","-79.88452"
"02/28/2025","AQS","511611004","1","5.6","ppb","5","East Vinton Elementary School","24","100.0000","42602","Nitrogen dioxide (NO2)","212","40220","Roanoke, VA","51","Virginia","161","Roanoke","37.2834200009096","-79.88452"
"03/01/2025","AQS","511611004","1","4","ppb","4","East Vinton Elementary School","24","100.0000","42602","Nitrogen dioxide (NO2)","212","40220","Roanoke, VA","51","Virginia","161","Roanoke","37.2834200009096","-79.88452"
"03/02/2025","AQS","511611004","1","7.1","ppb","7","East Vinton Elementary School","23","96.0000","42602","Nitrogen dioxide (NO2)","212","40220","Roanoke, VA","51","Virginia","161","Roanoke","37.2834200009096","-79.88452"
"03/03/2025","AQS","511611004","1","21","ppb","20","East Vinton Elementary School","24","100.0000","42602","Nitrogen dioxide (NO2)","212","40220","Roanoke, VA","51","Virginia","161","Roanoke","37.2834200009096","-79.88452"
"03/04/2025","AQS","511611004","1","35.5","ppb","33","East Vinton Elementary School","23","96.0000","42602","Nitrogen dioxide (NO2)","212","40220","Roanoke, VA","51","Virginia","161","Roanoke","37.2834200009096","-79.88452"
"03/05/2025","AQS","511611004","1","3.1","ppb","3","East Vinton Elementary School","23","96.0000","42602","Nitrogen dioxide (NO2)","212","40220","Roanoke, VA","51","Virginia","161","Roanoke","37.2834200009096","-79.88452"
"03/06/2025","AQS","511611004","1","1.9","ppb","1","East Vinton Elementary School","24","100.0000","42602","Nitrogen dioxide (NO2)","212","40220","Roanoke, VA","51","Virginia","161","Roanoke","37.2834200009096","-79.88452"
"03/07/2025","AQS","511611004","1","9.3","ppb","8","East Vinton Elementary School","24","100.0000","42602","Nitrogen dioxide (NO2)","212","40220","Roanoke, VA","51","Virginia","161","Roanoke","37.2834200009096","-79.88452"
"03/08/2025","AQS","511611004","1","11.7","ppb","10","East Vinton Elementary School","23","96.0000","42602","Nitrogen dioxide (NO2)","212","40220","Roanoke, VA","51","Virginia","161","Roanoke","37.2834200009096","-79.88452"
"03/09/2025","AQS","511611004","1","23.2","ppb","22","East Vinton Elementary School","24","100.0000","42602","Nitrogen dioxide (NO2)","212","40220","Roanoke, VA","51","Virginia","161","Roanoke","37.2834200009096","-79.88452"
"03/10/2025","AQS","511611004","1","30.2","ppb","28","East Vinton Elementary School","24","100.0000","42602","Nitrogen dioxide (NO2)","212","40220","Roanoke, VA","51","Virginia","161","Roanoke","37.2834200009096","-79.88452"
"03/11/2025","AQS","511611004","1","28.7","ppb","26","East Vinton Elementary School","23","96.0000","42602","Nitrogen dioxide (NO2)","212","40220","Roanoke, VA","51","Virginia","161","Roanoke","37.2834200009096","-79.88452"
"03/12/2025","AQS","511611004","1","10.4","ppb","9","East Vinton Elementary School","24","100.0000","42602","Nitrogen dioxide (NO2)","212","40220","Roanoke, VA","51","Virginia","161","Roanoke","37.2834200009096","-79.88452"
"03/13/2025","AQS","511611004","1","26.8","ppb","25","East Vinton Elementary School","23","96.0000","42602","Nitrogen dioxide (NO2)","212","40220","Roanoke, VA","51","Virginia","161","Roanoke","37.2834200009096","-79.88452"
"03/14/2025","AQS","511611004","1","10.3","ppb","9","East Vinton Elementary School","23","96.0000","42602","Nitrogen dioxide (NO2)","212","40220","Roanoke, VA","51","Virginia","161","Roanoke","37.2834200009096","-79.88452"
"03/15/2025","AQS","511611004","1","3.5","ppb","3","East Vinton Elementary School","24","100.0000","42602","Nitrogen dioxide (NO2)","212","40220","Roanoke, VA","51","Virginia","161","Roanoke","37.2834200009096","-79.88452"
"03/16/2025","AQS","511611004","1","4.1","ppb","4","East Vinton Elementary School","24","100.0000","42602","Nitrogen dioxide (NO2)","212","40220","Roanoke, VA","51","Virginia","161","Roanoke","37.2834200009096","-79.88452"
"03/17/2025","AQS","511611004","1","3","ppb","3","East Vinton Elementary School","23","96.0000","42602","Nitrogen dioxide (NO2)","212","40220","Roanoke, VA","51","Virginia","161","Roanoke","37.2834200009096","-79.88452"
"03/18/2025","AQS","511611004","1","6.4","ppb","6","East Vinton Elementary School","23","96.0000","42602","Nitrogen dioxide (NO2)","212","40220","Roanoke, VA","51","Virginia","161","Roanoke","37.2834200009096","-79.88452"
"03/19/2025","AQS","511611004","1","25","ppb","24","East Vinton Elementary School","21","88.0000","42602","Nitrogen dioxide (NO2)","212","40220","Roanoke, VA","51","Virginia","161","Roanoke","37.2834200009096","-79.88452"
"03/20/2025","AQS","511611004","1","4.5","ppb","4","East Vinton Elementary School","23","96.0000","42602","Nitrogen dioxide (NO2)","212","40220","Roanoke, VA","51","Virginia","161","Roanoke","37.2834200009096","-79.88452"
"03/21/2025","AQS","511611004","1","9.4","ppb","8","East Vinton Elementary School","24","100.0000","42602","Nitrogen dioxide (NO2)","212","40220","Roanoke, VA","51","Virginia","161","Roanoke","37.2834200009096","-79.88452"
"03/22/2025","AQS","511611004","1","8.7","ppb","8","East Vinton Elementary School","24","100.0000","42602","Nitrogen dioxide (NO2)","212","40220","Roanoke, VA","51","Virginia","161","Roanoke","37.2834200009096","-79.88452"
"03/23/2025","AQS","511611004","1","4.7","ppb","4","East Vinton Elementary School","23","96.0000","42602","Nitrogen dioxide (NO2)","212","40220","Roanoke, VA","51","Virginia","161","Roanoke","37.2834200009096","-79.88452"
"03/24/2025","AQS","511611004","1","15.4","ppb","14","East Vinton Elementary School","24","100.0000","42602","Nitrogen dioxide (NO2)","212","40220","Roanoke, VA","51","Virginia","161","Roanoke","37.2834200009096","-79.88452"
"03/25/2025","AQS","511611004","1","13","ppb","12","East Vinton Elementary School","23","96.0000","42602","Nitrogen dioxide (NO2)","212","40220","Roanoke, VA","51","Virginia","161","Roanoke","37.2834200009096","-79.88452"
"03/26/2025","AQS","511611004","1","8.2","ppb","8","East Vinton Elementary School","23","96.0000","42602","Nitrogen dioxide (NO2)","212","40220","Roanoke, VA","51","Virginia","161","Roanoke","37.2834200009096","-79.88452"
"03/27/2025","AQS","511611004","1","22.1","ppb","21","East Vinton Elementary School","24","100.0000","42602","Nitrogen dioxide (NO2)","212","40220","Roanoke, VA","51","Virginia","161","Roanoke","37.2834200009096","-79.88452"
"03/28/2025","AQS","511611004","1","26.1","ppb","25","East Vinton Elementary School","24","100.0000","42602","Nitrogen dioxide (NO2)","212","40220","Roanoke, VA","51","Virginia","161","Roanoke","37.2834200009096","-79.88452"
"03/29/2025","AQS","511611004","1","13","ppb","12","East Vinton Elementary School","23","96.0000","42602","Nitrogen dioxide (NO2)","212","40220","Roanoke, VA","51","Virginia","161","Roanoke","37.2834200009096","-79.88452"
"03/30/2025","AQS","511611004","1","2.4","ppb","2","East Vinton Elementary School","24","100.0000","42602","Nitrogen dioxide (NO2)","212","40220","Roanoke, VA","51","Virginia","161","Roanoke","37.2834200009096","-79.88452"
"03/31/2025","AQS","511611004","1","9.8","ppb","8","East Vinton Elementary School","24","100.0000","42602","Nitrogen dioxide (NO2)","212","40220","Roanoke, VA","51","Virginia","161","Roanoke","37.2834200009096","-79.88452"
"04/01/2025","AQS","511611004","1","5.6","ppb","5","East Vinton Elementary School","23","96.0000","42602","Nitrogen dioxide (NO2)","212","40220","Roanoke, VA","51","Virginia","161","Roanoke","37.2834200009096","-79.88452"
"04/02/2025","AQS","511611004","1","7.3","ppb","7","East Vinton Elementary School","23","96.0000","42602","Nitrogen dioxide (NO2)","212","40220","Roanoke, VA","51","Virginia","161","Roanoke","37.2834200009096","-79.88452"
"04/03/2025","AQS","511611004","1","13.8","ppb","12","East Vinton Elementary School","24","100.0000","42602","Nitrogen dioxide (NO2)","212","40220","Roanoke, VA","51","Virginia","161","Roanoke","37.2834200009096","-79.88452"
"04/04/2025","AQS","511611004","1","13.3","ppb","12","East Vinton Elementary School","23","96.0000","42602","Nitrogen dioxide (NO2)","212","40220","Roanoke, VA","51","Virginia","161","Roanoke","37.2834200009096","-79.88452"
"04/05/2025","AQS","511611004","1","2.5","ppb","2","East Vinton Elementary School","24","100.0000","42602","Nitrogen dioxide (NO2)","212","40220","Roanoke, VA","51","Virginia","161","Roanoke","37.2834200009096","-79.88452"
"04/06/2025","AQS","511611004","1","6.2","ppb","6","East Vinton Elementary School","24","100.0000","42602","Nitrogen dioxide (NO2)","212","40220","Roanoke, VA","51","Virginia","161","Roanoke","37.2834200009096","-79.88452"
"04/07/2025","AQS","511611004","1","4.3","ppb","4","East Vinton Elementary School","23","96.0000","42602","Nitrogen dioxide (NO2)","212","40220","Roanoke, VA","51","Virginia","161","Roanoke","37.2834200009096","-79.88452"
"04/08/2025","AQS","511611004","1","3.6","ppb","3","East Vinton Elementary School","24","100.0000","42602","Nitrogen dioxide (NO2)","212","40220","Roanoke, VA","51","Virginia","161","Roanoke","37.2834200009096","-79.88452"
"04/09/2025","AQS","511611004","1","8.6","ppb","8","East Vinton Elementary School","23","96.0000","42602","Nitrogen dioxide (NO2)","212","40220","Roanoke, VA","51","Virginia","161","Roanoke","37.2834200009096","-79.88452"
"04/10/2025","AQS","511611004","1","5","ppb","5","East Vinton Elementary School","23","96.0000","42602","Nitrogen dioxide (NO2)","212","40220","Roanoke, VA","51","Virginia","161","Roanoke","37.2834200009096","-79.88452"
"04/11/2025","AQS","511611004","1","9.3","ppb","8","East Vinton Elementary School","24","100.0000","42602","Nitrogen dioxide (NO2)","212","40220","Roanoke, VA","51","Virginia","161","Roanoke","37.2834200009096","-79.88452"
"04/12/2025","AQS","511611004","1","3.6","ppb","3","East Vinton Elementary School","24","100.0000","42602","Nitrogen dioxide (NO2)","212","40220","Roanoke, VA","51","Virginia","161","Roanoke","37.2834200009096","-79.88452"
"04/13/2025","AQS","511611004","1","10.1","ppb","9","East Vinton Elementary School","23","96.0000","42602","Nitrogen dioxide (NO2)","212","40220","Roanoke, VA","51","Virginia","161","Roanoke","37.2834200009096","-79.88452"
"04/14/2025","AQS","511611004","1","10.8","ppb","9","East Vinton Elementary School","24","100.0000","42602","Nitrogen dioxide (NO2)","212","40220","Roanoke, VA","51","Virginia","161","Roanoke","37.2834200009096","-79.88452"
"04/15/2025","AQS","511611004","1","3.9","ppb","3","East Vinton Elementary School","23","96.0000","42602","Nitrogen dioxide (NO2)","212","40220","Roanoke, VA","51","Virginia","161","Roanoke","37.2834200009096","-79.88452"
"04/16/2025","AQS","511611004","1","4.4","ppb","4","East Vinton Elementary School","23","96.0000","42602","Nitrogen dioxide (NO2)","212","40220","Roanoke, VA","51","Virginia","161","Roanoke","37.2834200009096","-79.88452"
"04/17/2025","AQS","511611004","1","25.8","ppb","24","East Vinton Elementary School","24","100.0000","42602","Nitrogen dioxide (NO2)","212","40220","Roanoke, VA","51","Virginia","161","Roanoke","37.2834200009096","-79.88452"
"04/18/2025","AQS","511611004","1","28.5","ppb","26","East Vinton Elementary School","24","100.0000","42602","Nitrogen dioxide (NO2)","212","40220","Roanoke, VA","51","Virginia","161","Roanoke","37.2834200009096","-79.88452"
"04/19/2025","AQS","511611004","1","3.8","ppb","3","East Vinton Elementary School","23","96.0000","42602","Nitrogen dioxide (NO2)","212","40220","Roanoke, VA","51","Virginia","161","Roanoke","37.2834200009096","-79.88452"
"04/20/2025","AQS","511611004","1","10.9","ppb","9","East Vinton Elementary School","24","100.0000","42602","Nitrogen dioxide (NO2)","212","40220","Roanoke, VA","51","Virginia","161","Roanoke","37.2834200009096","-79.88452"
"04/21/2025","AQS","511611004","1","7.2","ppb","7","East Vinton Elementary School","24","100.0000","42602","Nitrogen dioxide (NO2)","212","40220","Roanoke, VA","51","Virginia","161","Roanoke","37.2834200009096","-79.88452"
"04/22/2025","AQS","511611004","1","9.3","ppb","8","East Vinton Elementary School","23","96.0000","42602","Nitrogen dioxide (NO2)","212","40220","Roanoke, VA","51","Virginia","161","Roanoke","37.2834200009096","-79.88452"
"04/23/2025","AQS","511611004","1","18.6","ppb","17","East Vinton Elementary School","24","100.0000","42602","Nitrogen dioxide (NO2)","212","40220","Roanoke, VA","51","Virginia","161","Roanoke","37.2834200009096","-79.88452"
"04/24/2025","AQS","511611004","1","20","ppb","19","East Vinton Elementary School","23","96.0000","42602","Nitrogen dioxide (NO2)","212","40220","Roanoke, VA","51","Virginia","161","Roanoke","37.2834200009096","-79.88452"
"04/25/2025","AQS","511611004","1","7.4","ppb","7","East Vinton Elementary School","23","96.0000","42602","Nitrogen dioxide (NO2)","212","40220","Roanoke, VA","51","Virginia","161","Roanoke","37.2834200009096","-79.88452"
"04/26/2025","AQS","511611004","1","6","ppb","6","East Vinton Elementary School","24","100.0000","42602","Nitrogen dioxide (NO2)","212","40220","Roanoke, VA","51","Virginia","161","Roanoke","37.2834200009096","-79.88452"
"04/27/2025","AQS","511611004","1","5.3","ppb","5","East Vinton Elementary School","24","100.0000","42602","Nitrogen dioxide (NO2)","212","40220","Roanoke, VA","51","Virginia","161","Roanoke","37.2834200009096","-79.88452"
"04/28/2025","AQS","511611004","1","14.7","ppb","13","East Vinton Elementary School","23","96.0000","42602","Nitrogen dioxide (NO2)","212","40220","Roanoke, VA","51","Virginia","161","Roanoke","37.2834200009096","-79.88452"
"04/29/2025","AQS","511611004","1","26.6","ppb","25","East Vinton Elementary School","24","100.0000","42602","Nitrogen dioxide (NO2)","212","40220","Roanoke, VA","51","Virginia","161","Roanoke","37.2834200009096","-79.88452"
"04/30/2025","AQS","511611004","1","5.6","ppb","5","East Vinton Elementary School","23","96.0000","42602","Nitrogen dioxide (NO2)","212","40220","Roanoke, VA","51","Virginia","161","Roanoke","37.2834200009096","-79.88452"
"05/01/2025","AQS","511611004","1","17.6","ppb","16","East Vinton Elementary School","23","96.0000","42602","Nitrogen dioxide (NO2)","212","40220","Roanoke, VA","51","Virginia","161","Roanoke","37.2834200009096","-79.88452"
"05/02/2025","AQS","511611004","1","7.1","ppb","7","East Vinton Elementary School","24","100.0000","42602","Nitrogen dioxide (NO2)","212","40220","Roanoke, VA","51","Virginia","161","Roanoke","37.2834200009096","-79.88452"
"05/03/2025","AQS","511611004","1","4.7","ppb","4","East Vinton Elementary School","24","100.0000","42602","Nitrogen dioxide (NO2)","212","40220","Roanoke, VA","51","Virginia","161","Roanoke","37.2834200009096","-79.88452"
"05/04/2025","AQS","511611004","1","5.3","ppb","5","East Vinton Elementary School","23","96.0000","42602","Nitrogen dioxide (NO2)","212","40220","Roanoke, VA","51","Virginia","161","Roanoke","37.2834200009096","-79.88452"
"05/05/2025","AQS","511611004","1","10.3","ppb","9","East Vinton Elementary School","24","100.0000","42602","Nitrogen dioxide (NO2)","212","40220","Roanoke, VA","51","Virginia","161","Roanoke","37.2834200009096","-79.88452"
"05/06/2025","AQS","511611004","1","11.4","ppb","10","East Vinton Elementary School","23","96.0000","42602","Nitrogen dioxide (NO2)","212","40220","Roanoke, VA","51","Virginia","161","Roanoke","37.2834200009096","-79.88452"
"05/07/2025","AQS","511611004","1","8.6","ppb","8","East Vinton Elementary School","23","96.0000","42602","Nitrogen dioxide (NO2)","212","40220","Roanoke, VA","51","Virginia","161","Roanoke","37.2834200009096","-79.88452"
"05/08/2025","AQS","511611004","1","15.7","ppb","14","East Vinton Elementary School","24","100.0000","42602","Nitrogen dioxide (NO2)","212","40220","Roanoke, VA","51","Virginia","161","Roanoke","37.2834200009096","-79.88452"
"05/09/2025","AQS","511611004","1","8.1","ppb","8","East Vinton Elementary School","24","100.0000","42602","Nitrogen dioxide (NO2)","212","40220","Roanoke, VA","51","Virginia","161","Roanoke","37.2834200009096","-79.88452"
"05/10/2025","AQS","511611004","1","7.9","ppb","7","East Vinton Elementary School","23","96.0000","42602","Nitrogen dioxide (NO2)","212","40220","Roanoke, VA","51","Virginia","161","Roanoke","37.2834200009096","-79.88452"
"05/11/2025","AQS","511611004","1","11.3","ppb","10","East Vinton Elementary School","24","100.0000","42602","Nitrogen dioxide (NO2)","212","40220","Roanoke, VA","51","Virginia","161","Roanoke","37.2834200009096","-79.88452"
"05/12/2025","AQS","511611004","1","11.1","ppb","10","East Vinton Elementary School","24","100.0000","42602","Nitrogen dioxide (NO2)","212","40220","Roanoke, VA","51","Virginia","161","Roanoke","37.2834200009096","-79.88452"
"05/13/2025","AQS","511611004","1","8.7","ppb","8","East Vinton Elementary School","23","96.0000","42602","Nitrogen dioxide (NO2)","212","40220","Roanoke, VA","51","Virginia","161","Roanoke","37.2834200009096","-79.88452"
"05/14/2025","AQS","511611004","1","9.8","ppb","8","East Vinton Elementary School","24","100.0000","42602","Nitrogen dioxide (NO2)","212","40220","Roanoke, VA","51","Virginia","161","Roanoke","37.2834200009096","-79.88452"
"05/15/2025","AQS","511611004","1","13.7","ppb","12","East Vinton Elementary School","24","100.0000","42602","Nitrogen dioxide (NO2)","212","40220","Roanoke, VA","51","Virginia","161","Roanoke","37.2834200009096","-79.88452"
"05/16/2025","AQS","511611004","1","11.6","ppb","10","East Vinton Elementary School","23","96.0000","42602","Nitrogen dioxide (NO2)","212","40220","Roanoke, VA","51","Virginia","161","Roanoke","37.2834200009096","-79.88452"
"05/17/2025","AQS","511611004","1","4.9","ppb","4","East Vinton Elementary School","24","100.0000","42602","Nitrogen dioxide (NO2)","212","40220","Roanoke, VA","51","Virginia","161","Roanoke","37.2834200009096","-79.88452"
"05/18/2025","AQS","511611004","1","3.3","ppb","3","East Vinton Elementary School","24","100.0000","42602","Nitrogen dioxide (NO2)","212","40220","Roanoke, VA","51","Virginia","161","Roanoke","37.2834200009096","-79.88452"
"05/19/2025","AQS","511611004","1","9.2","ppb","8","East Vinton Elementary School","23","96.0000","42602","Nitrogen dioxide (NO2)","212","40220","Roanoke, VA","51","Virginia","161","Roanoke","37.2834200009096","-79.88452"
"05/20/2025","AQS","511611004","1","6","ppb","6","East Vinton Elementary School","23","96.0000","42602","Nitrogen dioxide (NO2)","212","40220","Roanoke, VA","51","Virginia","161","Roanoke","37.2834200009096","-79.88452"
"05/21/2025","AQS","511611004","1","2.9","ppb","2","East Vinton Elementary School","24","100.0000","42602","Nitrogen dioxide (NO2)","212","40220","Roanoke, VA","51","Virginia","161","Roanoke","37.2834200009096","-79.88452"
"05/22/2025","AQS","511611004","1","3.5","ppb","3","East Vinton Elementary School","23","96.0000","42602","Nitrogen dioxide (NO2)","212","40220","Roanoke, VA","51","Virginia","161","Roanoke","37.2834200009096","-79.88452"
"05/23/2025","AQS","511611004","1","7.1","ppb","7","East Vinton Elementary School","24","100.0000","42602","Nitrogen dioxide (NO2)","212","40220","Roanoke, VA","51","Virginia","161","Roanoke","37.2834200009096","-79.88452"
"05/24/2025","AQS","511611004","1","7.4","ppb","7","East Vinton Elementary School","24","100.0000","42602","Nitrogen dioxide (NO2)","212","40220","Roanoke, VA","51","Virginia","161","Roanoke","37.2834200009096","-79.88452"
"05/25/2025","AQS","511611004","1","7.2","ppb","7","East Vinton Elementary School","23","96.0000","42602","Nitrogen dioxide (NO2)","212","40220","Roanoke, VA","51","Virginia","161","Roanoke","37.2834200009096","-79.88452"
"05/26/2025","AQS","511611004","1","3.5","ppb","3","East Vinton Elementary School","24","100.0000","42602","Nitrogen dioxide (NO2)","212","40220","Roanoke, VA","51","Virginia","161","Roanoke","37.2834200009096","-79.88452"
"05/27/2025","AQS","511611004","1","4.7","ppb","4","East Vinton Elementary School","24","100.0000","42602","Nitrogen dioxide (NO2)","212","40220","Roanoke, VA","51","Virginia","161","Roanoke","37.2834200009096","-79.88452"
"05/28/2025","AQS","511611004","1","4.7","ppb","4","East Vinton Elementary School","23","96.0000","42602","Nitrogen dioxide (NO2)","212","40220","Roanoke, VA","51","Virginia","161","Roanoke","37.2834200009096","-79.88452"
"05/29/2025","AQS","511611004","1","11.8","ppb","10","East Vinton Elementary School","24","100.0000","42602","Nitrogen dioxide (NO2)","212","40220","Roanoke, VA","51","Virginia","161","Roanoke","37.2834200009096","-79.88452"
"05/30/2025","AQS","511611004","1","15.2","ppb","14","East Vinton Elementary School","23","96.0000","42602","Nitrogen dioxide (NO2)","212","40220","Roanoke, VA","51","Virginia","161","Roanoke","37.2834200009096","-79.88452"
"05/31/2025","AQS","511611004","1","4.4","ppb","4","East Vinton Elementary School","23","96.0000","42602","Nitrogen dioxide (NO2)","212","40220","Roanoke, VA","51","Virginia","161","Roanoke","37.2834200009096","-79.88452"
"06/01/2025","AQS","511611004","1","7.6","ppb","7","East Vinton Elementary School","24","100.0000","42602","Nitrogen dioxide (NO2)","212","40220","Roanoke, VA","51","Virginia","161","Roanoke","37.2834200009096","-79.88452"
"06/02/2025","AQS","511611004","1","14.7","ppb","13","East Vinton Elementary School","24","100.0000","42602","Nitrogen dioxide (NO2)","212","40220","Roanoke, VA","51","Virginia","161","Roanoke","37.2834200009096","-79.88452"
"06/03/2025","AQS","511611004","1","15.1","ppb","14","East Vinton Elementary School","23","96.0000","42602","Nitrogen dioxide (NO2)","212","40220","Roanoke, VA","51","Virginia","161","Roanoke","37.2834200009096","-79.88452"
"06/04/2025","AQS","511611004","1","14.1","ppb","13","East Vinton Elementary School","24","100.0000","42602","Nitrogen dioxide (NO2)","212","40220","Roanoke, VA","51","Virginia","161","Roanoke","37.2834200009096","-79.88452"
"06/05/2025","AQS","511611004","1","5.4","ppb","5","East Vinton Elementary School","23","96.0000","42602","Nitrogen dioxide (NO2)","212","40220","Roanoke, VA","51","Virginia","161","Roanoke","37.2834200009096","-79.88452"
"06/06/2025","AQS","511611004","1","9.5","ppb","8","East Vinton Elementary School","23","96.0000","42602","Nitrogen dioxide (NO2)","212","40220","Roanoke, VA","51","Virginia","161","Roanoke","37.2834200009096","-79.88452"
"06/07/2025","AQS","511611004","1","4.6","ppb","4","East Vinton Elementary School","24","100.0000","42602","Nitrogen dioxide (NO2)","212","40220","Roanoke, VA","51","Virginia","161","Roanoke","37.2834200009096","-79.88452"
"06/08/2025","AQS","511611004","1","4.9","ppb","4","East Vinton Elementary School","24","100.0000","42602","Nitrogen dioxide (NO2)","212","40220","Roanoke, VA","51","Virginia","161","Roanoke","37.2834200009096","-79.88452"
"06/09/2025","AQS","511611004","1","5.3","ppb","5","East Vinton Elementary School","23","96.0000","42602","Nitrogen dioxide (NO2)","212","40220","Roanoke, VA","51","Virginia","161","Roanoke","37.2834200009096","-79.88452"
"06/10/2025","AQS","511611004","1","6.7","ppb","6","East Vinton Elementary School","24","100.0000","42602","Nitrogen dioxide (NO2)","212","40220","Roanoke, VA","51","Virginia","161","Roanoke","37.2834200009096","-79.88452"
"06/11/2025","AQS","511611004","1","14.6","ppb","13","East Vinton Elementary School","24","100.0000","42602","Nitrogen dioxide (NO2)","212","40220","Roanoke, VA","51","Virginia","161","Roanoke","37.2834200009096","-79.88452"
"06/12/2025","AQS","511611004","1","11","ppb","10","East Vinton Elementary School","23","96.0000","42602","Nitrogen dioxide (NO2)","212","40220","Roanoke, VA","51","Virginia","161","Roanoke","37.2834200009096","-79.88452"
"06/13/2025","AQS","511611004","1","6.6","ppb","6","East Vinton Elementary School","23","96.0000","42602","Nitrogen dioxide (NO2)","212","40220","Roanoke, VA","51","Virginia","161","Roanoke","37.2834200009096","-79.88452"
"06/14/2025","AQS","511611004","1","4.7","ppb","4","East Vinton Elementary School","24","100.0000","42602","Nitrogen dioxide (NO2)","212","40220","Roanoke, VA","51","Virginia","161","Roanoke","37.2834200009096","-79.88452"
"06/15/2025","AQS","511611004","1","5.6","ppb","5","East Vinton Elementary School","23","96.0000","42602","Nitrogen dioxide (NO2)","212","40220","Roanoke, VA","51","Virginia","161","Roanoke","37.2834200009096","-79.88452"
"06/16/2025","AQS","511611004","1","2.1","ppb","2","East Vinton Elementary School","24","100.0000","42602","Nitrogen dioxide (NO2)","212","40220","Roanoke, VA","51","Virginia","161","Roanoke","37.2834200009096","-79.88452"
"06/17/2025","AQS","511611004","1","3.7","ppb","3","East Vinton Elementary School","19","79.0000","42602","Nitrogen dioxide (NO2)","212","40220","Roanoke, VA","51","Virginia","161","Roanoke","37.2834200009096","-79.88452"
"06/18/2025","AQS","511611004","1","4.7","ppb","4","East Vinton Elementary School","22","92.0000","42602","Nitrogen dioxide (NO2)","212","40220","Roanoke, VA","51","Virginia","161","Roanoke","37.2834200009096","-79.88452"
"06/19/2025","AQS","511611004","1","6.7","ppb","6","East Vinton Elementary School","24","100.0000","42602","Nitrogen dioxide (NO2)","212","40220","Roanoke, VA","51","Virginia","161","Roanoke","37.2834200009096","-79.88452"
"06/20/2025","AQS","511611004","1","5.5","ppb","5","East Vinton Elementary School","24","100.0000","42602","Nitrogen dioxide (NO2)","212","40220","Roanoke, VA","51","Virginia","161","Roanoke","37.2834200009096","-79.88452"
"06/21/2025","AQS","511611004","1","9.3","ppb","8","East Vinton Elementary School","23","96.0000","42602","Nitrogen dioxide (NO2)","212","40220","Roanoke, VA","51","Virginia","161","Roanoke","37.2834200009096","-79.88452"
"06/22/2025","AQS","511611004","1","12.2","ppb","11","East Vinton Elementary School","24","100.0000","42602","Nitrogen dioxide (NO2)","212","40220","Roanoke, VA","51","Virginia","161","Roanoke","37.2834200009096","-79.88452"
"06/23/2025","AQS","511611004","1","7.4","ppb","7","East Vinton Elementary School","24","100.0000","42602","Nitrogen dioxide (NO2)","212","40220","Roanoke, VA","51","Virginia","161","Roanoke","37.2834200009096","-79.88452"
"06/24/2025","AQS","511611004","1","14.4","ppb","13","East Vinton Elementary School","23","96.0000","42602","Nitrogen dioxide (NO2)","212","40220","Roanoke, VA","51","Virginia","161","Roanoke","37.2834200009096","-79.88452"
"06/25/2025","AQS","511611004","1","11.9","ppb","10","East Vinton Elementary School","24","100.0000","42602","Nitrogen dioxide (NO2)","212","40220","Roanoke, VA","51","Virginia","161","Roanoke","37.2834200009096","-79.88452"
"06/26/2025","AQS","511611004","1","8.8","ppb","8","East Vinton Elementary School","23","96.0000","42602","Nitrogen dioxide (NO2)","212","40220","Roanoke, VA","51","Virginia","161","Roanoke","37.2834200009096","-79.88452"
"06/27/2025","AQS","511611004","1","7.8","ppb","7","East Vinton Elementary School","23","96.0000","42602","Nitrogen dioxide (NO2)","212","40220","Roanoke, VA","51","Virginia","161","Roanoke","37.2834200009096","-79.88452"
"06/28/2025","AQS","511611004","1","6.3","ppb","6","East Vinton Elementary School","24","100.0000","42602","Nitrogen dioxide (NO2)","212","40220","Roanoke, VA","51","Virginia","161","Roanoke","37.2834200009096","-79.88452"
"06/29/2025","AQS","511611004","1","5.2","ppb","5","East Vinton Elementary School","24","100.0000","42602","Nitrogen dioxide (NO2)","212","40220","Roanoke, VA","51","Virginia","161","Roanoke","37.2834200009096","-79.88452"
"06/30/2025","AQS","511611004","1","8.7","ppb","8","East Vinton Elementary School","23","96.0000","42602","Nitrogen dioxide (NO2)","212","40220","Roanoke, VA","51","Virginia","161","Roanoke","37.2834200009096","-79.88452"
"01/01/2025","AQS","511650003","1","8.8","ppb","8","ROCKINGHAM CO. VDOT","23","96.0000","42602","Nitrogen dioxide (NO2)","212","25500","Harrisonburg, VA","51","Virginia","165","Rockingham","38.4775300009192","-78.81952"
"01/02/2025","AQS","511650003","1","17.1","ppb","16","ROCKINGHAM CO. VDOT","24","100.0000","42602","Nitrogen dioxide (NO2)","212","25500","Harrisonburg, VA","51","Virginia","165","Rockingham","38.4775300009192","-78.81952"
"01/03/2025","AQS","511650003","1","23.7","ppb","22","ROCKINGHAM CO. VDOT","24","100.0000","42602","Nitrogen dioxide (NO2)","212","25500","Harrisonburg, VA","51","Virginia","165","Rockingham","38.4775300009192","-78.81952"
"01/04/2025","AQS","511650003","1","24","ppb","23","ROCKINGHAM CO. VDOT","23","96.0000","42602","Nitrogen dioxide (NO2)","212","25500","Harrisonburg, VA","51","Virginia","165","Rockingham","38.4775300009192","-78.81952"
"01/05/2025","AQS","511650003","1","26.7","ppb","25","ROCKINGHAM CO. VDOT","24","100.0000","42602","Nitrogen dioxide (NO2)","212","25500","Harrisonburg, VA","51","Virginia","165","Rockingham","38.4775300009192","-78.81952"
"01/06/2025","AQS","511650003","1","41.6","ppb","39","ROCKINGHAM CO. VDOT","24","100.0000","42602","Nitrogen dioxide (NO2)","212","25500","Harrisonburg, VA","51","Virginia","165","Rockingham","38.4775300009192","-78.81952"
"01/07/2025","AQS","511650003","1","15.9","ppb","14","ROCKINGHAM CO. VDOT","22","92.0000","42602","Nitrogen dioxide (NO2)","212","25500","Harrisonburg, VA","51","Virginia","165","Rockingham","38.4775300009192","-78.81952"
"01/08/2025","AQS","511650003","1","28.9","ppb","26","ROCKINGHAM CO. VDOT","24","100.0000","42602","Nitrogen dioxide (NO2)","212","25500","Harrisonburg, VA","51","Virginia","165","Rockingham","38.4775300009192","-78.81952"
"01/09/2025","AQS","511650003","1","37.3","ppb","35","ROCKINGHAM CO. VDOT","24","100.0000","42602","Nitrogen dioxide (NO2)","212","25500","Harrisonburg, VA","51","Virginia","165","Rockingham","38.4775300009192","-78.81952"
"01/10/2025","AQS","511650003","1","33.3","ppb","31","ROCKINGHAM CO. VDOT","23","96.0000","42602","Nitrogen dioxide (NO2)","212","25500","Harrisonburg, VA","51","Virginia","165","Rockingham","38.4775300009192","-78.81952"
"01/11/2025","AQS","511650003","1","20.6","ppb","19","ROCKINGHAM CO. VDOT","24","100.0000","42602","Nitrogen dioxide (NO2)","212","25500","Harrisonburg, VA","51","Virginia","165","Rockingham","38.4775300009192","-78.81952"
"01/12/2025","AQS","511650003","1","18.6","ppb","17","ROCKINGHAM CO. VDOT","24","100.0000","42602","Nitrogen dioxide (NO2)","212","25500","Harrisonburg, VA","51","Virginia","165","Rockingham","38.4775300009192","-78.81952"
"01/13/2025","AQS","511650003","1","32.8","ppb","30","ROCKINGHAM CO. VDOT","22","92.0000","42602","Nitrogen dioxide (NO2)","212","25500","Harrisonburg, VA","51","Virginia","165","Rockingham","38.4775300009192","-78.81952"
"01/14/2025","AQS","511650003","1","23.3","ppb","22","ROCKINGHAM CO. VDOT","24","100.0000","42602","Nitrogen dioxide (NO2)","212","25500","Harrisonburg, VA","51","Virginia","165","Rockingham","38.4775300009192","-78.81952"
"01/15/2025","AQS","511650003","1","33.6","ppb","31","ROCKINGHAM CO. VDOT","24","100.0000","42602","Nitrogen dioxide (NO2)","212","25500","Harrisonburg, VA","51","Virginia","165","Rockingham","38.4775300009192","-78.81952"
"01/16/2025","AQS","511650003","1","25.8","ppb","24","ROCKINGHAM CO. VDOT","23","96.0000","42602","Nitrogen dioxide (NO2)","212","25500","Harrisonburg, VA","51","Virginia","165","Rockingham","38.4775300009192","-78.81952"
"01/17/2025","AQS","511650003","1","27.2","ppb","25","ROCKINGHAM CO. VDOT","24","100.0000","42602","Nitrogen dioxide (NO2)","212","25500","Harrisonburg, VA","51","Virginia","165","Rockingham","38.4775300009192","-78.81952"
"01/18/2025","AQS","511650003","1","26.4","ppb","25","ROCKINGHAM CO. VDOT","24","100.0000","42602","Nitrogen dioxide (NO2)","212","25500","Harrisonburg, VA","51","Virginia","165","Rockingham","38.4775300009192","-78.81952"
"01/19/2025","AQS","511650003","1","31.4","ppb","29","ROCKINGHAM CO. VDOT","23","96.0000","42602","Nitrogen dioxide (NO2)","212","25500","Harrisonburg, VA","51","Virginia","165","Rockingham","38.4775300009192","-78.81952"
"01/20/2025","AQS","511650003","1","34.3","ppb","32","ROCKINGHAM CO. VDOT","24","100.0000","42602","Nitrogen dioxide (NO2)","212","25500","Harrisonburg, VA","51","Virginia","165","Rockingham","38.4775300009192","-78.81952"
"01/21/2025","AQS","511650003","1","34.4","ppb","32","ROCKINGHAM CO. VDOT","24","100.0000","42602","Nitrogen dioxide (NO2)","212","25500","Harrisonburg, VA","51","Virginia","165","Rockingham","38.4775300009192","-78.81952"
"01/22/2025","AQS","511650003","1","36.5","ppb","34","ROCKINGHAM CO. VDOT","22","92.0000","42602","Nitrogen dioxide (NO2)","212","25500","Harrisonburg, VA","51","Virginia","165","Rockingham","38.4775300009192","-78.81952"
"01/23/2025","AQS","511650003","1","37.2","ppb","35","ROCKINGHAM CO. VDOT","24","100.0000","42602","Nitrogen dioxide (NO2)","212","25500","Harrisonburg, VA","51","Virginia","165","Rockingham","38.4775300009192","-78.81952"
"01/24/2025","AQS","511650003","1","37","ppb","35","ROCKINGHAM CO. VDOT","24","100.0000","42602","Nitrogen dioxide (NO2)","212","25500","Harrisonburg, VA","51","Virginia","165","Rockingham","38.4775300009192","-78.81952"
"01/25/2025","AQS","511650003","1","26.8","ppb","25","ROCKINGHAM CO. VDOT","23","96.0000","42602","Nitrogen dioxide (NO2)","212","25500","Harrisonburg, VA","51","Virginia","165","Rockingham","38.4775300009192","-78.81952"
"01/26/2025","AQS","511650003","1","26.6","ppb","25","ROCKINGHAM CO. VDOT","24","100.0000","42602","Nitrogen dioxide (NO2)","212","25500","Harrisonburg, VA","51","Virginia","165","Rockingham","38.4775300009192","-78.81952"
"01/27/2025","AQS","511650003","1","26.8","ppb","25","ROCKINGHAM CO. VDOT","23","96.0000","42602","Nitrogen dioxide (NO2)","212","25500","Harrisonburg, VA","51","Virginia","165","Rockingham","38.4775300009192","-78.81952"
"01/28/2025","AQS","511650003","1","10.1","ppb","9","ROCKINGHAM CO. VDOT","23","96.0000","42602","Nitrogen dioxide (NO2)","212","25500","Harrisonburg, VA","51","Virginia","165","Rockingham","38.4775300009192","-78.81952"
"01/29/2025","AQS","511650003","1","16","ppb","15","ROCKINGHAM CO. VDOT","24","100.0000","42602","Nitrogen dioxide (NO2)","212","25500","Harrisonburg, VA","51","Virginia","165","Rockingham","38.4775300009192","-78.81952"
"01/30/2025","AQS","511650003","1","37","ppb","35","ROCKINGHAM CO. VDOT","24","100.0000","42602","Nitrogen dioxide (NO2)","212","25500","Harrisonburg, VA","51","Virginia","165","Rockingham","38.4775300009192","-78.81952"
"01/31/2025","AQS","511650003","1","13.2","ppb","12","ROCKINGHAM CO. VDOT","23","96.0000","42602","Nitrogen dioxide (NO2)","212","25500","Harrisonburg, VA","51","Virginia","165","Rockingham","38.4775300009192","-78.81952"
"02/01/2025","AQS","511650003","1","29.6","ppb","27","ROCKINGHAM CO. VDOT","24","100.0000","42602","Nitrogen dioxide (NO2)","212","25500","Harrisonburg, VA","51","Virginia","165","Rockingham","38.4775300009192","-78.81952"
"02/02/2025","AQS","511650003","1","25.4","ppb","24","ROCKINGHAM CO. VDOT","24","100.0000","42602","Nitrogen dioxide (NO2)","212","25500","Harrisonburg, VA","51","Virginia","165","Rockingham","38.4775300009192","-78.81952"
"02/03/2025","AQS","511650003","1","25.1","ppb","24","ROCKINGHAM CO. VDOT","23","96.0000","42602","Nitrogen dioxide (NO2)","212","25500","Harrisonburg, VA","51","Virginia","165","Rockingham","38.4775300009192","-78.81952"
"02/04/2025","AQS","511650003","1","28.1","ppb","26","ROCKINGHAM CO. VDOT","24","100.0000","42602","Nitrogen dioxide (NO2)","212","25500","Harrisonburg, VA","51","Virginia","165","Rockingham","38.4775300009192","-78.81952"
"02/05/2025","AQS","511650003","1","21.5","ppb","20","ROCKINGHAM CO. VDOT","23","96.0000","42602","Nitrogen dioxide (NO2)","212","25500","Harrisonburg, VA","51","Virginia","165","Rockingham","38.4775300009192","-78.81952"
"02/06/2025","AQS","511650003","1","13.1","ppb","12","ROCKINGHAM CO. VDOT","23","96.0000","42602","Nitrogen dioxide (NO2)","212","25500","Harrisonburg, VA","51","Virginia","165","Rockingham","38.4775300009192","-78.81952"
"02/07/2025","AQS","511650003","1","26.7","ppb","25","ROCKINGHAM CO. VDOT","24","100.0000","42602","Nitrogen dioxide (NO2)","212","25500","Harrisonburg, VA","51","Virginia","165","Rockingham","38.4775300009192","-78.81952"
"02/08/2025","AQS","511650003","1","26.6","ppb","25","ROCKINGHAM CO. VDOT","24","100.0000","42602","Nitrogen dioxide (NO2)","212","25500","Harrisonburg, VA","51","Virginia","165","Rockingham","38.4775300009192","-78.81952"
"02/09/2025","AQS","511650003","1","16.2","ppb","15","ROCKINGHAM CO. VDOT","23","96.0000","42602","Nitrogen dioxide (NO2)","212","25500","Harrisonburg, VA","51","Virginia","165","Rockingham","38.4775300009192","-78.81952"
"02/10/2025","AQS","511650003","1","34.9","ppb","32","ROCKINGHAM CO. VDOT","24","100.0000","42602","Nitrogen dioxide (NO2)","212","25500","Harrisonburg, VA","51","Virginia","165","Rockingham","38.4775300009192","-78.81952"
"02/11/2025","AQS","511650003","1","33.4","ppb","31","ROCKINGHAM CO. VDOT","23","96.0000","42602","Nitrogen dioxide (NO2)","212","25500","Harrisonburg, VA","51","Virginia","165","Rockingham","38.4775300009192","-78.81952"
"02/12/2025","AQS","511650003","1","33.8","ppb","31","ROCKINGHAM CO. VDOT","23","96.0000","42602","Nitrogen dioxide (NO2)","212","25500","Harrisonburg, VA","51","Virginia","165","Rockingham","38.4775300009192","-78.81952"
"02/13/2025","AQS","511650003","1","9.4","ppb","8","ROCKINGHAM CO. VDOT","24","100.0000","42602","Nitrogen dioxide (NO2)","212","25500","Harrisonburg, VA","51","Virginia","165","Rockingham","38.4775300009192","-78.81952"
"02/14/2025","AQS","511650003","1","28.1","ppb","26","ROCKINGHAM CO. VDOT","24","100.0000","42602","Nitrogen dioxide (NO2)","212","25500","Harrisonburg, VA","51","Virginia","165","Rockingham","38.4775300009192","-78.81952"
"02/15/2025","AQS","511650003","1","5.4","ppb","5","ROCKINGHAM CO. VDOT","23","96.0000","42602","Nitrogen dioxide (NO2)","212","25500","Harrisonburg, VA","51","Virginia","165","Rockingham","38.4775300009192","-78.81952"
"02/16/2025","AQS","511650003","1","4.1","ppb","4","ROCKINGHAM CO. VDOT","24","100.0000","42602","Nitrogen dioxide (NO2)","212","25500","Harrisonburg, VA","51","Virginia","165","Rockingham","38.4775300009192","-78.81952"
"02/17/2025","AQS","511650003","1","1.8","ppb","1","ROCKINGHAM CO. VDOT","24","100.0000","42602","Nitrogen dioxide (NO2)","212","25500","Harrisonburg, VA","51","Virginia","165","Rockingham","38.4775300009192","-78.81952"
"02/18/2025","AQS","511650003","1","27.1","ppb","25","ROCKINGHAM CO. VDOT","23","96.0000","42602","Nitrogen dioxide (NO2)","212","25500","Harrisonburg, VA","51","Virginia","165","Rockingham","38.4775300009192","-78.81952"
"02/19/2025","AQS","511650003","1","17.9","ppb","16","ROCKINGHAM CO. VDOT","23","96.0000","42602","Nitrogen dioxide (NO2)","212","25500","Harrisonburg, VA","51","Virginia","165","Rockingham","38.4775300009192","-78.81952"
"02/20/2025","AQS","511650003","1","21.5","ppb","20","ROCKINGHAM CO. VDOT","24","100.0000","42602","Nitrogen dioxide (NO2)","212","25500","Harrisonburg, VA","51","Virginia","165","Rockingham","38.4775300009192","-78.81952"
"02/21/2025","AQS","511650003","1","25.9","ppb","24","ROCKINGHAM CO. VDOT","23","96.0000","42602","Nitrogen dioxide (NO2)","212","25500","Harrisonburg, VA","51","Virginia","165","Rockingham","38.4775300009192","-78.81952"
"02/22/2025","AQS","511650003","1","21.6","ppb","20","ROCKINGHAM CO. VDOT","24","100.0000","42602","Nitrogen dioxide (NO2)","212","25500","Harrisonburg, VA","51","Virginia","165","Rockingham","38.4775300009192","-78.81952"
"02/23/2025","AQS","511650003","1","47.8","ppb","44","ROCKINGHAM CO. VDOT","24","100.0000","42602","Nitrogen dioxide (NO2)","212","25500","Harrisonburg, VA","51","Virginia","165","Rockingham","38.4775300009192","-78.81952"
"02/24/2025","AQS","511650003","1","22.4","ppb","21","ROCKINGHAM CO. VDOT","23","96.0000","42602","Nitrogen dioxide (NO2)","212","25500","Harrisonburg, VA","51","Virginia","165","Rockingham","38.4775300009192","-78.81952"
"02/25/2025","AQS","511650003","1","29.1","ppb","27","ROCKINGHAM CO. VDOT","23","96.0000","42602","Nitrogen dioxide (NO2)","212","25500","Harrisonburg, VA","51","Virginia","165","Rockingham","38.4775300009192","-78.81952"
"02/26/2025","AQS","511650003","1","28.7","ppb","26","ROCKINGHAM CO. VDOT","24","100.0000","42602","Nitrogen dioxide (NO2)","212","25500","Harrisonburg, VA","51","Virginia","165","Rockingham","38.4775300009192","-78.81952"
"02/27/2025","AQS","511650003","1","34.1","ppb","32","ROCKINGHAM CO. VDOT","23","96.0000","42602","Nitrogen dioxide (NO2)","212","25500","Harrisonburg, VA","51","Virginia","165","Rockingham","38.4775300009192","-78.81952"
"02/28/2025","AQS","511650003","1","5.8","ppb","5","ROCKINGHAM CO. VDOT","24","100.0000","42602","Nitrogen dioxide (NO2)","212","25500","Harrisonburg, VA","51","Virginia","165","Rockingham","38.4775300009192","-78.81952"
"03/01/2025","AQS","511650003","1","3.5","ppb","3","ROCKINGHAM CO. VDOT","24","100.0000","42602","Nitrogen dioxide (NO2)","212","25500","Harrisonburg, VA","51","Virginia","165","Rockingham","38.4775300009192","-78.81952"
"03/02/2025","AQS","511650003","1","28.3","ppb","26","ROCKINGHAM CO. VDOT","23","96.0000","42602","Nitrogen dioxide (NO2)","212","25500","Harrisonburg, VA","51","Virginia","165","Rockingham","38.4775300009192","-78.81952"
"03/03/2025","AQS","511650003","1","25.3","ppb","24","ROCKINGHAM CO. VDOT","23","96.0000","42602","Nitrogen dioxide (NO2)","212","25500","Harrisonburg, VA","51","Virginia","165","Rockingham","38.4775300009192","-78.81952"
"03/04/2025","AQS","511650003","1","9.5","ppb","8","ROCKINGHAM CO. VDOT","24","100.0000","42602","Nitrogen dioxide (NO2)","212","25500","Harrisonburg, VA","51","Virginia","165","Rockingham","38.4775300009192","-78.81952"
"03/05/2025","AQS","511650003","1","16.1","ppb","15","ROCKINGHAM CO. VDOT","23","96.0000","42602","Nitrogen dioxide (NO2)","212","25500","Harrisonburg, VA","51","Virginia","165","Rockingham","38.4775300009192","-78.81952"
"03/06/2025","AQS","511650003","1","4.4","ppb","4","ROCKINGHAM CO. VDOT","24","100.0000","42602","Nitrogen dioxide (NO2)","212","25500","Harrisonburg, VA","51","Virginia","165","Rockingham","38.4775300009192","-78.81952"
"03/07/2025","AQS","511650003","1","27.6","ppb","25","ROCKINGHAM CO. VDOT","24","100.0000","42602","Nitrogen dioxide (NO2)","212","25500","Harrisonburg, VA","51","Virginia","165","Rockingham","38.4775300009192","-78.81952"
"03/08/2025","AQS","511650003","1","26","ppb","25","ROCKINGHAM CO. VDOT","23","96.0000","42602","Nitrogen dioxide (NO2)","212","25500","Harrisonburg, VA","51","Virginia","165","Rockingham","38.4775300009192","-78.81952"
"03/09/2025","AQS","511650003","1","23.5","ppb","22","ROCKINGHAM CO. VDOT","24","100.0000","42602","Nitrogen dioxide (NO2)","212","25500","Harrisonburg, VA","51","Virginia","165","Rockingham","38.4775300009192","-78.81952"
"03/10/2025","AQS","511650003","1","28.9","ppb","26","ROCKINGHAM CO. VDOT","23","96.0000","42602","Nitrogen dioxide (NO2)","212","25500","Harrisonburg, VA","51","Virginia","165","Rockingham","38.4775300009192","-78.81952"
"03/11/2025","AQS","511650003","1","30.5","ppb","28","ROCKINGHAM CO. VDOT","23","96.0000","42602","Nitrogen dioxide (NO2)","212","25500","Harrisonburg, VA","51","Virginia","165","Rockingham","38.4775300009192","-78.81952"
"03/12/2025","AQS","511650003","1","31.3","ppb","29","ROCKINGHAM CO. VDOT","24","100.0000","42602","Nitrogen dioxide (NO2)","212","25500","Harrisonburg, VA","51","Virginia","165","Rockingham","38.4775300009192","-78.81952"
"03/13/2025","AQS","511650003","1","41.8","ppb","39","ROCKINGHAM CO. VDOT","24","100.0000","42602","Nitrogen dioxide (NO2)","212","25500","Harrisonburg, VA","51","Virginia","165","Rockingham","38.4775300009192","-78.81952"
"03/14/2025","AQS","511650003","1","18","ppb","17","ROCKINGHAM CO. VDOT","20","83.0000","42602","Nitrogen dioxide (NO2)","212","25500","Harrisonburg, VA","51","Virginia","165","Rockingham","38.4775300009192","-78.81952"
"03/15/2025","AQS","511650003","1","8","ppb","8","ROCKINGHAM CO. VDOT","24","100.0000","42602","Nitrogen dioxide (NO2)","212","25500","Harrisonburg, VA","51","Virginia","165","Rockingham","38.4775300009192","-78.81952"
"03/16/2025","AQS","511650003","1","15.5","ppb","14","ROCKINGHAM CO. VDOT","24","100.0000","42602","Nitrogen dioxide (NO2)","212","25500","Harrisonburg, VA","51","Virginia","165","Rockingham","38.4775300009192","-78.81952"
"03/17/2025","AQS","511650003","1","20.1","ppb","19","ROCKINGHAM CO. VDOT","22","92.0000","42602","Nitrogen dioxide (NO2)","212","25500","Harrisonburg, VA","51","Virginia","165","Rockingham","38.4775300009192","-78.81952"
"03/18/2025","AQS","511650003","1","31.5","ppb","29","ROCKINGHAM CO. VDOT","21","88.0000","42602","Nitrogen dioxide (NO2)","212","25500","Harrisonburg, VA","51","Virginia","165","Rockingham","38.4775300009192","-78.81952"
"03/19/2025","AQS","511650003","1","23.9","ppb","22","ROCKINGHAM CO. VDOT","24","100.0000","42602","Nitrogen dioxide (NO2)","212","25500","Harrisonburg, VA","51","Virginia","165","Rockingham","38.4775300009192","-78.81952"
"03/20/2025","AQS","511650003","1","10","ppb","9","ROCKINGHAM CO. VDOT","23","96.0000","42602","Nitrogen dioxide (NO2)","212","25500","Harrisonburg, VA","51","Virginia","165","Rockingham","38.4775300009192","-78.81952"
"03/21/2025","AQS","511650003","1","25.5","ppb","24","ROCKINGHAM CO. VDOT","24","100.0000","42602","Nitrogen dioxide (NO2)","212","25500","Harrisonburg, VA","51","Virginia","165","Rockingham","38.4775300009192","-78.81952"
"03/22/2025","AQS","511650003","1","5.2","ppb","5","ROCKINGHAM CO. VDOT","24","100.0000","42602","Nitrogen dioxide (NO2)","212","25500","Harrisonburg, VA","51","Virginia","165","Rockingham","38.4775300009192","-78.81952"
"03/23/2025","AQS","511650003","1","16","ppb","15","ROCKINGHAM CO. VDOT","23","96.0000","42602","Nitrogen dioxide (NO2)","212","25500","Harrisonburg, VA","51","Virginia","165","Rockingham","38.4775300009192","-78.81952"
"03/24/2025","AQS","511650003","1","6.6","ppb","6","ROCKINGHAM CO. VDOT","24","100.0000","42602","Nitrogen dioxide (NO2)","212","25500","Harrisonburg, VA","51","Virginia","165","Rockingham","38.4775300009192","-78.81952"
"03/25/2025","AQS","511650003","1","23.2","ppb","22","ROCKINGHAM CO. VDOT","24","100.0000","42602","Nitrogen dioxide (NO2)","212","25500","Harrisonburg, VA","51","Virginia","165","Rockingham","38.4775300009192","-78.81952"
"03/26/2025","AQS","511650003","1","22.6","ppb","21","ROCKINGHAM CO. VDOT","22","92.0000","42602","Nitrogen dioxide (NO2)","212","25500","Harrisonburg, VA","51","Virginia","165","Rockingham","38.4775300009192","-78.81952"
"03/27/2025","AQS","511650003","1","33.2","ppb","31","ROCKINGHAM CO. VDOT","24","100.0000","42602","Nitrogen dioxide (NO2)","212","25500","Harrisonburg, VA","51","Virginia","165","Rockingham","38.4775300009192","-78.81952"
"03/28/2025","AQS","511650003","1","34.8","ppb","32","ROCKINGHAM CO. VDOT","24","100.0000","42602","Nitrogen dioxide (NO2)","212","25500","Harrisonburg, VA","51","Virginia","165","Rockingham","38.4775300009192","-78.81952"
"03/29/2025","AQS","511650003","1","7.5","ppb","7","ROCKINGHAM CO. VDOT","23","96.0000","42602","Nitrogen dioxide (NO2)","212","25500","Harrisonburg, VA","51","Virginia","165","Rockingham","38.4775300009192","-78.81952"
"03/30/2025","AQS","511650003","1","3.5","ppb","3","ROCKINGHAM CO. VDOT","24","100.0000","42602","Nitrogen dioxide (NO2)","212","25500","Harrisonburg, VA","51","Virginia","165","Rockingham","38.4775300009192","-78.81952"
"03/31/2025","AQS","511650003","1","6.9","ppb","6","ROCKINGHAM CO. VDOT","24","100.0000","42602","Nitrogen dioxide (NO2)","212","25500","Harrisonburg, VA","51","Virginia","165","Rockingham","38.4775300009192","-78.81952"
"04/01/2025","AQS","511650003","1","28.4","ppb","26","ROCKINGHAM CO. VDOT","22","92.0000","42602","Nitrogen dioxide (NO2)","212","25500","Harrisonburg, VA","51","Virginia","165","Rockingham","38.4775300009192","-78.81952"
"04/02/2025","AQS","511650003","1","23","ppb","22","ROCKINGHAM CO. VDOT","24","100.0000","42602","Nitrogen dioxide (NO2)","212","25500","Harrisonburg, VA","51","Virginia","165","Rockingham","38.4775300009192","-78.81952"
"04/03/2025","AQS","511650003","1","7.5","ppb","7","ROCKINGHAM CO. VDOT","24","100.0000","42602","Nitrogen dioxide (NO2)","212","25500","Harrisonburg, VA","51","Virginia","165","Rockingham","38.4775300009192","-78.81952"
"04/04/2025","AQS","511650003","1","17.3","ppb","16","ROCKINGHAM CO. VDOT","23","96.0000","42602","Nitrogen dioxide (NO2)","212","25500","Harrisonburg, VA","51","Virginia","165","Rockingham","38.4775300009192","-78.81952"
"04/05/2025","AQS","511650003","1","20.5","ppb","19","ROCKINGHAM CO. VDOT","24","100.0000","42602","Nitrogen dioxide (NO2)","212","25500","Harrisonburg, VA","51","Virginia","165","Rockingham","38.4775300009192","-78.81952"
"04/06/2025","AQS","511650003","1","7.9","ppb","7","ROCKINGHAM CO. VDOT","24","100.0000","42602","Nitrogen dioxide (NO2)","212","25500","Harrisonburg, VA","51","Virginia","165","Rockingham","38.4775300009192","-78.81952"
"04/07/2025","AQS","511650003","1","15.5","ppb","14","ROCKINGHAM CO. VDOT","22","92.0000","42602","Nitrogen dioxide (NO2)","212","25500","Harrisonburg, VA","51","Virginia","165","Rockingham","38.4775300009192","-78.81952"
"04/08/2025","AQS","511650003","1","30.5","ppb","28","ROCKINGHAM CO. VDOT","24","100.0000","42602","Nitrogen dioxide (NO2)","212","25500","Harrisonburg, VA","51","Virginia","165","Rockingham","38.4775300009192","-78.81952"
"04/09/2025","AQS","511650003","1","26.5","ppb","25","ROCKINGHAM CO. VDOT","24","100.0000","42602","Nitrogen dioxide (NO2)","212","25500","Harrisonburg, VA","51","Virginia","165","Rockingham","38.4775300009192","-78.81952"
"04/10/2025","AQS","511650003","1","19.2","ppb","18","ROCKINGHAM CO. VDOT","23","96.0000","42602","Nitrogen dioxide (NO2)","212","25500","Harrisonburg, VA","51","Virginia","165","Rockingham","38.4775300009192","-78.81952"
"04/11/2025","AQS","511650003","1","19.7","ppb","18","ROCKINGHAM CO. VDOT","24","100.0000","42602","Nitrogen dioxide (NO2)","212","25500","Harrisonburg, VA","51","Virginia","165","Rockingham","38.4775300009192","-78.81952"
"04/12/2025","AQS","511650003","1","7.9","ppb","7","ROCKINGHAM CO. VDOT","24","100.0000","42602","Nitrogen dioxide (NO2)","212","25500","Harrisonburg, VA","51","Virginia","165","Rockingham","38.4775300009192","-78.81952"
"04/13/2025","AQS","511650003","1","16.3","ppb","15","ROCKINGHAM CO. VDOT","23","96.0000","42602","Nitrogen dioxide (NO2)","212","25500","Harrisonburg, VA","51","Virginia","165","Rockingham","38.4775300009192","-78.81952"
"04/14/2025","AQS","511650003","1","23.5","ppb","22","ROCKINGHAM CO. VDOT","24","100.0000","42602","Nitrogen dioxide (NO2)","212","25500","Harrisonburg, VA","51","Virginia","165","Rockingham","38.4775300009192","-78.81952"
"04/15/2025","AQS","511650003","1","13.3","ppb","12","ROCKINGHAM CO. VDOT","24","100.0000","42602","Nitrogen dioxide (NO2)","212","25500","Harrisonburg, VA","51","Virginia","165","Rockingham","38.4775300009192","-78.81952"
"04/16/2025","AQS","511650003","1","22.6","ppb","21","ROCKINGHAM CO. VDOT","22","92.0000","42602","Nitrogen dioxide (NO2)","212","25500","Harrisonburg, VA","51","Virginia","165","Rockingham","38.4775300009192","-78.81952"
"04/17/2025","AQS","511650003","1","33.5","ppb","31","ROCKINGHAM CO. VDOT","24","100.0000","42602","Nitrogen dioxide (NO2)","212","25500","Harrisonburg, VA","51","Virginia","165","Rockingham","38.4775300009192","-78.81952"
"04/18/2025","AQS","511650003","1","21","ppb","20","ROCKINGHAM CO. VDOT","24","100.0000","42602","Nitrogen dioxide (NO2)","212","25500","Harrisonburg, VA","51","Virginia","165","Rockingham","38.4775300009192","-78.81952"
"04/19/2025","AQS","511650003","1","19.5","ppb","18","ROCKINGHAM CO. VDOT","23","96.0000","42602","Nitrogen dioxide (NO2)","212","25500","Harrisonburg, VA","51","Virginia","165","Rockingham","38.4775300009192","-78.81952"
"04/20/2025","AQS","511650003","1","24.1","ppb","23","ROCKINGHAM CO. VDOT","24","100.0000","42602","Nitrogen dioxide (NO2)","212","25500","Harrisonburg, VA","51","Virginia","165","Rockingham","38.4775300009192","-78.81952"
"04/21/2025","AQS","511650003","1","25.4","ppb","24","ROCKINGHAM CO. VDOT","23","96.0000","42602","Nitrogen dioxide (NO2)","212","25500","Harrisonburg, VA","51","Virginia","165","Rockingham","38.4775300009192","-78.81952"
"04/22/2025","AQS","511650003","1","29.8","ppb","27","ROCKINGHAM CO. VDOT","23","96.0000","42602","Nitrogen dioxide (NO2)","212","25500","Harrisonburg, VA","51","Virginia","165","Rockingham","38.4775300009192","-78.81952"
"04/23/2025","AQS","511650003","1","30.6","ppb","28","ROCKINGHAM CO. VDOT","24","100.0000","42602","Nitrogen dioxide (NO2)","212","25500","Harrisonburg, VA","51","Virginia","165","Rockingham","38.4775300009192","-78.81952"
"04/24/2025","AQS","511650003","1","24.7","ppb","23","ROCKINGHAM CO. VDOT","24","100.0000","42602","Nitrogen dioxide (NO2)","212","25500","Harrisonburg, VA","51","Virginia","165","Rockingham","38.4775300009192","-78.81952"
"04/25/2025","AQS","511650003","1","20","ppb","19","ROCKINGHAM CO. VDOT","23","96.0000","42602","Nitrogen dioxide (NO2)","212","25500","Harrisonburg, VA","51","Virginia","165","Rockingham","38.4775300009192","-78.81952"
"04/26/2025","AQS","511650003","1","3.4","ppb","3","ROCKINGHAM CO. VDOT","24","100.0000","42602","Nitrogen dioxide (NO2)","212","25500","Harrisonburg, VA","51","Virginia","165","Rockingham","38.4775300009192","-78.81952"
"04/27/2025","AQS","511650003","1","24.9","ppb","23","ROCKINGHAM CO. VDOT","24","100.0000","42602","Nitrogen dioxide (NO2)","212","25500","Harrisonburg, VA","51","Virginia","165","Rockingham","38.4775300009192","-78.81952"
"04/28/2025","AQS","511650003","1","17.8","ppb","16","ROCKINGHAM CO. VDOT","22","92.0000","42602","Nitrogen dioxide (NO2)","212","25500","Harrisonburg, VA","51","Virginia","165","Rockingham","38.4775300009192","-78.81952"
"04/29/2025","AQS","511650003","1","4.8","ppb","4","ROCKINGHAM CO. VDOT","24","100.0000","42602","Nitrogen dioxide (NO2)","212","25500","Harrisonburg, VA","51","Virginia","165","Rockingham","38.4775300009192","-78.81952"
"04/30/2025","AQS","511650003","1","29.3","ppb","27","ROCKINGHAM CO. VDOT","24","100.0000","42602","Nitrogen dioxide (NO2)","212","25500","Harrisonburg, VA","51","Virginia","165","Rockingham","38.4775300009192","-78.81952"
"05/01/2025","AQS","511650003","1","23","ppb","22","ROCKINGHAM CO. VDOT","23","96.0000","42602","Nitrogen dioxide (NO2)","212","25500","Harrisonburg, VA","51","Virginia","165","Rockingham","38.4775300009192","-78.81952"
"05/02/2025","AQS","511650003","1","7.8","ppb","7","ROCKINGHAM CO. VDOT","24","100.0000","42602","Nitrogen dioxide (NO2)","212","25500","Harrisonburg, VA","51","Virginia","165","Rockingham","38.4775300009192","-78.81952"
"05/03/2025","AQS","511650003","1","9.9","ppb","8","ROCKINGHAM CO. VDOT","24","100.0000","42602","Nitrogen dioxide (NO2)","212","25500","Harrisonburg, VA","51","Virginia","165","Rockingham","38.4775300009192","-78.81952"
"05/04/2025","AQS","511650003","1","15.1","ppb","14","ROCKINGHAM CO. VDOT","23","96.0000","42602","Nitrogen dioxide (NO2)","212","25500","Harrisonburg, VA","51","Virginia","165","Rockingham","38.4775300009192","-78.81952"
"05/05/2025","AQS","511650003","1","13.1","ppb","12","ROCKINGHAM CO. VDOT","23","96.0000","42602","Nitrogen dioxide (NO2)","212","25500","Harrisonburg, VA","51","Virginia","165","Rockingham","38.4775300009192","-78.81952"
"05/06/2025","AQS","511650003","1","13.1","ppb","12","ROCKINGHAM CO. VDOT","24","100.0000","42602","Nitrogen dioxide (NO2)","212","25500","Harrisonburg, VA","51","Virginia","165","Rockingham","38.4775300009192","-78.81952"
"05/07/2025","AQS","511650003","1","26.6","ppb","25","ROCKINGHAM CO. VDOT","23","96.0000","42602","Nitrogen dioxide (NO2)","212","25500","Harrisonburg, VA","51","Virginia","165","Rockingham","38.4775300009192","-78.81952"
"05/08/2025","AQS","511650003","1","23.3","ppb","22","ROCKINGHAM CO. VDOT","24","100.0000","42602","Nitrogen dioxide (NO2)","212","25500","Harrisonburg, VA","51","Virginia","165","Rockingham","38.4775300009192","-78.81952"
"05/09/2025","AQS","511650003","1","19.4","ppb","18","ROCKINGHAM CO. VDOT","24","100.0000","42602","Nitrogen dioxide (NO2)","212","25500","Harrisonburg, VA","51","Virginia","165","Rockingham","38.4775300009192","-78.81952"
"05/10/2025","AQS","511650003","1","18.3","ppb","17","ROCKINGHAM CO. VDOT","23","96.0000","42602","Nitrogen dioxide (NO2)","212","25500","Harrisonburg, VA","51","Virginia","165","Rockingham","38.4775300009192","-78.81952"
"05/11/2025","AQS","511650003","1","21","ppb","20","ROCKINGHAM CO. VDOT","24","100.0000","42602","Nitrogen dioxide (NO2)","212","25500","Harrisonburg, VA","51","Virginia","165","Rockingham","38.4775300009192","-78.81952"
"05/12/2025","AQS","511650003","1","15.6","ppb","14","ROCKINGHAM CO. VDOT","23","96.0000","42602","Nitrogen dioxide (NO2)","212","25500","Harrisonburg, VA","51","Virginia","165","Rockingham","38.4775300009192","-78.81952"
"05/13/2025","AQS","511650003","1","23.6","ppb","22","ROCKINGHAM CO. VDOT","23","96.0000","42602","Nitrogen dioxide (NO2)","212","25500","Harrisonburg, VA","51","Virginia","165","Rockingham","38.4775300009192","-78.81952"
"05/14/2025","AQS","511650003","1","14.1","ppb","13","ROCKINGHAM CO. VDOT","24","100.0000","42602","Nitrogen dioxide (NO2)","212","25500","Harrisonburg, VA","51","Virginia","165","Rockingham","38.4775300009192","-78.81952"
"05/15/2025","AQS","511650003","1","14.4","ppb","13","ROCKINGHAM CO. VDOT","24","100.0000","42602","Nitrogen dioxide (NO2)","212","25500","Harrisonburg, VA","51","Virginia","165","Rockingham","38.4775300009192","-78.81952"
"05/16/2025","AQS","511650003","1","12","ppb","11","ROCKINGHAM CO. VDOT","23","96.0000","42602","Nitrogen dioxide (NO2)","212","25500","Harrisonburg, VA","51","Virginia","165","Rockingham","38.4775300009192","-78.81952"
"05/17/2025","AQS","511650003","1","4","ppb","4","ROCKINGHAM CO. VDOT","24","100.0000","42602","Nitrogen dioxide (NO2)","212","25500","Harrisonburg, VA","51","Virginia","165","Rockingham","38.4775300009192","-78.81952"
"05/18/2025","AQS","511650003","1","5.1","ppb","5","ROCKINGHAM CO. VDOT","24","100.0000","42602","Nitrogen dioxide (NO2)","212","25500","Harrisonburg, VA","51","Virginia","165","Rockingham","38.4775300009192","-78.81952"
"05/19/2025","AQS","511650003","1","31.4","ppb","29","ROCKINGHAM CO. VDOT","22","92.0000","42602","Nitrogen dioxide (NO2)","212","25500","Harrisonburg, VA","51","Virginia","165","Rockingham","38.4775300009192","-78.81952"
"05/20/2025","AQS","511650003","1","29.3","ppb","27","ROCKINGHAM CO. VDOT","24","100.0000","42602","Nitrogen dioxide (NO2)","212","25500","Harrisonburg, VA","51","Virginia","165","Rockingham","38.4775300009192","-78.81952"
"05/21/2025","AQS","511650003","1","12.9","ppb","11","ROCKINGHAM CO. VDOT","24","100.0000","42602","Nitrogen dioxide (NO2)","212","25500","Harrisonburg, VA","51","Virginia","165","Rockingham","38.4775300009192","-78.81952"
"05/22/2025","AQS","511650003","1","9.5","ppb","8","ROCKINGHAM CO. VDOT","19","79.0000","42602","Nitrogen dioxide (NO2)","212","25500","Harrisonburg, VA","51","Virginia","165","Rockingham","38.4775300009192","-78.81952"
"05/23/2025","AQS","511650003","1","14.9","ppb","13","ROCKINGHAM CO. VDOT","24","100.0000","42602","Nitrogen dioxide (NO2)","212","25500","Harrisonburg, VA","51","Virginia","165","Rockingham","38.4775300009192","-78.81952"
"05/24/2025","AQS","511650003","1","15.3","ppb","14","ROCKINGHAM CO. VDOT","24","100.0000","42602","Nitrogen dioxide (NO2)","212","25500","Harrisonburg, VA","51","Virginia","165","Rockingham","38.4775300009192","-78.81952"
"05/25/2025","AQS","511650003","1","16","ppb","15","ROCKINGHAM CO. VDOT","23","96.0000","42602","Nitrogen dioxide (NO2)","212","25500","Harrisonburg, VA","51","Virginia","165","Rockingham","38.4775300009192","-78.81952"
"05/26/2025","AQS","511650003","1","14.8","ppb","13","ROCKINGHAM CO. VDOT","24","100.0000","42602","Nitrogen dioxide (NO2)","212","25500","Harrisonburg, VA","51","Virginia","165","Rockingham","38.4775300009192","-78.81952"
"05/27/2025","AQS","511650003","1","13","ppb","12","ROCKINGHAM CO. VDOT","24","100.0000","42602","Nitrogen dioxide (NO2)","212","25500","Harrisonburg, VA","51","Virginia","165","Rockingham","38.4775300009192","-78.81952"
"05/28/2025","AQS","511650003","1","11.6","ppb","10","ROCKINGHAM CO. VDOT","22","92.0000","42602","Nitrogen dioxide (NO2)","212","25500","Harrisonburg, VA","51","Virginia","165","Rockingham","38.4775300009192","-78.81952"
"05/29/2025","AQS","511650003","1","12.8","ppb","11","ROCKINGHAM CO. VDOT","24","100.0000","42602","Nitrogen dioxide (NO2)","212","25500","Harrisonburg, VA","51","Virginia","165","Rockingham","38.4775300009192","-78.81952"
"05/30/2025","AQS","511650003","1","12.2","ppb","11","ROCKINGHAM CO. VDOT","24","100.0000","42602","Nitrogen dioxide (NO2)","212","25500","Harrisonburg, VA","51","Virginia","165","Rockingham","38.4775300009192","-78.81952"
"05/31/2025","AQS","511650003","1","7.4","ppb","7","ROCKINGHAM CO. VDOT","23","96.0000","42602","Nitrogen dioxide (NO2)","212","25500","Harrisonburg, VA","51","Virginia","165","Rockingham","38.4775300009192","-78.81952"
"06/01/2025","AQS","511650003","1","16.8","ppb","15","ROCKINGHAM CO. VDOT","24","100.0000","42602","Nitrogen dioxide (NO2)","212","25500","Harrisonburg, VA","51","Virginia","165","Rockingham","38.4775300009192","-78.81952"
"06/02/2025","AQS","511650003","1","26.6","ppb","25","ROCKINGHAM CO. VDOT","24","100.0000","42602","Nitrogen dioxide (NO2)","212","25500","Harrisonburg, VA","51","Virginia","165","Rockingham","38.4775300009192","-78.81952"
"06/03/2025","AQS","511650003","1","19.3","ppb","18","ROCKINGHAM CO. VDOT","22","92.0000","42602","Nitrogen dioxide (NO2)","212","25500","Harrisonburg, VA","51","Virginia","165","Rockingham","38.4775300009192","-78.81952"
"06/04/2025","AQS","511650003","1","14.5","ppb","13","ROCKINGHAM CO. VDOT","24","100.0000","42602","Nitrogen dioxide (NO2)","212","25500","Harrisonburg, VA","51","Virginia","165","Rockingham","38.4775300009192","-78.81952"
"06/05/2025","AQS","511650003","1","9.9","ppb","8","ROCKINGHAM CO. VDOT","24","100.0000","42602","Nitrogen dioxide (NO2)","212","25500","Harrisonburg, VA","51","Virginia","165","Rockingham","38.4775300009192","-78.81952"
"06/06/2025","AQS","511650003","1","12.7","ppb","11","ROCKINGHAM CO. VDOT","23","96.0000","42602","Nitrogen dioxide (NO2)","212","25500","Harrisonburg, VA","51","Virginia","165","Rockingham","38.4775300009192","-78.81952"
"06/07/2025","AQS","511650003","1","18.1","ppb","17","ROCKINGHAM CO. VDOT","24","100.0000","42602","Nitrogen dioxide (NO2)","212","25500","Harrisonburg, VA","51","Virginia","165","Rockingham","38.4775300009192","-78.81952"
"06/08/2025","AQS","511650003","1","12.4","ppb","11","ROCKINGHAM CO. VDOT","24","100.0000","42602","Nitrogen dioxide (NO2)","212","25500","Harrisonburg, VA","51","Virginia","165","Rockingham","38.4775300009192","-78.81952"
"06/09/2025","AQS","511650003","1","11.8","ppb","10","ROCKINGHAM CO. VDOT","22","92.0000","42602","Nitrogen dioxide (NO2)","212","25500","Harrisonburg, VA","51","Virginia","165","Rockingham","38.4775300009192","-78.81952"
"06/10/2025","AQS","511650003","1","28","ppb","26","ROCKINGHAM CO. VDOT","24","100.0000","42602","Nitrogen dioxide (NO2)","212","25500","Harrisonburg, VA","51","Virginia","165","Rockingham","38.4775300009192","-78.81952"
"06/11/2025","AQS","511650003","1","18.1","ppb","17","ROCKINGHAM CO. VDOT","24","100.0000","42602","Nitrogen dioxide (NO2)","212","25500","Harrisonburg, VA","51","Virginia","165","Rockingham","38.4775300009192","-78.81952"
"06/12/2025","AQS","511650003","1","22","ppb","21","ROCKINGHAM CO. VDOT","23","96.0000","42602","Nitrogen dioxide (NO2)","212","25500","Harrisonburg, VA","51","Virginia","165","Rockingham","38.4775300009192","-78.81952"
"06/13/2025","AQS","511650003","1","19.1","ppb","18","ROCKINGHAM CO. VDOT","24","100.0000","42602","Nitrogen dioxide (NO2)","212","25500","Harrisonburg, VA","51","Virginia","165","Rockingham","38.4775300009192","-78.81952"
"06/14/2025","AQS","511650003","1","12.8","ppb","11","ROCKINGHAM CO. VDOT","24","100.0000","42602","Nitrogen dioxide (NO2)","212","25500","Harrisonburg, VA","51","Virginia","165","Rockingham","38.4775300009192","-78.81952"
"06/15/2025","AQS","511650003","1","10.1","ppb","9","ROCKINGHAM CO. VDOT","23","96.0000","42602","Nitrogen dioxide (NO2)","212","25500","Harrisonburg, VA","51","Virginia","165","Rockingham","38.4775300009192","-78.81952"
"06/16/2025","AQS","511650003","1","9.9","ppb","8","ROCKINGHAM CO. VDOT","24","100.0000","42602","Nitrogen dioxide (NO2)","212","25500","Harrisonburg, VA","51","Virginia","165","Rockingham","38.4775300009192","-78.81952"
"06/17/2025","AQS","511650003","1","12.4","ppb","11","ROCKINGHAM CO. VDOT","24","100.0000","42602","Nitrogen dioxide (NO2)","212","25500","Harrisonburg, VA","51","Virginia","165","Rockingham","38.4775300009192","-78.81952"
"06/18/2025","AQS","511650003","1","14.5","ppb","13","ROCKINGHAM CO. VDOT","22","92.0000","42602","Nitrogen dioxide (NO2)","212","25500","Harrisonburg, VA","51","Virginia","165","Rockingham","38.4775300009192","-78.81952"
"06/19/2025","AQS","511650003","1","8.9","ppb","8","ROCKINGHAM CO. VDOT","24","100.0000","42602","Nitrogen dioxide (NO2)","212","25500","Harrisonburg, VA","51","Virginia","165","Rockingham","38.4775300009192","-78.81952"
"06/20/2025","AQS","511650003","1","18.2","ppb","17","ROCKINGHAM CO. VDOT","24","100.0000","42602","Nitrogen dioxide (NO2)","212","25500","Harrisonburg, VA","51","Virginia","165","Rockingham","38.4775300009192","-78.81952"
"06/21/2025","AQS","511650003","1","12.2","ppb","11","ROCKINGHAM CO. VDOT","23","96.0000","42602","Nitrogen dioxide (NO2)","212","25500","Harrisonburg, VA","51","Virginia","165","Rockingham","38.4775300009192","-78.81952"
"06/22/2025","AQS","511650003","1","16.4","ppb","15","ROCKINGHAM CO. VDOT","24","100.0000","42602","Nitrogen dioxide (NO2)","212","25500","Harrisonburg, VA","51","Virginia","165","Rockingham","38.4775300009192","-78.81952"
"06/23/2025","AQS","511650003","1","21.5","ppb","20","ROCKINGHAM CO. VDOT","24","100.0000","42602","Nitrogen dioxide (NO2)","212","25500","Harrisonburg, VA","51","Virginia","165","Rockingham","38.4775300009192","-78.81952"
"06/24/2025","AQS","511650003","1","27.1","ppb","25","ROCKINGHAM CO. VDOT","22","92.0000","42602","Nitrogen dioxide (NO2)","212","25500","Harrisonburg, VA","51","Virginia","165","Rockingham","38.4775300009192","-78.81952"
"06/25/2025","AQS","511650003","1","19","ppb","18","ROCKINGHAM CO. VDOT","24","100.0000","42602","Nitrogen dioxide (NO2)","212","25500","Harrisonburg, VA","51","Virginia","165","Rockingham","38.4775300009192","-78.81952"
"06/26/2025","AQS","511650003","1","18.7","ppb","17","ROCKINGHAM CO. VDOT","24","100.0000","42602","Nitrogen dioxide (NO2)","212","25500","Harrisonburg, VA","51","Virginia","165","Rockingham","38.4775300009192","-78.81952"
"06/27/2025","AQS","511650003","1","13.7","ppb","12","ROCKINGHAM CO. VDOT","23","96.0000","42602","Nitrogen dioxide (NO2)","212","25500","Harrisonburg, VA","51","Virginia","165","Rockingham","38.4775300009192","-78.81952"
"06/28/2025","AQS","511650003","1","7.6","ppb","7","ROCKINGHAM CO. VDOT","24","100.0000","42602","Nitrogen dioxide (NO2)","212","25500","Harrisonburg, VA","51","Virginia","165","Rockingham","38.4775300009192","-78.81952"
"06/29/2025","AQS","511650003","1","11.6","ppb","10","ROCKINGHAM CO. VDOT","24","100.0000","42602","Nitrogen dioxide (NO2)","212","25500","Harrisonburg, VA","51","Virginia","165","Rockingham","38.4775300009192","-78.81952"
"06/30/2025","AQS","511650003","1","12.2","ppb","11","ROCKINGHAM CO. VDOT","22","92.0000","42602","Nitrogen dioxide (NO2)","212","25500","Harrisonburg, VA","51","Virginia","165","Rockingham","38.4775300009192","-78.81952"
"01/01/2025","AQS","516500008","1","4.2","ppb","4","NASA Langley Research Center","23","96.0000","42602","Nitrogen dioxide (NO2)","212","47260","Virginia Beach-Norfolk-Newport News, VA-NC","51","Virginia","650","Hampton City","37.103733000908","-76.3870167"
"01/02/2025","AQS","516500008","1","9.7","ppb","8","NASA Langley Research Center","24","100.0000","42602","Nitrogen dioxide (NO2)","212","47260","Virginia Beach-Norfolk-Newport News, VA-NC","51","Virginia","650","Hampton City","37.103733000908","-76.3870167"
"01/03/2025","AQS","516500008","1","7","ppb","7","NASA Langley Research Center","24","100.0000","42602","Nitrogen dioxide (NO2)","212","47260","Virginia Beach-Norfolk-Newport News, VA-NC","51","Virginia","650","Hampton City","37.103733000908","-76.3870167"
"01/04/2025","AQS","516500008","1","5.2","ppb","5","NASA Langley Research Center","23","96.0000","42602","Nitrogen dioxide (NO2)","212","47260","Virginia Beach-Norfolk-Newport News, VA-NC","51","Virginia","650","Hampton City","37.103733000908","-76.3870167"
"01/05/2025","AQS","516500008","1","18.5","ppb","17","NASA Langley Research Center","24","100.0000","42602","Nitrogen dioxide (NO2)","212","47260","Virginia Beach-Norfolk-Newport News, VA-NC","51","Virginia","650","Hampton City","37.103733000908","-76.3870167"
"01/06/2025","AQS","516500008","1","6","ppb","6","NASA Langley Research Center","24","100.0000","42602","Nitrogen dioxide (NO2)","212","47260","Virginia Beach-Norfolk-Newport News, VA-NC","51","Virginia","650","Hampton City","37.103733000908","-76.3870167"
"01/07/2025","AQS","516500008","1","4.8","ppb","4","NASA Langley Research Center","23","96.0000","42602","Nitrogen dioxide (NO2)","212","47260","Virginia Beach-Norfolk-Newport News, VA-NC","51","Virginia","650","Hampton City","37.103733000908","-76.3870167"
"01/08/2025","AQS","516500008","1","5.7","ppb","5","NASA Langley Research Center","24","100.0000","42602","Nitrogen dioxide (NO2)","212","47260","Virginia Beach-Norfolk-Newport News, VA-NC","51","Virginia","650","Hampton City","37.103733000908","-76.3870167"
"01/09/2025","AQS","516500008","1","5.8","ppb","5","NASA Langley Research Center","23","96.0000","42602","Nitrogen dioxide (NO2)","212","47260","Virginia Beach-Norfolk-Newport News, VA-NC","51","Virginia","650","Hampton City","37.103733000908","-76.3870167"
"01/10/2025","AQS","516500008","1","7.7","ppb","7","NASA Langley Research Center","23","96.0000","42602","Nitrogen dioxide (NO2)","212","47260","Virginia Beach-Norfolk-Newport News, VA-NC","51","Virginia","650","Hampton City","37.103733000908","-76.3870167"
"01/11/2025","AQS","516500008","1","9.3","ppb","8","NASA Langley Research Center","24","100.0000","42602","Nitrogen dioxide (NO2)","212","47260","Virginia Beach-Norfolk-Newport News, VA-NC","51","Virginia","650","Hampton City","37.103733000908","-76.3870167"
"01/12/2025","AQS","516500008","1","21","ppb","20","NASA Langley Research Center","24","100.0000","42602","Nitrogen dioxide (NO2)","212","47260","Virginia Beach-Norfolk-Newport News, VA-NC","51","Virginia","650","Hampton City","37.103733000908","-76.3870167"
"01/13/2025","AQS","516500008","1","19.2","ppb","18","NASA Langley Research Center","23","96.0000","42602","Nitrogen dioxide (NO2)","212","47260","Virginia Beach-Norfolk-Newport News, VA-NC","51","Virginia","650","Hampton City","37.103733000908","-76.3870167"
"01/14/2025","AQS","516500008","1","17.9","ppb","16","NASA Langley Research Center","24","100.0000","42602","Nitrogen dioxide (NO2)","212","47260","Virginia Beach-Norfolk-Newport News, VA-NC","51","Virginia","650","Hampton City","37.103733000908","-76.3870167"
"01/15/2025","AQS","516500008","1","22.3","ppb","21","NASA Langley Research Center","24","100.0000","42602","Nitrogen dioxide (NO2)","212","47260","Virginia Beach-Norfolk-Newport News, VA-NC","51","Virginia","650","Hampton City","37.103733000908","-76.3870167"
"01/16/2025","AQS","516500008","1","23","ppb","22","NASA Langley Research Center","23","96.0000","42602","Nitrogen dioxide (NO2)","212","47260","Virginia Beach-Norfolk-Newport News, VA-NC","51","Virginia","650","Hampton City","37.103733000908","-76.3870167"
"01/17/2025","AQS","516500008","1","26.4","ppb","25","NASA Langley Research Center","24","100.0000","42602","Nitrogen dioxide (NO2)","212","47260","Virginia Beach-Norfolk-Newport News, VA-NC","51","Virginia","650","Hampton City","37.103733000908","-76.3870167"
"01/18/2025","AQS","516500008","1","12.9","ppb","11","NASA Langley Research Center","24","100.0000","42602","Nitrogen dioxide (NO2)","212","47260","Virginia Beach-Norfolk-Newport News, VA-NC","51","Virginia","650","Hampton City","37.103733000908","-76.3870167"
"01/19/2025","AQS","516500008","1","14.4","ppb","13","NASA Langley Research Center","23","96.0000","42602","Nitrogen dioxide (NO2)","212","47260","Virginia Beach-Norfolk-Newport News, VA-NC","51","Virginia","650","Hampton City","37.103733000908","-76.3870167"
"01/20/2025","AQS","516500008","1","3.1","ppb","3","NASA Langley Research Center","24","100.0000","42602","Nitrogen dioxide (NO2)","212","47260","Virginia Beach-Norfolk-Newport News, VA-NC","51","Virginia","650","Hampton City","37.103733000908","-76.3870167"
"01/21/2025","AQS","516500008","1","3.5","ppb","3","NASA Langley Research Center","22","92.0000","42602","Nitrogen dioxide (NO2)","212","47260","Virginia Beach-Norfolk-Newport News, VA-NC","51","Virginia","650","Hampton City","37.103733000908","-76.3870167"
"01/22/2025","AQS","516500008","1","21.8","ppb","20","NASA Langley Research Center","23","96.0000","42602","Nitrogen dioxide (NO2)","212","47260","Virginia Beach-Norfolk-Newport News, VA-NC","51","Virginia","650","Hampton City","37.103733000908","-76.3870167"
"01/23/2025","AQS","516500008","1","25.6","ppb","24","NASA Langley Research Center","24","100.0000","42602","Nitrogen dioxide (NO2)","212","47260","Virginia Beach-Norfolk-Newport News, VA-NC","51","Virginia","650","Hampton City","37.103733000908","-76.3870167"
"01/24/2025","AQS","516500008","1","27.1","ppb","25","NASA Langley Research Center","22","92.0000","42602","Nitrogen dioxide (NO2)","212","47260","Virginia Beach-Norfolk-Newport News, VA-NC","51","Virginia","650","Hampton City","37.103733000908","-76.3870167"
"01/25/2025","AQS","516500008","1","23.3","ppb","22","NASA Langley Research Center","23","96.0000","42602","Nitrogen dioxide (NO2)","212","47260","Virginia Beach-Norfolk-Newport News, VA-NC","51","Virginia","650","Hampton City","37.103733000908","-76.3870167"
"01/26/2025","AQS","516500008","1","21.8","ppb","20","NASA Langley Research Center","24","100.0000","42602","Nitrogen dioxide (NO2)","212","47260","Virginia Beach-Norfolk-Newport News, VA-NC","51","Virginia","650","Hampton City","37.103733000908","-76.3870167"
"01/27/2025","AQS","516500008","1","19.4","ppb","18","NASA Langley Research Center","24","100.0000","42602","Nitrogen dioxide (NO2)","212","47260","Virginia Beach-Norfolk-Newport News, VA-NC","51","Virginia","650","Hampton City","37.103733000908","-76.3870167"
"01/28/2025","AQS","516500008","1","9.7","ppb","8","NASA Langley Research Center","23","96.0000","42602","Nitrogen dioxide (NO2)","212","47260","Virginia Beach-Norfolk-Newport News, VA-NC","51","Virginia","650","Hampton City","37.103733000908","-76.3870167"
"01/29/2025","AQS","516500008","1","6","ppb","6","NASA Langley Research Center","24","100.0000","42602","Nitrogen dioxide (NO2)","212","47260","Virginia Beach-Norfolk-Newport News, VA-NC","51","Virginia","650","Hampton City","37.103733000908","-76.3870167"
"01/30/2025","AQS","516500008","1","29.6","ppb","27","NASA Langley Research Center","24","100.0000","42602","Nitrogen dioxide (NO2)","212","47260","Virginia Beach-Norfolk-Newport News, VA-NC","51","Virginia","650","Hampton City","37.103733000908","-76.3870167"
"01/31/2025","AQS","516500008","1","10","ppb","9","NASA Langley Research Center","23","96.0000","42602","Nitrogen dioxide (NO2)","212","47260","Virginia Beach-Norfolk-Newport News, VA-NC","51","Virginia","650","Hampton City","37.103733000908","-76.3870167"
"02/01/2025","AQS","516500008","1","2.6","ppb","2","NASA Langley Research Center","24","100.0000","42602","Nitrogen dioxide (NO2)","212","47260","Virginia Beach-Norfolk-Newport News, VA-NC","51","Virginia","650","Hampton City","37.103733000908","-76.3870167"
"02/02/2025","AQS","516500008","1","2.8","ppb","2","NASA Langley Research Center","24","100.0000","42602","Nitrogen dioxide (NO2)","212","47260","Virginia Beach-Norfolk-Newport News, VA-NC","51","Virginia","650","Hampton City","37.103733000908","-76.3870167"
"02/03/2025","AQS","516500008","1","8","ppb","8","NASA Langley Research Center","23","96.0000","42602","Nitrogen dioxide (NO2)","212","47260","Virginia Beach-Norfolk-Newport News, VA-NC","51","Virginia","650","Hampton City","37.103733000908","-76.3870167"
"02/04/2025","AQS","516500008","1","6.9","ppb","6","NASA Langley Research Center","23","96.0000","42602","Nitrogen dioxide (NO2)","212","47260","Virginia Beach-Norfolk-Newport News, VA-NC","51","Virginia","650","Hampton City","37.103733000908","-76.3870167"
"02/05/2025","AQS","516500008","1","3.2","ppb","3","NASA Langley Research Center","24","100.0000","42602","Nitrogen dioxide (NO2)","212","47260","Virginia Beach-Norfolk-Newport News, VA-NC","51","Virginia","650","Hampton City","37.103733000908","-76.3870167"
"02/06/2025","AQS","516500008","1","6.5","ppb","6","NASA Langley Research Center","23","96.0000","42602","Nitrogen dioxide (NO2)","212","47260","Virginia Beach-Norfolk-Newport News, VA-NC","51","Virginia","650","Hampton City","37.103733000908","-76.3870167"
"02/07/2025","AQS","516500008","1","5.6","ppb","5","NASA Langley Research Center","24","100.0000","42602","Nitrogen dioxide (NO2)","212","47260","Virginia Beach-Norfolk-Newport News, VA-NC","51","Virginia","650","Hampton City","37.103733000908","-76.3870167"
"02/08/2025","AQS","516500008","1","5.9","ppb","5","NASA Langley Research Center","24","100.0000","42602","Nitrogen dioxide (NO2)","212","47260","Virginia Beach-Norfolk-Newport News, VA-NC","51","Virginia","650","Hampton City","37.103733000908","-76.3870167"
"02/09/2025","AQS","516500008","1","3.3","ppb","3","NASA Langley Research Center","23","96.0000","42602","Nitrogen dioxide (NO2)","212","47260","Virginia Beach-Norfolk-Newport News, VA-NC","51","Virginia","650","Hampton City","37.103733000908","-76.3870167"
"02/10/2025","AQS","516500008","1","15.3","ppb","14","NASA Langley Research Center","24","100.0000","42602","Nitrogen dioxide (NO2)","212","47260","Virginia Beach-Norfolk-Newport News, VA-NC","51","Virginia","650","Hampton City","37.103733000908","-76.3870167"
"02/11/2025","AQS","516500008","1","15.5","ppb","14","NASA Langley Research Center","24","100.0000","42602","Nitrogen dioxide (NO2)","212","47260","Virginia Beach-Norfolk-Newport News, VA-NC","51","Virginia","650","Hampton City","37.103733000908","-76.3870167"
"02/12/2025","AQS","516500008","1","3.2","ppb","3","NASA Langley Research Center","23","96.0000","42602","Nitrogen dioxide (NO2)","212","47260","Virginia Beach-Norfolk-Newport News, VA-NC","51","Virginia","650","Hampton City","37.103733000908","-76.3870167"
"02/13/2025","AQS","516500008","1","10.9","ppb","9","NASA Langley Research Center","24","100.0000","42602","Nitrogen dioxide (NO2)","212","47260","Virginia Beach-Norfolk-Newport News, VA-NC","51","Virginia","650","Hampton City","37.103733000908","-76.3870167"
"02/14/2025","AQS","516500008","1","14.5","ppb","13","NASA Langley Research Center","24","100.0000","42602","Nitrogen dioxide (NO2)","212","47260","Virginia Beach-Norfolk-Newport News, VA-NC","51","Virginia","650","Hampton City","37.103733000908","-76.3870167"
"02/15/2025","AQS","516500008","1","13.6","ppb","12","NASA Langley Research Center","23","96.0000","42602","Nitrogen dioxide (NO2)","212","47260","Virginia Beach-Norfolk-Newport News, VA-NC","51","Virginia","650","Hampton City","37.103733000908","-76.3870167"
"02/16/2025","AQS","516500008","1","14.2","ppb","13","NASA Langley Research Center","24","100.0000","42602","Nitrogen dioxide (NO2)","212","47260","Virginia Beach-Norfolk-Newport News, VA-NC","51","Virginia","650","Hampton City","37.103733000908","-76.3870167"
"02/17/2025","AQS","516500008","1","3.1","ppb","3","NASA Langley Research Center","24","100.0000","42602","Nitrogen dioxide (NO2)","212","47260","Virginia Beach-Norfolk-Newport News, VA-NC","51","Virginia","650","Hampton City","37.103733000908","-76.3870167"
"02/18/2025","AQS","516500008","1","9.8","ppb","8","NASA Langley Research Center","22","92.0000","42602","Nitrogen dioxide (NO2)","212","47260","Virginia Beach-Norfolk-Newport News, VA-NC","51","Virginia","650","Hampton City","37.103733000908","-76.3870167"
"02/19/2025","AQS","516500008","1","2.5","ppb","2","NASA Langley Research Center","24","100.0000","42602","Nitrogen dioxide (NO2)","212","47260","Virginia Beach-Norfolk-Newport News, VA-NC","51","Virginia","650","Hampton City","37.103733000908","-76.3870167"
"02/20/2025","AQS","516500008","1","5.6","ppb","5","NASA Langley Research Center","24","100.0000","42602","Nitrogen dioxide (NO2)","212","47260","Virginia Beach-Norfolk-Newport News, VA-NC","51","Virginia","650","Hampton City","37.103733000908","-76.3870167"
"02/21/2025","AQS","516500008","1","9.7","ppb","8","NASA Langley Research Center","23","96.0000","42602","Nitrogen dioxide (NO2)","212","47260","Virginia Beach-Norfolk-Newport News, VA-NC","51","Virginia","650","Hampton City","37.103733000908","-76.3870167"
"02/22/2025","AQS","516500008","1","23.9","ppb","22","NASA Langley Research Center","24","100.0000","42602","Nitrogen dioxide (NO2)","212","47260","Virginia Beach-Norfolk-Newport News, VA-NC","51","Virginia","650","Hampton City","37.103733000908","-76.3870167"
"02/23/2025","AQS","516500008","1","9.4","ppb","8","NASA Langley Research Center","24","100.0000","42602","Nitrogen dioxide (NO2)","212","47260","Virginia Beach-Norfolk-Newport News, VA-NC","51","Virginia","650","Hampton City","37.103733000908","-76.3870167"
"02/24/2025","AQS","516500008","1","27.5","ppb","25","NASA Langley Research Center","23","96.0000","42602","Nitrogen dioxide (NO2)","212","47260","Virginia Beach-Norfolk-Newport News, VA-NC","51","Virginia","650","Hampton City","37.103733000908","-76.3870167"
"02/25/2025","AQS","516500008","1","22.2","ppb","21","NASA Langley Research Center","24","100.0000","42602","Nitrogen dioxide (NO2)","212","47260","Virginia Beach-Norfolk-Newport News, VA-NC","51","Virginia","650","Hampton City","37.103733000908","-76.3870167"
"02/26/2025","AQS","516500008","1","25.6","ppb","24","NASA Langley Research Center","24","100.0000","42602","Nitrogen dioxide (NO2)","212","47260","Virginia Beach-Norfolk-Newport News, VA-NC","51","Virginia","650","Hampton City","37.103733000908","-76.3870167"
"02/27/2025","AQS","516500008","1","5.5","ppb","5","NASA Langley Research Center","23","96.0000","42602","Nitrogen dioxide (NO2)","212","47260","Virginia Beach-Norfolk-Newport News, VA-NC","51","Virginia","650","Hampton City","37.103733000908","-76.3870167"
"02/28/2025","AQS","516500008","1","10.6","ppb","9","NASA Langley Research Center","24","100.0000","42602","Nitrogen dioxide (NO2)","212","47260","Virginia Beach-Norfolk-Newport News, VA-NC","51","Virginia","650","Hampton City","37.103733000908","-76.3870167"
"03/01/2025","AQS","516500008","1","5.4","ppb","5","NASA Langley Research Center","24","100.0000","42602","Nitrogen dioxide (NO2)","212","47260","Virginia Beach-Norfolk-Newport News, VA-NC","51","Virginia","650","Hampton City","37.103733000908","-76.3870167"
"03/02/2025","AQS","516500008","1","4.3","ppb","4","NASA Langley Research Center","23","96.0000","42602","Nitrogen dioxide (NO2)","212","47260","Virginia Beach-Norfolk-Newport News, VA-NC","51","Virginia","650","Hampton City","37.103733000908","-76.3870167"
"03/03/2025","AQS","516500008","1","22.5","ppb","21","NASA Langley Research Center","23","96.0000","42602","Nitrogen dioxide (NO2)","212","47260","Virginia Beach-Norfolk-Newport News, VA-NC","51","Virginia","650","Hampton City","37.103733000908","-76.3870167"
"03/04/2025","AQS","516500008","1","10","ppb","9","NASA Langley Research Center","24","100.0000","42602","Nitrogen dioxide (NO2)","212","47260","Virginia Beach-Norfolk-Newport News, VA-NC","51","Virginia","650","Hampton City","37.103733000908","-76.3870167"
"03/05/2025","AQS","516500008","1","8.6","ppb","8","NASA Langley Research Center","23","96.0000","42602","Nitrogen dioxide (NO2)","212","47260","Virginia Beach-Norfolk-Newport News, VA-NC","51","Virginia","650","Hampton City","37.103733000908","-76.3870167"
"03/06/2025","AQS","516500008","1","3.6","ppb","3","NASA Langley Research Center","24","100.0000","42602","Nitrogen dioxide (NO2)","212","47260","Virginia Beach-Norfolk-Newport News, VA-NC","51","Virginia","650","Hampton City","37.103733000908","-76.3870167"
"03/07/2025","AQS","516500008","1","6.1","ppb","6","NASA Langley Research Center","24","100.0000","42602","Nitrogen dioxide (NO2)","212","47260","Virginia Beach-Norfolk-Newport News, VA-NC","51","Virginia","650","Hampton City","37.103733000908","-76.3870167"
"03/08/2025","AQS","516500008","1","5.9","ppb","5","NASA Langley Research Center","23","96.0000","42602","Nitrogen dioxide (NO2)","212","47260","Virginia Beach-Norfolk-Newport News, VA-NC","51","Virginia","650","Hampton City","37.103733000908","-76.3870167"
"03/09/2025","AQS","516500008","1","18.2","ppb","17","NASA Langley Research Center","24","100.0000","42602","Nitrogen dioxide (NO2)","212","47260","Virginia Beach-Norfolk-Newport News, VA-NC","51","Virginia","650","Hampton City","37.103733000908","-76.3870167"
"03/10/2025","AQS","516500008","1","24","ppb","23","NASA Langley Research Center","24","100.0000","42602","Nitrogen dioxide (NO2)","212","47260","Virginia Beach-Norfolk-Newport News, VA-NC","51","Virginia","650","Hampton City","37.103733000908","-76.3870167"
"03/11/2025","AQS","516500008","1","20.2","ppb","19","NASA Langley Research Center","23","96.0000","42602","Nitrogen dioxide (NO2)","212","47260","Virginia Beach-Norfolk-Newport News, VA-NC","51","Virginia","650","Hampton City","37.103733000908","-76.3870167"
"03/12/2025","AQS","516500008","1","25.5","ppb","24","NASA Langley Research Center","24","100.0000","42602","Nitrogen dioxide (NO2)","212","47260","Virginia Beach-Norfolk-Newport News, VA-NC","51","Virginia","650","Hampton City","37.103733000908","-76.3870167"
"03/13/2025","AQS","516500008","1","3.3","ppb","3","NASA Langley Research Center","24","100.0000","42602","Nitrogen dioxide (NO2)","212","47260","Virginia Beach-Norfolk-Newport News, VA-NC","51","Virginia","650","Hampton City","37.103733000908","-76.3870167"
"03/14/2025","AQS","516500008","1","1.3","ppb","1","NASA Langley Research Center","23","96.0000","42602","Nitrogen dioxide (NO2)","212","47260","Virginia Beach-Norfolk-Newport News, VA-NC","51","Virginia","650","Hampton City","37.103733000908","-76.3870167"
"03/15/2025","AQS","516500008","1","7.9","ppb","7","NASA Langley Research Center","24","100.0000","42602","Nitrogen dioxide (NO2)","212","47260","Virginia Beach-Norfolk-Newport News, VA-NC","51","Virginia","650","Hampton City","37.103733000908","-76.3870167"
"03/16/2025","AQS","516500008","1","9.5","ppb","8","NASA Langley Research Center","24","100.0000","42602","Nitrogen dioxide (NO2)","212","47260","Virginia Beach-Norfolk-Newport News, VA-NC","51","Virginia","650","Hampton City","37.103733000908","-76.3870167"
"03/17/2025","AQS","516500008","1","1.9","ppb","1","NASA Langley Research Center","23","96.0000","42602","Nitrogen dioxide (NO2)","212","47260","Virginia Beach-Norfolk-Newport News, VA-NC","51","Virginia","650","Hampton City","37.103733000908","-76.3870167"
"03/18/2025","AQS","516500008","1","9.2","ppb","8","NASA Langley Research Center","24","100.0000","42602","Nitrogen dioxide (NO2)","212","47260","Virginia Beach-Norfolk-Newport News, VA-NC","51","Virginia","650","Hampton City","37.103733000908","-76.3870167"
"03/19/2025","AQS","516500008","1","28.6","ppb","26","NASA Langley Research Center","23","96.0000","42602","Nitrogen dioxide (NO2)","212","47260","Virginia Beach-Norfolk-Newport News, VA-NC","51","Virginia","650","Hampton City","37.103733000908","-76.3870167"
"03/20/2025","AQS","516500008","1","7.8","ppb","7","NASA Langley Research Center","23","96.0000","42602","Nitrogen dioxide (NO2)","212","47260","Virginia Beach-Norfolk-Newport News, VA-NC","51","Virginia","650","Hampton City","37.103733000908","-76.3870167"
"03/21/2025","AQS","516500008","1","3.6","ppb","3","NASA Langley Research Center","24","100.0000","42602","Nitrogen dioxide (NO2)","212","47260","Virginia Beach-Norfolk-Newport News, VA-NC","51","Virginia","650","Hampton City","37.103733000908","-76.3870167"
"03/22/2025","AQS","516500008","1","4.3","ppb","4","NASA Langley Research Center","24","100.0000","42602","Nitrogen dioxide (NO2)","212","47260","Virginia Beach-Norfolk-Newport News, VA-NC","51","Virginia","650","Hampton City","37.103733000908","-76.3870167"
"03/23/2025","AQS","516500008","1","3.8","ppb","3","NASA Langley Research Center","23","96.0000","42602","Nitrogen dioxide (NO2)","212","47260","Virginia Beach-Norfolk-Newport News, VA-NC","51","Virginia","650","Hampton City","37.103733000908","-76.3870167"
"03/24/2025","AQS","516500008","1","5.3","ppb","5","NASA Langley Research Center","24","100.0000","42602","Nitrogen dioxide (NO2)","212","47260","Virginia Beach-Norfolk-Newport News, VA-NC","51","Virginia","650","Hampton City","37.103733000908","-76.3870167"
"03/25/2025","AQS","516500008","1","9.6","ppb","8","NASA Langley Research Center","24","100.0000","42602","Nitrogen dioxide (NO2)","212","47260","Virginia Beach-Norfolk-Newport News, VA-NC","51","Virginia","650","Hampton City","37.103733000908","-76.3870167"
"03/26/2025","AQS","516500008","1","7.4","ppb","7","NASA Langley Research Center","23","96.0000","42602","Nitrogen dioxide (NO2)","212","47260","Virginia Beach-Norfolk-Newport News, VA-NC","51","Virginia","650","Hampton City","37.103733000908","-76.3870167"
"03/27/2025","AQS","516500008","1","17.4","ppb","16","NASA Langley Research Center","24","100.0000","42602","Nitrogen dioxide (NO2)","212","47260","Virginia Beach-Norfolk-Newport News, VA-NC","51","Virginia","650","Hampton City","37.103733000908","-76.3870167"
"03/28/2025","AQS","516500008","1","7.1","ppb","7","NASA Langley Research Center","24","100.0000","42602","Nitrogen dioxide (NO2)","212","47260","Virginia Beach-Norfolk-Newport News, VA-NC","51","Virginia","650","Hampton City","37.103733000908","-76.3870167"
"03/29/2025","AQS","516500008","1","5.1","ppb","5","NASA Langley Research Center","23","96.0000","42602","Nitrogen dioxide (NO2)","212","47260","Virginia Beach-Norfolk-Newport News, VA-NC","51","Virginia","650","Hampton City","37.103733000908","-76.3870167"
"03/30/2025","AQS","516500008","1","5.8","ppb","5","NASA Langley Research Center","24","100.0000","42602","Nitrogen dioxide (NO2)","212","47260","Virginia Beach-Norfolk-Newport News, VA-NC","51","Virginia","650","Hampton City","37.103733000908","-76.3870167"
"03/31/2025","AQS","516500008","1","3.6","ppb","3","NASA Langley Research Center","23","96.0000","42602","Nitrogen dioxide (NO2)","212","47260","Virginia Beach-Norfolk-Newport News, VA-NC","51","Virginia","650","Hampton City","37.103733000908","-76.3870167"
"04/01/2025","AQS","516500008","1","1.5","ppb","1","NASA Langley Research Center","23","96.0000","42602","Nitrogen dioxide (NO2)","212","47260","Virginia Beach-Norfolk-Newport News, VA-NC","51","Virginia","650","Hampton City","37.103733000908","-76.3870167"
"04/02/2025","AQS","516500008","1","3.4","ppb","3","NASA Langley Research Center","24","100.0000","42602","Nitrogen dioxide (NO2)","212","47260","Virginia Beach-Norfolk-Newport News, VA-NC","51","Virginia","650","Hampton City","37.103733000908","-76.3870167"
"04/03/2025","AQS","516500008","1","6.2","ppb","6","NASA Langley Research Center","24","100.0000","42602","Nitrogen dioxide (NO2)","212","47260","Virginia Beach-Norfolk-Newport News, VA-NC","51","Virginia","650","Hampton City","37.103733000908","-76.3870167"
"04/04/2025","AQS","516500008","1","5.5","ppb","5","NASA Langley Research Center","23","96.0000","42602","Nitrogen dioxide (NO2)","212","47260","Virginia Beach-Norfolk-Newport News, VA-NC","51","Virginia","650","Hampton City","37.103733000908","-76.3870167"
"04/05/2025","AQS","516500008","1","7.5","ppb","7","NASA Langley Research Center","24","100.0000","42602","Nitrogen dioxide (NO2)","212","47260","Virginia Beach-Norfolk-Newport News, VA-NC","51","Virginia","650","Hampton City","37.103733000908","-76.3870167"
"04/06/2025","AQS","516500008","1","5.3","ppb","5","NASA Langley Research Center","24","100.0000","42602","Nitrogen dioxide (NO2)","212","47260","Virginia Beach-Norfolk-Newport News, VA-NC","51","Virginia","650","Hampton City","37.103733000908","-76.3870167"
"04/07/2025","AQS","516500008","1","5.6","ppb","5","NASA Langley Research Center","23","96.0000","42602","Nitrogen dioxide (NO2)","212","47260","Virginia Beach-Norfolk-Newport News, VA-NC","51","Virginia","650","Hampton City","37.103733000908","-76.3870167"
"04/08/2025","AQS","516500008","1","3.4","ppb","3","NASA Langley Research Center","24","100.0000","42602","Nitrogen dioxide (NO2)","212","47260","Virginia Beach-Norfolk-Newport News, VA-NC","51","Virginia","650","Hampton City","37.103733000908","-76.3870167"
"04/09/2025","AQS","516500008","1","2.6","ppb","2","NASA Langley Research Center","24","100.0000","42602","Nitrogen dioxide (NO2)","212","47260","Virginia Beach-Norfolk-Newport News, VA-NC","51","Virginia","650","Hampton City","37.103733000908","-76.3870167"
"04/10/2025","AQS","516500008","1","15.2","ppb","14","NASA Langley Research Center","23","96.0000","42602","Nitrogen dioxide (NO2)","212","47260","Virginia Beach-Norfolk-Newport News, VA-NC","51","Virginia","650","Hampton City","37.103733000908","-76.3870167"
"04/11/2025","AQS","516500008","1","3.7","ppb","3","NASA Langley Research Center","24","100.0000","42602","Nitrogen dioxide (NO2)","212","47260","Virginia Beach-Norfolk-Newport News, VA-NC","51","Virginia","650","Hampton City","37.103733000908","-76.3870167"
"04/12/2025","AQS","516500008","1","1.8","ppb","1","NASA Langley Research Center","24","100.0000","42602","Nitrogen dioxide (NO2)","212","47260","Virginia Beach-Norfolk-Newport News, VA-NC","51","Virginia","650","Hampton City","37.103733000908","-76.3870167"
"04/13/2025","AQS","516500008","1","5.2","ppb","5","NASA Langley Research Center","23","96.0000","42602","Nitrogen dioxide (NO2)","212","47260","Virginia Beach-Norfolk-Newport News, VA-NC","51","Virginia","650","Hampton City","37.103733000908","-76.3870167"
"04/25/2025","AQS","516500008","1","11.9","ppb","10","NASA Langley Research Center","23","96.0000","42602","Nitrogen dioxide (NO2)","212","47260","Virginia Beach-Norfolk-Newport News, VA-NC","51","Virginia","650","Hampton City","37.103733000908","-76.3870167"
"04/26/2025","AQS","516500008","1","4.8","ppb","4","NASA Langley Research Center","24","100.0000","42602","Nitrogen dioxide (NO2)","212","47260","Virginia Beach-Norfolk-Newport News, VA-NC","51","Virginia","650","Hampton City","37.103733000908","-76.3870167"
"04/27/2025","AQS","516500008","1","4","ppb","4","NASA Langley Research Center","24","100.0000","42602","Nitrogen dioxide (NO2)","212","47260","Virginia Beach-Norfolk-Newport News, VA-NC","51","Virginia","650","Hampton City","37.103733000908","-76.3870167"
"04/28/2025","AQS","516500008","1","8.4","ppb","8","NASA Langley Research Center","23","96.0000","42602","Nitrogen dioxide (NO2)","212","47260","Virginia Beach-Norfolk-Newport News, VA-NC","51","Virginia","650","Hampton City","37.103733000908","-76.3870167"
"04/29/2025","AQS","516500008","1","6.2","ppb","6","NASA Langley Research Center","24","100.0000","42602","Nitrogen dioxide (NO2)","212","47260","Virginia Beach-Norfolk-Newport News, VA-NC","51","Virginia","650","Hampton City","37.103733000908","-76.3870167"
"04/30/2025","AQS","516500008","1","5.4","ppb","5","NASA Langley Research Center","23","96.0000","42602","Nitrogen dioxide (NO2)","212","47260","Virginia Beach-Norfolk-Newport News, VA-NC","51","Virginia","650","Hampton City","37.103733000908","-76.3870167"
"05/01/2025","AQS","516500008","1","7","ppb","7","NASA Langley Research Center","23","96.0000","42602","Nitrogen dioxide (NO2)","212","47260","Virginia Beach-Norfolk-Newport News, VA-NC","51","Virginia","650","Hampton City","37.103733000908","-76.3870167"
"05/02/2025","AQS","516500008","1","5.4","ppb","5","NASA Langley Research Center","24","100.0000","42602","Nitrogen dioxide (NO2)","212","47260","Virginia Beach-Norfolk-Newport News, VA-NC","51","Virginia","650","Hampton City","37.103733000908","-76.3870167"
"05/03/2025","AQS","516500008","1","3.3","ppb","3","NASA Langley Research Center","24","100.0000","42602","Nitrogen dioxide (NO2)","212","47260","Virginia Beach-Norfolk-Newport News, VA-NC","51","Virginia","650","Hampton City","37.103733000908","-76.3870167"
"05/04/2025","AQS","516500008","1","6.5","ppb","6","NASA Langley Research Center","23","96.0000","42602","Nitrogen dioxide (NO2)","212","47260","Virginia Beach-Norfolk-Newport News, VA-NC","51","Virginia","650","Hampton City","37.103733000908","-76.3870167"
"05/05/2025","AQS","516500008","1","6.6","ppb","6","NASA Langley Research Center","24","100.0000","42602","Nitrogen dioxide (NO2)","212","47260","Virginia Beach-Norfolk-Newport News, VA-NC","51","Virginia","650","Hampton City","37.103733000908","-76.3870167"
"05/06/2025","AQS","516500008","1","7.8","ppb","7","NASA Langley Research Center","24","100.0000","42602","Nitrogen dioxide (NO2)","212","47260","Virginia Beach-Norfolk-Newport News, VA-NC","51","Virginia","650","Hampton City","37.103733000908","-76.3870167"
"05/07/2025","AQS","516500008","1","10.5","ppb","9","NASA Langley Research Center","23","96.0000","42602","Nitrogen dioxide (NO2)","212","47260","Virginia Beach-Norfolk-Newport News, VA-NC","51","Virginia","650","Hampton City","37.103733000908","-76.3870167"
"05/08/2025","AQS","516500008","1","11.3","ppb","10","NASA Langley Research Center","24","100.0000","42602","Nitrogen dioxide (NO2)","212","47260","Virginia Beach-Norfolk-Newport News, VA-NC","51","Virginia","650","Hampton City","37.103733000908","-76.3870167"
"05/09/2025","AQS","516500008","1","8","ppb","8","NASA Langley Research Center","24","100.0000","42602","Nitrogen dioxide (NO2)","212","47260","Virginia Beach-Norfolk-Newport News, VA-NC","51","Virginia","650","Hampton City","37.103733000908","-76.3870167"
"05/10/2025","AQS","516500008","1","7.3","ppb","7","NASA Langley Research Center","23","96.0000","42602","Nitrogen dioxide (NO2)","212","47260","Virginia Beach-Norfolk-Newport News, VA-NC","51","Virginia","650","Hampton City","37.103733000908","-76.3870167"
"05/11/2025","AQS","516500008","1","8","ppb","8","NASA Langley Research Center","24","100.0000","42602","Nitrogen dioxide (NO2)","212","47260","Virginia Beach-Norfolk-Newport News, VA-NC","51","Virginia","650","Hampton City","37.103733000908","-76.3870167"
"05/12/2025","AQS","516500008","1","10.7","ppb","9","NASA Langley Research Center","24","100.0000","42602","Nitrogen dioxide (NO2)","212","47260","Virginia Beach-Norfolk-Newport News, VA-NC","51","Virginia","650","Hampton City","37.103733000908","-76.3870167"
"05/13/2025","AQS","516500008","1","4.8","ppb","4","NASA Langley Research Center","23","96.0000","42602","Nitrogen dioxide (NO2)","212","47260","Virginia Beach-Norfolk-Newport News, VA-NC","51","Virginia","650","Hampton City","37.103733000908","-76.3870167"
"05/14/2025","AQS","516500008","1","12.5","ppb","11","NASA Langley Research Center","23","96.0000","42602","Nitrogen dioxide (NO2)","212","47260","Virginia Beach-Norfolk-Newport News, VA-NC","51","Virginia","650","Hampton City","37.103733000908","-76.3870167"
"05/15/2025","AQS","516500008","1","12.8","ppb","11","NASA Langley Research Center","24","100.0000","42602","Nitrogen dioxide (NO2)","212","47260","Virginia Beach-Norfolk-Newport News, VA-NC","51","Virginia","650","Hampton City","37.103733000908","-76.3870167"
"05/16/2025","AQS","516500008","1","5.3","ppb","5","NASA Langley Research Center","23","96.0000","42602","Nitrogen dioxide (NO2)","212","47260","Virginia Beach-Norfolk-Newport News, VA-NC","51","Virginia","650","Hampton City","37.103733000908","-76.3870167"
"05/17/2025","AQS","516500008","1","6.2","ppb","6","NASA Langley Research Center","24","100.0000","42602","Nitrogen dioxide (NO2)","212","47260","Virginia Beach-Norfolk-Newport News, VA-NC","51","Virginia","650","Hampton City","37.103733000908","-76.3870167"
"05/18/2025","AQS","516500008","1","4.9","ppb","4","NASA Langley Research Center","24","100.0000","42602","Nitrogen dioxide (NO2)","212","47260","Virginia Beach-Norfolk-Newport News, VA-NC","51","Virginia","650","Hampton City","37.103733000908","-76.3870167"
"05/19/2025","AQS","516500008","1","2.8","ppb","2","NASA Langley Research Center","23","96.0000","42602","Nitrogen dioxide (NO2)","212","47260","Virginia Beach-Norfolk-Newport News, VA-NC","51","Virginia","650","Hampton City","37.103733000908","-76.3870167"
"05/20/2025","AQS","516500008","1","3.3","ppb","3","NASA Langley Research Center","24","100.0000","42602","Nitrogen dioxide (NO2)","212","47260","Virginia Beach-Norfolk-Newport News, VA-NC","51","Virginia","650","Hampton City","37.103733000908","-76.3870167"
"05/21/2025","AQS","516500008","1","3.5","ppb","3","NASA Langley Research Center","24","100.0000","42602","Nitrogen dioxide (NO2)","212","47260","Virginia Beach-Norfolk-Newport News, VA-NC","51","Virginia","650","Hampton City","37.103733000908","-76.3870167"
"05/22/2025","AQS","516500008","1","3.3","ppb","3","NASA Langley Research Center","23","96.0000","42602","Nitrogen dioxide (NO2)","212","47260","Virginia Beach-Norfolk-Newport News, VA-NC","51","Virginia","650","Hampton City","37.103733000908","-76.3870167"
"05/23/2025","AQS","516500008","1","4.1","ppb","4","NASA Langley Research Center","24","100.0000","42602","Nitrogen dioxide (NO2)","212","47260","Virginia Beach-Norfolk-Newport News, VA-NC","51","Virginia","650","Hampton City","37.103733000908","-76.3870167"
"05/24/2025","AQS","516500008","1","5","ppb","5","NASA Langley Research Center","24","100.0000","42602","Nitrogen dioxide (NO2)","212","47260","Virginia Beach-Norfolk-Newport News, VA-NC","51","Virginia","650","Hampton City","37.103733000908","-76.3870167"
"05/25/2025","AQS","516500008","1","5.1","ppb","5","NASA Langley Research Center","23","96.0000","42602","Nitrogen dioxide (NO2)","212","47260","Virginia Beach-Norfolk-Newport News, VA-NC","51","Virginia","650","Hampton City","37.103733000908","-76.3870167"
"05/26/2025","AQS","516500008","1","3.7","ppb","3","NASA Langley Research Center","24","100.0000","42602","Nitrogen dioxide (NO2)","212","47260","Virginia Beach-Norfolk-Newport News, VA-NC","51","Virginia","650","Hampton City","37.103733000908","-76.3870167"
"05/27/2025","AQS","516500008","1","2.4","ppb","2","NASA Langley Research Center","24","100.0000","42602","Nitrogen dioxide (NO2)","212","47260","Virginia Beach-Norfolk-Newport News, VA-NC","51","Virginia","650","Hampton City","37.103733000908","-76.3870167"
"05/28/2025","AQS","516500008","1","4.8","ppb","4","NASA Langley Research Center","23","96.0000","42602","Nitrogen dioxide (NO2)","212","47260","Virginia Beach-Norfolk-Newport News, VA-NC","51","Virginia","650","Hampton City","37.103733000908","-76.3870167"
"05/29/2025","AQS","516500008","1","8.3","ppb","8","NASA Langley Research Center","24","100.0000","42602","Nitrogen dioxide (NO2)","212","47260","Virginia Beach-Norfolk-Newport News, VA-NC","51","Virginia","650","Hampton City","37.103733000908","-76.3870167"
"05/30/2025","AQS","516500008","1","7.4","ppb","7","NASA Langley Research Center","23","96.0000","42602","Nitrogen dioxide (NO2)","212","47260","Virginia Beach-Norfolk-Newport News, VA-NC","51","Virginia","650","Hampton City","37.103733000908","-76.3870167"
"05/31/2025","AQS","516500008","1","2.6","ppb","2","NASA Langley Research Center","23","96.0000","42602","Nitrogen dioxide (NO2)","212","47260","Virginia Beach-Norfolk-Newport News, VA-NC","51","Virginia","650","Hampton City","37.103733000908","-76.3870167"
"06/01/2025","AQS","516500008","1","5.6","ppb","5","NASA Langley Research Center","24","100.0000","42602","Nitrogen dioxide (NO2)","212","47260","Virginia Beach-Norfolk-Newport News, VA-NC","51","Virginia","650","Hampton City","37.103733000908","-76.3870167"
"06/02/2025","AQS","516500008","1","7.8","ppb","7","NASA Langley Research Center","24","100.0000","42602","Nitrogen dioxide (NO2)","212","47260","Virginia Beach-Norfolk-Newport News, VA-NC","51","Virginia","650","Hampton City","37.103733000908","-76.3870167"
"06/03/2025","AQS","516500008","1","11.6","ppb","10","NASA Langley Research Center","22","92.0000","42602","Nitrogen dioxide (NO2)","212","47260","Virginia Beach-Norfolk-Newport News, VA-NC","51","Virginia","650","Hampton City","37.103733000908","-76.3870167"
"06/04/2025","AQS","516500008","1","6.8","ppb","6","NASA Langley Research Center","24","100.0000","42602","Nitrogen dioxide (NO2)","212","47260","Virginia Beach-Norfolk-Newport News, VA-NC","51","Virginia","650","Hampton City","37.103733000908","-76.3870167"
"06/05/2025","AQS","516500008","1","11.3","ppb","10","NASA Langley Research Center","24","100.0000","42602","Nitrogen dioxide (NO2)","212","47260","Virginia Beach-Norfolk-Newport News, VA-NC","51","Virginia","650","Hampton City","37.103733000908","-76.3870167"
"06/06/2025","AQS","516500008","1","3.9","ppb","3","NASA Langley Research Center","23","96.0000","42602","Nitrogen dioxide (NO2)","212","47260","Virginia Beach-Norfolk-Newport News, VA-NC","51","Virginia","650","Hampton City","37.103733000908","-76.3870167"
"06/07/2025","AQS","516500008","1","6.5","ppb","6","NASA Langley Research Center","21","88.0000","42602","Nitrogen dioxide (NO2)","212","47260","Virginia Beach-Norfolk-Newport News, VA-NC","51","Virginia","650","Hampton City","37.103733000908","-76.3870167"
"06/08/2025","AQS","516500008","1","9","ppb","8","NASA Langley Research Center","23","96.0000","42602","Nitrogen dioxide (NO2)","212","47260","Virginia Beach-Norfolk-Newport News, VA-NC","51","Virginia","650","Hampton City","37.103733000908","-76.3870167"
"06/09/2025","AQS","516500008","1","10.8","ppb","9","NASA Langley Research Center","22","92.0000","42602","Nitrogen dioxide (NO2)","212","47260","Virginia Beach-Norfolk-Newport News, VA-NC","51","Virginia","650","Hampton City","37.103733000908","-76.3870167"
"06/10/2025","AQS","516500008","1","2.8","ppb","2","NASA Langley Research Center","24","100.0000","42602","Nitrogen dioxide (NO2)","212","47260","Virginia Beach-Norfolk-Newport News, VA-NC","51","Virginia","650","Hampton City","37.103733000908","-76.3870167"
"06/11/2025","AQS","516500008","1","5","ppb","5","NASA Langley Research Center","24","100.0000","42602","Nitrogen dioxide (NO2)","212","47260","Virginia Beach-Norfolk-Newport News, VA-NC","51","Virginia","650","Hampton City","37.103733000908","-76.3870167"
"06/12/2025","AQS","516500008","1","5.3","ppb","5","NASA Langley Research Center","23","96.0000","42602","Nitrogen dioxide (NO2)","212","47260","Virginia Beach-Norfolk-Newport News, VA-NC","51","Virginia","650","Hampton City","37.103733000908","-76.3870167"
"06/13/2025","AQS","516500008","1","4.7","ppb","4","NASA Langley Research Center","24","100.0000","42602","Nitrogen dioxide (NO2)","212","47260","Virginia Beach-Norfolk-Newport News, VA-NC","51","Virginia","650","Hampton City","37.103733000908","-76.3870167"
"06/14/2025","AQS","516500008","1","6.5","ppb","6","NASA Langley Research Center","24","100.0000","42602","Nitrogen dioxide (NO2)","212","47260","Virginia Beach-Norfolk-Newport News, VA-NC","51","Virginia","650","Hampton City","37.103733000908","-76.3870167"
"06/15/2025","AQS","516500008","1","4.5","ppb","4","NASA Langley Research Center","23","96.0000","42602","Nitrogen dioxide (NO2)","212","47260","Virginia Beach-Norfolk-Newport News, VA-NC","51","Virginia","650","Hampton City","37.103733000908","-76.3870167"
"06/16/2025","AQS","516500008","1","6.6","ppb","6","NASA Langley Research Center","24","100.0000","42602","Nitrogen dioxide (NO2)","212","47260","Virginia Beach-Norfolk-Newport News, VA-NC","51","Virginia","650","Hampton City","37.103733000908","-76.3870167"
"06/17/2025","AQS","516500008","1","5","ppb","5","NASA Langley Research Center","24","100.0000","42602","Nitrogen dioxide (NO2)","212","47260","Virginia Beach-Norfolk-Newport News, VA-NC","51","Virginia","650","Hampton City","37.103733000908","-76.3870167"
"06/18/2025","AQS","516500008","1","4.7","ppb","4","NASA Langley Research Center","23","96.0000","42602","Nitrogen dioxide (NO2)","212","47260","Virginia Beach-Norfolk-Newport News, VA-NC","51","Virginia","650","Hampton City","37.103733000908","-76.3870167"
"06/19/2025","AQS","516500008","1","3.9","ppb","3","NASA Langley Research Center","24","100.0000","42602","Nitrogen dioxide (NO2)","212","47260","Virginia Beach-Norfolk-Newport News, VA-NC","51","Virginia","650","Hampton City","37.103733000908","-76.3870167"
"06/20/2025","AQS","516500008","1","5.1","ppb","5","NASA Langley Research Center","24","100.0000","42602","Nitrogen dioxide (NO2)","212","47260","Virginia Beach-Norfolk-Newport News, VA-NC","51","Virginia","650","Hampton City","37.103733000908","-76.3870167"
"06/21/2025","AQS","516500008","1","8.8","ppb","8","NASA Langley Research Center","23","96.0000","42602","Nitrogen dioxide (NO2)","212","47260","Virginia Beach-Norfolk-Newport News, VA-NC","51","Virginia","650","Hampton City","37.103733000908","-76.3870167"
"06/22/2025","AQS","516500008","1","4","ppb","4","NASA Langley Research Center","24","100.0000","42602","Nitrogen dioxide (NO2)","212","47260","Virginia Beach-Norfolk-Newport News, VA-NC","51","Virginia","650","Hampton City","37.103733000908","-76.3870167"
"06/23/2025","AQS","516500008","1","6","ppb","6","NASA Langley Research Center","23","96.0000","42602","Nitrogen dioxide (NO2)","212","47260","Virginia Beach-Norfolk-Newport News, VA-NC","51","Virginia","650","Hampton City","37.103733000908","-76.3870167"
"06/24/2025","AQS","516500008","1","8.4","ppb","8","NASA Langley Research Center","23","96.0000","42602","Nitrogen dioxide (NO2)","212","47260","Virginia Beach-Norfolk-Newport News, VA-NC","51","Virginia","650","Hampton City","37.103733000908","-76.3870167"
"06/25/2025","AQS","516500008","1","10.3","ppb","9","NASA Langley Research Center","24","100.0000","42602","Nitrogen dioxide (NO2)","212","47260","Virginia Beach-Norfolk-Newport News, VA-NC","51","Virginia","650","Hampton City","37.103733000908","-76.3870167"
"06/26/2025","AQS","516500008","1","5.2","ppb","5","NASA Langley Research Center","24","100.0000","42602","Nitrogen dioxide (NO2)","212","47260","Virginia Beach-Norfolk-Newport News, VA-NC","51","Virginia","650","Hampton City","37.103733000908","-76.3870167"
"06/27/2025","AQS","516500008","1","3.3","ppb","3","NASA Langley Research Center","23","96.0000","42602","Nitrogen dioxide (NO2)","212","47260","Virginia Beach-Norfolk-Newport News, VA-NC","51","Virginia","650","Hampton City","37.103733000908","-76.3870167"
"06/28/2025","AQS","516500008","1","6.5","ppb","6","NASA Langley Research Center","24","100.0000","42602","Nitrogen dioxide (NO2)","212","47260","Virginia Beach-Norfolk-Newport News, VA-NC","51","Virginia","650","Hampton City","37.103733000908","-76.3870167"
"06/29/2025","AQS","516500008","1","4","ppb","4","NASA Langley Research Center","24","100.0000","42602","Nitrogen dioxide (NO2)","212","47260","Virginia Beach-Norfolk-Newport News, VA-NC","51","Virginia","650","Hampton City","37.103733000908","-76.3870167"
"06/30/2025","AQS","516500008","1","4.3","ppb","4","NASA Langley Research Center","23","96.0000","42602","Nitrogen dioxide (NO2)","212","47260","Virginia Beach-Norfolk-Newport News, VA-NC","51","Virginia","650","Hampton City","37.103733000908","-76.3870167"
"01/01/2025","AQS","517100024","1","4.1","ppb","4","NOAA","23","96.0000","42602","Nitrogen dioxide (NO2)","212","47260","Virginia Beach-Norfolk-Newport News, VA-NC","51","Virginia","710","Norfolk City","36.8555500009058","-76.30135"
"01/02/2025","AQS","517100024","1","13.3","ppb","12","NOAA","24","100.0000","42602","Nitrogen dioxide (NO2)","212","47260","Virginia Beach-Norfolk-Newport News, VA-NC","51","Virginia","710","Norfolk City","36.8555500009058","-76.30135"
"01/03/2025","AQS","517100024","1","22.2","ppb","21","NOAA","24","100.0000","42602","Nitrogen dioxide (NO2)","212","47260","Virginia Beach-Norfolk-Newport News, VA-NC","51","Virginia","710","Norfolk City","36.8555500009058","-76.30135"
"01/04/2025","AQS","517100024","1","7.8","ppb","7","NOAA","23","96.0000","42602","Nitrogen dioxide (NO2)","212","47260","Virginia Beach-Norfolk-Newport News, VA-NC","51","Virginia","710","Norfolk City","36.8555500009058","-76.30135"
"01/05/2025","AQS","517100024","1","15.8","ppb","14","NOAA","24","100.0000","42602","Nitrogen dioxide (NO2)","212","47260","Virginia Beach-Norfolk-Newport News, VA-NC","51","Virginia","710","Norfolk City","36.8555500009058","-76.30135"
"01/06/2025","AQS","517100024","1","29.6","ppb","27","NOAA","23","96.0000","42602","Nitrogen dioxide (NO2)","212","47260","Virginia Beach-Norfolk-Newport News, VA-NC","51","Virginia","710","Norfolk City","36.8555500009058","-76.30135"
"01/07/2025","AQS","517100024","1","7.9","ppb","7","NOAA","23","96.0000","42602","Nitrogen dioxide (NO2)","212","47260","Virginia Beach-Norfolk-Newport News, VA-NC","51","Virginia","710","Norfolk City","36.8555500009058","-76.30135"
"01/08/2025","AQS","517100024","1","12.7","ppb","11","NOAA","24","100.0000","42602","Nitrogen dioxide (NO2)","212","47260","Virginia Beach-Norfolk-Newport News, VA-NC","51","Virginia","710","Norfolk City","36.8555500009058","-76.30135"
"01/09/2025","AQS","517100024","1","20.3","ppb","19","NOAA","24","100.0000","42602","Nitrogen dioxide (NO2)","212","47260","Virginia Beach-Norfolk-Newport News, VA-NC","51","Virginia","710","Norfolk City","36.8555500009058","-76.30135"
"01/10/2025","AQS","517100024","1","25.8","ppb","24","NOAA","23","96.0000","42602","Nitrogen dioxide (NO2)","212","47260","Virginia Beach-Norfolk-Newport News, VA-NC","51","Virginia","710","Norfolk City","36.8555500009058","-76.30135"
"01/11/2025","AQS","517100024","1","13.6","ppb","12","NOAA","24","100.0000","42602","Nitrogen dioxide (NO2)","212","47260","Virginia Beach-Norfolk-Newport News, VA-NC","51","Virginia","710","Norfolk City","36.8555500009058","-76.30135"
"01/12/2025","AQS","517100024","1","25.8","ppb","24","NOAA","24","100.0000","42602","Nitrogen dioxide (NO2)","212","47260","Virginia Beach-Norfolk-Newport News, VA-NC","51","Virginia","710","Norfolk City","36.8555500009058","-76.30135"
"01/13/2025","AQS","517100024","1","22","ppb","21","NOAA","23","96.0000","42602","Nitrogen dioxide (NO2)","212","47260","Virginia Beach-Norfolk-Newport News, VA-NC","51","Virginia","710","Norfolk City","36.8555500009058","-76.30135"
"01/14/2025","AQS","517100024","1","23.4","ppb","22","NOAA","24","100.0000","42602","Nitrogen dioxide (NO2)","212","47260","Virginia Beach-Norfolk-Newport News, VA-NC","51","Virginia","710","Norfolk City","36.8555500009058","-76.30135"
"01/15/2025","AQS","517100024","1","21.7","ppb","20","NOAA","24","100.0000","42602","Nitrogen dioxide (NO2)","212","47260","Virginia Beach-Norfolk-Newport News, VA-NC","51","Virginia","710","Norfolk City","36.8555500009058","-76.30135"
"01/16/2025","AQS","517100024","1","26","ppb","25","NOAA","23","96.0000","42602","Nitrogen dioxide (NO2)","212","47260","Virginia Beach-Norfolk-Newport News, VA-NC","51","Virginia","710","Norfolk City","36.8555500009058","-76.30135"
"01/17/2025","AQS","517100024","1","29.9","ppb","27","NOAA","24","100.0000","42602","Nitrogen dioxide (NO2)","212","47260","Virginia Beach-Norfolk-Newport News, VA-NC","51","Virginia","710","Norfolk City","36.8555500009058","-76.30135"
"01/18/2025","AQS","517100024","1","18.8","ppb","17","NOAA","24","100.0000","42602","Nitrogen dioxide (NO2)","212","47260","Virginia Beach-Norfolk-Newport News, VA-NC","51","Virginia","710","Norfolk City","36.8555500009058","-76.30135"
"01/19/2025","AQS","517100024","1","20.2","ppb","19","NOAA","23","96.0000","42602","Nitrogen dioxide (NO2)","212","47260","Virginia Beach-Norfolk-Newport News, VA-NC","51","Virginia","710","Norfolk City","36.8555500009058","-76.30135"
"01/20/2025","AQS","517100024","1","19.4","ppb","18","NOAA","24","100.0000","42602","Nitrogen dioxide (NO2)","212","47260","Virginia Beach-Norfolk-Newport News, VA-NC","51","Virginia","710","Norfolk City","36.8555500009058","-76.30135"
"01/21/2025","AQS","517100024","1","9.1","ppb","8","NOAA","23","96.0000","42602","Nitrogen dioxide (NO2)","212","47260","Virginia Beach-Norfolk-Newport News, VA-NC","51","Virginia","710","Norfolk City","36.8555500009058","-76.30135"
"01/22/2025","AQS","517100024","1","19.6","ppb","18","NOAA","23","96.0000","42602","Nitrogen dioxide (NO2)","212","47260","Virginia Beach-Norfolk-Newport News, VA-NC","51","Virginia","710","Norfolk City","36.8555500009058","-76.30135"
"01/23/2025","AQS","517100024","1","27.3","ppb","25","NOAA","24","100.0000","42602","Nitrogen dioxide (NO2)","212","47260","Virginia Beach-Norfolk-Newport News, VA-NC","51","Virginia","710","Norfolk City","36.8555500009058","-76.30135"
"01/24/2025","AQS","517100024","1","34.7","ppb","32","NOAA","24","100.0000","42602","Nitrogen dioxide (NO2)","212","47260","Virginia Beach-Norfolk-Newport News, VA-NC","51","Virginia","710","Norfolk City","36.8555500009058","-76.30135"
"01/25/2025","AQS","517100024","1","22.4","ppb","21","NOAA","23","96.0000","42602","Nitrogen dioxide (NO2)","212","47260","Virginia Beach-Norfolk-Newport News, VA-NC","51","Virginia","710","Norfolk City","36.8555500009058","-76.30135"
"01/26/2025","AQS","517100024","1","39.6","ppb","37","NOAA","24","100.0000","42602","Nitrogen dioxide (NO2)","212","47260","Virginia Beach-Norfolk-Newport News, VA-NC","51","Virginia","710","Norfolk City","36.8555500009058","-76.30135"
"01/27/2025","AQS","517100024","1","21.2","ppb","20","NOAA","24","100.0000","42602","Nitrogen dioxide (NO2)","212","47260","Virginia Beach-Norfolk-Newport News, VA-NC","51","Virginia","710","Norfolk City","36.8555500009058","-76.30135"
"01/28/2025","AQS","517100024","1","9.9","ppb","8","NOAA","23","96.0000","42602","Nitrogen dioxide (NO2)","212","47260","Virginia Beach-Norfolk-Newport News, VA-NC","51","Virginia","710","Norfolk City","36.8555500009058","-76.30135"
"01/29/2025","AQS","517100024","1","19.4","ppb","18","NOAA","21","88.0000","42602","Nitrogen dioxide (NO2)","212","47260","Virginia Beach-Norfolk-Newport News, VA-NC","51","Virginia","710","Norfolk City","36.8555500009058","-76.30135"
"01/30/2025","AQS","517100024","1","38","ppb","36","NOAA","24","100.0000","42602","Nitrogen dioxide (NO2)","212","47260","Virginia Beach-Norfolk-Newport News, VA-NC","51","Virginia","710","Norfolk City","36.8555500009058","-76.30135"
"01/31/2025","AQS","517100024","1","16.8","ppb","15","NOAA","23","96.0000","42602","Nitrogen dioxide (NO2)","212","47260","Virginia Beach-Norfolk-Newport News, VA-NC","51","Virginia","710","Norfolk City","36.8555500009058","-76.30135"
"02/01/2025","AQS","517100024","1","23.2","ppb","22","NOAA","24","100.0000","42602","Nitrogen dioxide (NO2)","212","47260","Virginia Beach-Norfolk-Newport News, VA-NC","51","Virginia","710","Norfolk City","36.8555500009058","-76.30135"
"02/02/2025","AQS","517100024","1","26.8","ppb","25","NOAA","24","100.0000","42602","Nitrogen dioxide (NO2)","212","47260","Virginia Beach-Norfolk-Newport News, VA-NC","51","Virginia","710","Norfolk City","36.8555500009058","-76.30135"
"02/03/2025","AQS","517100024","1","34.1","ppb","32","NOAA","22","92.0000","42602","Nitrogen dioxide (NO2)","212","47260","Virginia Beach-Norfolk-Newport News, VA-NC","51","Virginia","710","Norfolk City","36.8555500009058","-76.30135"
"02/04/2025","AQS","517100024","1","13.9","ppb","12","NOAA","24","100.0000","42602","Nitrogen dioxide (NO2)","212","47260","Virginia Beach-Norfolk-Newport News, VA-NC","51","Virginia","710","Norfolk City","36.8555500009058","-76.30135"
"02/05/2025","AQS","517100024","1","11.8","ppb","10","NOAA","24","100.0000","42602","Nitrogen dioxide (NO2)","212","47260","Virginia Beach-Norfolk-Newport News, VA-NC","51","Virginia","710","Norfolk City","36.8555500009058","-76.30135"
"02/06/2025","AQS","517100024","1","19.1","ppb","18","NOAA","23","96.0000","42602","Nitrogen dioxide (NO2)","212","47260","Virginia Beach-Norfolk-Newport News, VA-NC","51","Virginia","710","Norfolk City","36.8555500009058","-76.30135"
"02/07/2025","AQS","517100024","1","26.6","ppb","25","NOAA","24","100.0000","42602","Nitrogen dioxide (NO2)","212","47260","Virginia Beach-Norfolk-Newport News, VA-NC","51","Virginia","710","Norfolk City","36.8555500009058","-76.30135"
"02/08/2025","AQS","517100024","1","9","ppb","8","NOAA","24","100.0000","42602","Nitrogen dioxide (NO2)","212","47260","Virginia Beach-Norfolk-Newport News, VA-NC","51","Virginia","710","Norfolk City","36.8555500009058","-76.30135"
"02/09/2025","AQS","517100024","1","5.7","ppb","5","NOAA","23","96.0000","42602","Nitrogen dioxide (NO2)","212","47260","Virginia Beach-Norfolk-Newport News, VA-NC","51","Virginia","710","Norfolk City","36.8555500009058","-76.30135"
"02/10/2025","AQS","517100024","1","34.8","ppb","32","NOAA","24","100.0000","42602","Nitrogen dioxide (NO2)","212","47260","Virginia Beach-Norfolk-Newport News, VA-NC","51","Virginia","710","Norfolk City","36.8555500009058","-76.30135"
"02/11/2025","AQS","517100024","1","34.4","ppb","32","NOAA","24","100.0000","42602","Nitrogen dioxide (NO2)","212","47260","Virginia Beach-Norfolk-Newport News, VA-NC","51","Virginia","710","Norfolk City","36.8555500009058","-76.30135"
"02/12/2025","AQS","517100024","1","15.6","ppb","14","NOAA","23","96.0000","42602","Nitrogen dioxide (NO2)","212","47260","Virginia Beach-Norfolk-Newport News, VA-NC","51","Virginia","710","Norfolk City","36.8555500009058","-76.30135"
"02/13/2025","AQS","517100024","1","20.6","ppb","19","NOAA","24","100.0000","42602","Nitrogen dioxide (NO2)","212","47260","Virginia Beach-Norfolk-Newport News, VA-NC","51","Virginia","710","Norfolk City","36.8555500009058","-76.30135"
"02/14/2025","AQS","517100024","1","26.5","ppb","25","NOAA","24","100.0000","42602","Nitrogen dioxide (NO2)","212","47260","Virginia Beach-Norfolk-Newport News, VA-NC","51","Virginia","710","Norfolk City","36.8555500009058","-76.30135"
"02/15/2025","AQS","517100024","1","27.5","ppb","25","NOAA","23","96.0000","42602","Nitrogen dioxide (NO2)","212","47260","Virginia Beach-Norfolk-Newport News, VA-NC","51","Virginia","710","Norfolk City","36.8555500009058","-76.30135"
"02/16/2025","AQS","517100024","1","19.7","ppb","18","NOAA","24","100.0000","42602","Nitrogen dioxide (NO2)","212","47260","Virginia Beach-Norfolk-Newport News, VA-NC","51","Virginia","710","Norfolk City","36.8555500009058","-76.30135"
"02/17/2025","AQS","517100024","1","8.1","ppb","8","NOAA","24","100.0000","42602","Nitrogen dioxide (NO2)","212","47260","Virginia Beach-Norfolk-Newport News, VA-NC","51","Virginia","710","Norfolk City","36.8555500009058","-76.30135"
"02/18/2025","AQS","517100024","1","25","ppb","24","NOAA","22","92.0000","42602","Nitrogen dioxide (NO2)","212","47260","Virginia Beach-Norfolk-Newport News, VA-NC","51","Virginia","710","Norfolk City","36.8555500009058","-76.30135"
"02/19/2025","AQS","517100024","1","8.8","ppb","8","NOAA","24","100.0000","42602","Nitrogen dioxide (NO2)","212","47260","Virginia Beach-Norfolk-Newport News, VA-NC","51","Virginia","710","Norfolk City","36.8555500009058","-76.30135"
"02/20/2025","AQS","517100024","1","12.5","ppb","11","NOAA","24","100.0000","42602","Nitrogen dioxide (NO2)","212","47260","Virginia Beach-Norfolk-Newport News, VA-NC","51","Virginia","710","Norfolk City","36.8555500009058","-76.30135"
"02/21/2025","AQS","517100024","1","24.2","ppb","23","NOAA","23","96.0000","42602","Nitrogen dioxide (NO2)","212","47260","Virginia Beach-Norfolk-Newport News, VA-NC","51","Virginia","710","Norfolk City","36.8555500009058","-76.30135"
"02/22/2025","AQS","517100024","1","15.2","ppb","14","NOAA","24","100.0000","42602","Nitrogen dioxide (NO2)","212","47260","Virginia Beach-Norfolk-Newport News, VA-NC","51","Virginia","710","Norfolk City","36.8555500009058","-76.30135"
"02/23/2025","AQS","517100024","1","20","ppb","19","NOAA","24","100.0000","42602","Nitrogen dioxide (NO2)","212","47260","Virginia Beach-Norfolk-Newport News, VA-NC","51","Virginia","710","Norfolk City","36.8555500009058","-76.30135"
"02/24/2025","AQS","517100024","1","40.3","ppb","38","NOAA","23","96.0000","42602","Nitrogen dioxide (NO2)","212","47260","Virginia Beach-Norfolk-Newport News, VA-NC","51","Virginia","710","Norfolk City","36.8555500009058","-76.30135"
"02/25/2025","AQS","517100024","1","40.1","ppb","38","NOAA","24","100.0000","42602","Nitrogen dioxide (NO2)","212","47260","Virginia Beach-Norfolk-Newport News, VA-NC","51","Virginia","710","Norfolk City","36.8555500009058","-76.30135"
"02/26/2025","AQS","517100024","1","45.5","ppb","42","NOAA","24","100.0000","42602","Nitrogen dioxide (NO2)","212","47260","Virginia Beach-Norfolk-Newport News, VA-NC","51","Virginia","710","Norfolk City","36.8555500009058","-76.30135"
"02/27/2025","AQS","517100024","1","12","ppb","11","NOAA","23","96.0000","42602","Nitrogen dioxide (NO2)","212","47260","Virginia Beach-Norfolk-Newport News, VA-NC","51","Virginia","710","Norfolk City","36.8555500009058","-76.30135"
"02/28/2025","AQS","517100024","1","15.7","ppb","14","NOAA","24","100.0000","42602","Nitrogen dioxide (NO2)","212","47260","Virginia Beach-Norfolk-Newport News, VA-NC","51","Virginia","710","Norfolk City","36.8555500009058","-76.30135"
"03/01/2025","AQS","517100024","1","18.8","ppb","17","NOAA","24","100.0000","42602","Nitrogen dioxide (NO2)","212","47260","Virginia Beach-Norfolk-Newport News, VA-NC","51","Virginia","710","Norfolk City","36.8555500009058","-76.30135"
"03/02/2025","AQS","517100024","1","15.9","ppb","14","NOAA","23","96.0000","42602","Nitrogen dioxide (NO2)","212","47260","Virginia Beach-Norfolk-Newport News, VA-NC","51","Virginia","710","Norfolk City","36.8555500009058","-76.30135"
"03/03/2025","AQS","517100024","1","44.4","ppb","42","NOAA","24","100.0000","42602","Nitrogen dioxide (NO2)","212","47260","Virginia Beach-Norfolk-Newport News, VA-NC","51","Virginia","710","Norfolk City","36.8555500009058","-76.30135"
"03/04/2025","AQS","517100024","1","15.3","ppb","14","NOAA","24","100.0000","42602","Nitrogen dioxide (NO2)","212","47260","Virginia Beach-Norfolk-Newport News, VA-NC","51","Virginia","710","Norfolk City","36.8555500009058","-76.30135"
"03/05/2025","AQS","517100024","1","9.4","ppb","8","NOAA","22","92.0000","42602","Nitrogen dioxide (NO2)","212","47260","Virginia Beach-Norfolk-Newport News, VA-NC","51","Virginia","710","Norfolk City","36.8555500009058","-76.30135"
"03/06/2025","AQS","517100024","1","20.3","ppb","19","NOAA","24","100.0000","42602","Nitrogen dioxide (NO2)","212","47260","Virginia Beach-Norfolk-Newport News, VA-NC","51","Virginia","710","Norfolk City","36.8555500009058","-76.30135"
"03/07/2025","AQS","517100024","1","15.1","ppb","14","NOAA","24","100.0000","42602","Nitrogen dioxide (NO2)","212","47260","Virginia Beach-Norfolk-Newport News, VA-NC","51","Virginia","710","Norfolk City","36.8555500009058","-76.30135"
"03/08/2025","AQS","517100024","1","12.5","ppb","11","NOAA","23","96.0000","42602","Nitrogen dioxide (NO2)","212","47260","Virginia Beach-Norfolk-Newport News, VA-NC","51","Virginia","710","Norfolk City","36.8555500009058","-76.30135"
"03/09/2025","AQS","517100024","1","32.5","ppb","30","NOAA","24","100.0000","42602","Nitrogen dioxide (NO2)","212","47260","Virginia Beach-Norfolk-Newport News, VA-NC","51","Virginia","710","Norfolk City","36.8555500009058","-76.30135"
"03/10/2025","AQS","517100024","1","40.4","ppb","38","NOAA","24","100.0000","42602","Nitrogen dioxide (NO2)","212","47260","Virginia Beach-Norfolk-Newport News, VA-NC","51","Virginia","710","Norfolk City","36.8555500009058","-76.30135"
"03/11/2025","AQS","517100024","1","39.8","ppb","37","NOAA","23","96.0000","42602","Nitrogen dioxide (NO2)","212","47260","Virginia Beach-Norfolk-Newport News, VA-NC","51","Virginia","710","Norfolk City","36.8555500009058","-76.30135"
"03/12/2025","AQS","517100024","1","22.7","ppb","21","NOAA","24","100.0000","42602","Nitrogen dioxide (NO2)","212","47260","Virginia Beach-Norfolk-Newport News, VA-NC","51","Virginia","710","Norfolk City","36.8555500009058","-76.30135"
"03/13/2025","AQS","517100024","1","18.3","ppb","17","NOAA","24","100.0000","42602","Nitrogen dioxide (NO2)","212","47260","Virginia Beach-Norfolk-Newport News, VA-NC","51","Virginia","710","Norfolk City","36.8555500009058","-76.30135"
"03/14/2025","AQS","517100024","1","20.4","ppb","19","NOAA","23","96.0000","42602","Nitrogen dioxide (NO2)","212","47260","Virginia Beach-Norfolk-Newport News, VA-NC","51","Virginia","710","Norfolk City","36.8555500009058","-76.30135"
"03/15/2025","AQS","517100024","1","17.3","ppb","16","NOAA","24","100.0000","42602","Nitrogen dioxide (NO2)","212","47260","Virginia Beach-Norfolk-Newport News, VA-NC","51","Virginia","710","Norfolk City","36.8555500009058","-76.30135"
"03/16/2025","AQS","517100024","1","12.5","ppb","11","NOAA","24","100.0000","42602","Nitrogen dioxide (NO2)","212","47260","Virginia Beach-Norfolk-Newport News, VA-NC","51","Virginia","710","Norfolk City","36.8555500009058","-76.30135"
"03/17/2025","AQS","517100024","1","16.6","ppb","15","NOAA","22","92.0000","42602","Nitrogen dioxide (NO2)","212","47260","Virginia Beach-Norfolk-Newport News, VA-NC","51","Virginia","710","Norfolk City","36.8555500009058","-76.30135"
"03/18/2025","AQS","517100024","1","36.3","ppb","34","NOAA","24","100.0000","42602","Nitrogen dioxide (NO2)","212","47260","Virginia Beach-Norfolk-Newport News, VA-NC","51","Virginia","710","Norfolk City","36.8555500009058","-76.30135"
"03/19/2025","AQS","517100024","1","40.8","ppb","38","NOAA","24","100.0000","42602","Nitrogen dioxide (NO2)","212","47260","Virginia Beach-Norfolk-Newport News, VA-NC","51","Virginia","710","Norfolk City","36.8555500009058","-76.30135"
"03/20/2025","AQS","517100024","1","28.1","ppb","26","NOAA","23","96.0000","42602","Nitrogen dioxide (NO2)","212","47260","Virginia Beach-Norfolk-Newport News, VA-NC","51","Virginia","710","Norfolk City","36.8555500009058","-76.30135"
"03/21/2025","AQS","517100024","1","13.2","ppb","12","NOAA","24","100.0000","42602","Nitrogen dioxide (NO2)","212","47260","Virginia Beach-Norfolk-Newport News, VA-NC","51","Virginia","710","Norfolk City","36.8555500009058","-76.30135"
"03/22/2025","AQS","517100024","1","20.1","ppb","19","NOAA","24","100.0000","42602","Nitrogen dioxide (NO2)","212","47260","Virginia Beach-Norfolk-Newport News, VA-NC","51","Virginia","710","Norfolk City","36.8555500009058","-76.30135"
"03/23/2025","AQS","517100024","1","26.1","ppb","25","NOAA","23","96.0000","42602","Nitrogen dioxide (NO2)","212","47260","Virginia Beach-Norfolk-Newport News, VA-NC","51","Virginia","710","Norfolk City","36.8555500009058","-76.30135"
"03/24/2025","AQS","517100024","1","8.7","ppb","8","NOAA","24","100.0000","42602","Nitrogen dioxide (NO2)","212","47260","Virginia Beach-Norfolk-Newport News, VA-NC","51","Virginia","710","Norfolk City","36.8555500009058","-76.30135"
"03/25/2025","AQS","517100024","1","22","ppb","21","NOAA","24","100.0000","42602","Nitrogen dioxide (NO2)","212","47260","Virginia Beach-Norfolk-Newport News, VA-NC","51","Virginia","710","Norfolk City","36.8555500009058","-76.30135"
"03/26/2025","AQS","517100024","1","19.9","ppb","18","NOAA","23","96.0000","42602","Nitrogen dioxide (NO2)","212","47260","Virginia Beach-Norfolk-Newport News, VA-NC","51","Virginia","710","Norfolk City","36.8555500009058","-76.30135"
"03/27/2025","AQS","517100024","1","36.8","ppb","34","NOAA","24","100.0000","42602","Nitrogen dioxide (NO2)","212","47260","Virginia Beach-Norfolk-Newport News, VA-NC","51","Virginia","710","Norfolk City","36.8555500009058","-76.30135"
"03/28/2025","AQS","517100024","1","9.8","ppb","8","NOAA","24","100.0000","42602","Nitrogen dioxide (NO2)","212","47260","Virginia Beach-Norfolk-Newport News, VA-NC","51","Virginia","710","Norfolk City","36.8555500009058","-76.30135"
"03/29/2025","AQS","517100024","1","5.9","ppb","5","NOAA","23","96.0000","42602","Nitrogen dioxide (NO2)","212","47260","Virginia Beach-Norfolk-Newport News, VA-NC","51","Virginia","710","Norfolk City","36.8555500009058","-76.30135"
"03/30/2025","AQS","517100024","1","5","ppb","5","NOAA","24","100.0000","42602","Nitrogen dioxide (NO2)","212","47260","Virginia Beach-Norfolk-Newport News, VA-NC","51","Virginia","710","Norfolk City","36.8555500009058","-76.30135"
"03/31/2025","AQS","517100024","1","7.4","ppb","7","NOAA","24","100.0000","42602","Nitrogen dioxide (NO2)","212","47260","Virginia Beach-Norfolk-Newport News, VA-NC","51","Virginia","710","Norfolk City","36.8555500009058","-76.30135"
"04/01/2025","AQS","517100024","1","9.5","ppb","8","NOAA","22","92.0000","42602","Nitrogen dioxide (NO2)","212","47260","Virginia Beach-Norfolk-Newport News, VA-NC","51","Virginia","710","Norfolk City","36.8555500009058","-76.30135"
"04/02/2025","AQS","517100024","1","25.5","ppb","24","NOAA","24","100.0000","42602","Nitrogen dioxide (NO2)","212","47260","Virginia Beach-Norfolk-Newport News, VA-NC","51","Virginia","710","Norfolk City","36.8555500009058","-76.30135"
"04/03/2025","AQS","517100024","1","10.8","ppb","9","NOAA","24","100.0000","42602","Nitrogen dioxide (NO2)","212","47260","Virginia Beach-Norfolk-Newport News, VA-NC","51","Virginia","710","Norfolk City","36.8555500009058","-76.30135"
"04/04/2025","AQS","517100024","1","12.1","ppb","11","NOAA","23","96.0000","42602","Nitrogen dioxide (NO2)","212","47260","Virginia Beach-Norfolk-Newport News, VA-NC","51","Virginia","710","Norfolk City","36.8555500009058","-76.30135"
"04/05/2025","AQS","517100024","1","15.1","ppb","14","NOAA","24","100.0000","42602","Nitrogen dioxide (NO2)","212","47260","Virginia Beach-Norfolk-Newport News, VA-NC","51","Virginia","710","Norfolk City","36.8555500009058","-76.30135"
"04/06/2025","AQS","517100024","1","7","ppb","7","NOAA","24","100.0000","42602","Nitrogen dioxide (NO2)","212","47260","Virginia Beach-Norfolk-Newport News, VA-NC","51","Virginia","710","Norfolk City","36.8555500009058","-76.30135"
"04/07/2025","AQS","517100024","1","10.3","ppb","9","NOAA","23","96.0000","42602","Nitrogen dioxide (NO2)","212","47260","Virginia Beach-Norfolk-Newport News, VA-NC","51","Virginia","710","Norfolk City","36.8555500009058","-76.30135"
"04/08/2025","AQS","517100024","1","14.4","ppb","13","NOAA","24","100.0000","42602","Nitrogen dioxide (NO2)","212","47260","Virginia Beach-Norfolk-Newport News, VA-NC","51","Virginia","710","Norfolk City","36.8555500009058","-76.30135"
"04/09/2025","AQS","517100024","1","22.4","ppb","21","NOAA","24","100.0000","42602","Nitrogen dioxide (NO2)","212","47260","Virginia Beach-Norfolk-Newport News, VA-NC","51","Virginia","710","Norfolk City","36.8555500009058","-76.30135"
"04/10/2025","AQS","517100024","1","25.5","ppb","24","NOAA","23","96.0000","42602","Nitrogen dioxide (NO2)","212","47260","Virginia Beach-Norfolk-Newport News, VA-NC","51","Virginia","710","Norfolk City","36.8555500009058","-76.30135"
"04/11/2025","AQS","517100024","1","16.6","ppb","15","NOAA","24","100.0000","42602","Nitrogen dioxide (NO2)","212","47260","Virginia Beach-Norfolk-Newport News, VA-NC","51","Virginia","710","Norfolk City","36.8555500009058","-76.30135"
"04/12/2025","AQS","517100024","1","9.2","ppb","8","NOAA","24","100.0000","42602","Nitrogen dioxide (NO2)","212","47260","Virginia Beach-Norfolk-Newport News, VA-NC","51","Virginia","710","Norfolk City","36.8555500009058","-76.30135"
"04/13/2025","AQS","517100024","1","20.5","ppb","19","NOAA","23","96.0000","42602","Nitrogen dioxide (NO2)","212","47260","Virginia Beach-Norfolk-Newport News, VA-NC","51","Virginia","710","Norfolk City","36.8555500009058","-76.30135"
"04/14/2025","AQS","517100024","1","23","ppb","22","NOAA","23","96.0000","42602","Nitrogen dioxide (NO2)","212","47260","Virginia Beach-Norfolk-Newport News, VA-NC","51","Virginia","710","Norfolk City","36.8555500009058","-76.30135"
"04/15/2025","AQS","517100024","1","17.6","ppb","16","NOAA","20","83.0000","42602","Nitrogen dioxide (NO2)","212","47260","Virginia Beach-Norfolk-Newport News, VA-NC","51","Virginia","710","Norfolk City","36.8555500009058","-76.30135"
"04/16/2025","AQS","517100024","1","24.7","ppb","23","NOAA","23","96.0000","42602","Nitrogen dioxide (NO2)","212","47260","Virginia Beach-Norfolk-Newport News, VA-NC","51","Virginia","710","Norfolk City","36.8555500009058","-76.30135"
"04/17/2025","AQS","517100024","1","25.6","ppb","24","NOAA","24","100.0000","42602","Nitrogen dioxide (NO2)","212","47260","Virginia Beach-Norfolk-Newport News, VA-NC","51","Virginia","710","Norfolk City","36.8555500009058","-76.30135"
"04/18/2025","AQS","517100024","1","14.3","ppb","13","NOAA","24","100.0000","42602","Nitrogen dioxide (NO2)","212","47260","Virginia Beach-Norfolk-Newport News, VA-NC","51","Virginia","710","Norfolk City","36.8555500009058","-76.30135"
"04/19/2025","AQS","517100024","1","11.2","ppb","10","NOAA","23","96.0000","42602","Nitrogen dioxide (NO2)","212","47260","Virginia Beach-Norfolk-Newport News, VA-NC","51","Virginia","710","Norfolk City","36.8555500009058","-76.30135"
"04/20/2025","AQS","517100024","1","10.3","ppb","9","NOAA","24","100.0000","42602","Nitrogen dioxide (NO2)","212","47260","Virginia Beach-Norfolk-Newport News, VA-NC","51","Virginia","710","Norfolk City","36.8555500009058","-76.30135"
"04/21/2025","AQS","517100024","1","10.4","ppb","9","NOAA","24","100.0000","42602","Nitrogen dioxide (NO2)","212","47260","Virginia Beach-Norfolk-Newport News, VA-NC","51","Virginia","710","Norfolk City","36.8555500009058","-76.30135"
"04/22/2025","AQS","517100024","1","24.9","ppb","23","NOAA","23","96.0000","42602","Nitrogen dioxide (NO2)","212","47260","Virginia Beach-Norfolk-Newport News, VA-NC","51","Virginia","710","Norfolk City","36.8555500009058","-76.30135"
"04/23/2025","AQS","517100024","1","14.7","ppb","13","NOAA","24","100.0000","42602","Nitrogen dioxide (NO2)","212","47260","Virginia Beach-Norfolk-Newport News, VA-NC","51","Virginia","710","Norfolk City","36.8555500009058","-76.30135"
"04/24/2025","AQS","517100024","1","22.6","ppb","21","NOAA","24","100.0000","42602","Nitrogen dioxide (NO2)","212","47260","Virginia Beach-Norfolk-Newport News, VA-NC","51","Virginia","710","Norfolk City","36.8555500009058","-76.30135"
"04/25/2025","AQS","517100024","1","28.8","ppb","26","NOAA","23","96.0000","42602","Nitrogen dioxide (NO2)","212","47260","Virginia Beach-Norfolk-Newport News, VA-NC","51","Virginia","710","Norfolk City","36.8555500009058","-76.30135"
"04/26/2025","AQS","517100024","1","7.7","ppb","7","NOAA","24","100.0000","42602","Nitrogen dioxide (NO2)","212","47260","Virginia Beach-Norfolk-Newport News, VA-NC","51","Virginia","710","Norfolk City","36.8555500009058","-76.30135"
"04/27/2025","AQS","517100024","1","19.2","ppb","18","NOAA","24","100.0000","42602","Nitrogen dioxide (NO2)","212","47260","Virginia Beach-Norfolk-Newport News, VA-NC","51","Virginia","710","Norfolk City","36.8555500009058","-76.30135"
"04/28/2025","AQS","517100024","1","18","ppb","17","NOAA","21","88.0000","42602","Nitrogen dioxide (NO2)","212","47260","Virginia Beach-Norfolk-Newport News, VA-NC","51","Virginia","710","Norfolk City","36.8555500009058","-76.30135"
"04/29/2025","AQS","517100024","1","8.4","ppb","8","NOAA","24","100.0000","42602","Nitrogen dioxide (NO2)","212","47260","Virginia Beach-Norfolk-Newport News, VA-NC","51","Virginia","710","Norfolk City","36.8555500009058","-76.30135"
"04/30/2025","AQS","517100024","1","14.3","ppb","13","NOAA","24","100.0000","42602","Nitrogen dioxide (NO2)","212","47260","Virginia Beach-Norfolk-Newport News, VA-NC","51","Virginia","710","Norfolk City","36.8555500009058","-76.30135"
"05/01/2025","AQS","517100024","1","14.1","ppb","13","NOAA","23","96.0000","42602","Nitrogen dioxide (NO2)","212","47260","Virginia Beach-Norfolk-Newport News, VA-NC","51","Virginia","710","Norfolk City","36.8555500009058","-76.30135"
"05/02/2025","AQS","517100024","1","12","ppb","11","NOAA","24","100.0000","42602","Nitrogen dioxide (NO2)","212","47260","Virginia Beach-Norfolk-Newport News, VA-NC","51","Virginia","710","Norfolk City","36.8555500009058","-76.30135"
"05/03/2025","AQS","517100024","1","3.9","ppb","3","NOAA","24","100.0000","42602","Nitrogen dioxide (NO2)","212","47260","Virginia Beach-Norfolk-Newport News, VA-NC","51","Virginia","710","Norfolk City","36.8555500009058","-76.30135"
"05/04/2025","AQS","517100024","1","4.5","ppb","4","NOAA","23","96.0000","42602","Nitrogen dioxide (NO2)","212","47260","Virginia Beach-Norfolk-Newport News, VA-NC","51","Virginia","710","Norfolk City","36.8555500009058","-76.30135"
"05/05/2025","AQS","517100024","1","8.2","ppb","8","NOAA","24","100.0000","42602","Nitrogen dioxide (NO2)","212","47260","Virginia Beach-Norfolk-Newport News, VA-NC","51","Virginia","710","Norfolk City","36.8555500009058","-76.30135"
"05/06/2025","AQS","517100024","1","17.1","ppb","16","NOAA","24","100.0000","42602","Nitrogen dioxide (NO2)","212","47260","Virginia Beach-Norfolk-Newport News, VA-NC","51","Virginia","710","Norfolk City","36.8555500009058","-76.30135"
"05/07/2025","AQS","517100024","1","28.2","ppb","26","NOAA","23","96.0000","42602","Nitrogen dioxide (NO2)","212","47260","Virginia Beach-Norfolk-Newport News, VA-NC","51","Virginia","710","Norfolk City","36.8555500009058","-76.30135"
"05/08/2025","AQS","517100024","1","18","ppb","17","NOAA","24","100.0000","42602","Nitrogen dioxide (NO2)","212","47260","Virginia Beach-Norfolk-Newport News, VA-NC","51","Virginia","710","Norfolk City","36.8555500009058","-76.30135"
"05/09/2025","AQS","517100024","1","15.6","ppb","14","NOAA","24","100.0000","42602","Nitrogen dioxide (NO2)","212","47260","Virginia Beach-Norfolk-Newport News, VA-NC","51","Virginia","710","Norfolk City","36.8555500009058","-76.30135"
"05/10/2025","AQS","517100024","1","14.8","ppb","13","NOAA","23","96.0000","42602","Nitrogen dioxide (NO2)","212","47260","Virginia Beach-Norfolk-Newport News, VA-NC","51","Virginia","710","Norfolk City","36.8555500009058","-76.30135"
"05/11/2025","AQS","517100024","1","15","ppb","14","NOAA","24","100.0000","42602","Nitrogen dioxide (NO2)","212","47260","Virginia Beach-Norfolk-Newport News, VA-NC","51","Virginia","710","Norfolk City","36.8555500009058","-76.30135"
"05/12/2025","AQS","517100024","1","14.5","ppb","13","NOAA","23","96.0000","42602","Nitrogen dioxide (NO2)","212","47260","Virginia Beach-Norfolk-Newport News, VA-NC","51","Virginia","710","Norfolk City","36.8555500009058","-76.30135"
"05/13/2025","AQS","517100024","1","3.3","ppb","3","NOAA","23","96.0000","42602","Nitrogen dioxide (NO2)","212","47260","Virginia Beach-Norfolk-Newport News, VA-NC","51","Virginia","710","Norfolk City","36.8555500009058","-76.30135"
"05/14/2025","AQS","517100024","1","12.3","ppb","11","NOAA","24","100.0000","42602","Nitrogen dioxide (NO2)","212","47260","Virginia Beach-Norfolk-Newport News, VA-NC","51","Virginia","710","Norfolk City","36.8555500009058","-76.30135"
"05/15/2025","AQS","517100024","1","13.9","ppb","12","NOAA","24","100.0000","42602","Nitrogen dioxide (NO2)","212","47260","Virginia Beach-Norfolk-Newport News, VA-NC","51","Virginia","710","Norfolk City","36.8555500009058","-76.30135"
"05/16/2025","AQS","517100024","1","13.5","ppb","12","NOAA","23","96.0000","42602","Nitrogen dioxide (NO2)","212","47260","Virginia Beach-Norfolk-Newport News, VA-NC","51","Virginia","710","Norfolk City","36.8555500009058","-76.30135"
"05/17/2025","AQS","517100024","1","15.7","ppb","14","NOAA","24","100.0000","42602","Nitrogen dioxide (NO2)","212","47260","Virginia Beach-Norfolk-Newport News, VA-NC","51","Virginia","710","Norfolk City","36.8555500009058","-76.30135"
"05/18/2025","AQS","517100024","1","25.3","ppb","24","NOAA","24","100.0000","42602","Nitrogen dioxide (NO2)","212","47260","Virginia Beach-Norfolk-Newport News, VA-NC","51","Virginia","710","Norfolk City","36.8555500009058","-76.30135"
"05/19/2025","AQS","517100024","1","13.8","ppb","12","NOAA","23","96.0000","42602","Nitrogen dioxide (NO2)","212","47260","Virginia Beach-Norfolk-Newport News, VA-NC","51","Virginia","710","Norfolk City","36.8555500009058","-76.30135"
"05/20/2025","AQS","517100024","1","11.1","ppb","10","NOAA","24","100.0000","42602","Nitrogen dioxide (NO2)","212","47260","Virginia Beach-Norfolk-Newport News, VA-NC","51","Virginia","710","Norfolk City","36.8555500009058","-76.30135"
"05/21/2025","AQS","517100024","1","11.7","ppb","10","NOAA","24","100.0000","42602","Nitrogen dioxide (NO2)","212","47260","Virginia Beach-Norfolk-Newport News, VA-NC","51","Virginia","710","Norfolk City","36.8555500009058","-76.30135"
"05/22/2025","AQS","517100024","1","13.1","ppb","12","NOAA","23","96.0000","42602","Nitrogen dioxide (NO2)","212","47260","Virginia Beach-Norfolk-Newport News, VA-NC","51","Virginia","710","Norfolk City","36.8555500009058","-76.30135"
"05/23/2025","AQS","517100024","1","8.7","ppb","8","NOAA","24","100.0000","42602","Nitrogen dioxide (NO2)","212","47260","Virginia Beach-Norfolk-Newport News, VA-NC","51","Virginia","710","Norfolk City","36.8555500009058","-76.30135"
"05/24/2025","AQS","517100024","1","14.9","ppb","13","NOAA","24","100.0000","42602","Nitrogen dioxide (NO2)","212","47260","Virginia Beach-Norfolk-Newport News, VA-NC","51","Virginia","710","Norfolk City","36.8555500009058","-76.30135"
"05/25/2025","AQS","517100024","1","8.2","ppb","8","NOAA","23","96.0000","42602","Nitrogen dioxide (NO2)","212","47260","Virginia Beach-Norfolk-Newport News, VA-NC","51","Virginia","710","Norfolk City","36.8555500009058","-76.30135"
"05/26/2025","AQS","517100024","1","19.6","ppb","18","NOAA","24","100.0000","42602","Nitrogen dioxide (NO2)","212","47260","Virginia Beach-Norfolk-Newport News, VA-NC","51","Virginia","710","Norfolk City","36.8555500009058","-76.30135"
"05/27/2025","AQS","517100024","1","24.3","ppb","23","NOAA","24","100.0000","42602","Nitrogen dioxide (NO2)","212","47260","Virginia Beach-Norfolk-Newport News, VA-NC","51","Virginia","710","Norfolk City","36.8555500009058","-76.30135"
"05/28/2025","AQS","517100024","1","17.7","ppb","16","NOAA","22","92.0000","42602","Nitrogen dioxide (NO2)","212","47260","Virginia Beach-Norfolk-Newport News, VA-NC","51","Virginia","710","Norfolk City","36.8555500009058","-76.30135"
"05/29/2025","AQS","517100024","1","14.1","ppb","13","NOAA","24","100.0000","42602","Nitrogen dioxide (NO2)","212","47260","Virginia Beach-Norfolk-Newport News, VA-NC","51","Virginia","710","Norfolk City","36.8555500009058","-76.30135"
"05/30/2025","AQS","517100024","1","9.8","ppb","8","NOAA","24","100.0000","42602","Nitrogen dioxide (NO2)","212","47260","Virginia Beach-Norfolk-Newport News, VA-NC","51","Virginia","710","Norfolk City","36.8555500009058","-76.30135"
"05/31/2025","AQS","517100024","1","11.1","ppb","10","NOAA","23","96.0000","42602","Nitrogen dioxide (NO2)","212","47260","Virginia Beach-Norfolk-Newport News, VA-NC","51","Virginia","710","Norfolk City","36.8555500009058","-76.30135"
"06/01/2025","AQS","517100024","1","12.6","ppb","11","NOAA","24","100.0000","42602","Nitrogen dioxide (NO2)","212","47260","Virginia Beach-Norfolk-Newport News, VA-NC","51","Virginia","710","Norfolk City","36.8555500009058","-76.30135"
"06/02/2025","AQS","517100024","1","18.3","ppb","17","NOAA","24","100.0000","42602","Nitrogen dioxide (NO2)","212","47260","Virginia Beach-Norfolk-Newport News, VA-NC","51","Virginia","710","Norfolk City","36.8555500009058","-76.30135"
"06/03/2025","AQS","517100024","1","23.2","ppb","22","NOAA","23","96.0000","42602","Nitrogen dioxide (NO2)","212","47260","Virginia Beach-Norfolk-Newport News, VA-NC","51","Virginia","710","Norfolk City","36.8555500009058","-76.30135"
"06/04/2025","AQS","517100024","1","8.9","ppb","8","NOAA","24","100.0000","42602","Nitrogen dioxide (NO2)","212","47260","Virginia Beach-Norfolk-Newport News, VA-NC","51","Virginia","710","Norfolk City","36.8555500009058","-76.30135"
"06/05/2025","AQS","517100024","1","15.1","ppb","14","NOAA","24","100.0000","42602","Nitrogen dioxide (NO2)","212","47260","Virginia Beach-Norfolk-Newport News, VA-NC","51","Virginia","710","Norfolk City","36.8555500009058","-76.30135"
"06/06/2025","AQS","517100024","1","19","ppb","18","NOAA","23","96.0000","42602","Nitrogen dioxide (NO2)","212","47260","Virginia Beach-Norfolk-Newport News, VA-NC","51","Virginia","710","Norfolk City","36.8555500009058","-76.30135"
"06/07/2025","AQS","517100024","1","18.5","ppb","17","NOAA","24","100.0000","42602","Nitrogen dioxide (NO2)","212","47260","Virginia Beach-Norfolk-Newport News, VA-NC","51","Virginia","710","Norfolk City","36.8555500009058","-76.30135"
"06/08/2025","AQS","517100024","1","15.9","ppb","14","NOAA","24","100.0000","42602","Nitrogen dioxide (NO2)","212","47260","Virginia Beach-Norfolk-Newport News, VA-NC","51","Virginia","710","Norfolk City","36.8555500009058","-76.30135"
"06/09/2025","AQS","517100024","1","13.1","ppb","12","NOAA","23","96.0000","42602","Nitrogen dioxide (NO2)","212","47260","Virginia Beach-Norfolk-Newport News, VA-NC","51","Virginia","710","Norfolk City","36.8555500009058","-76.30135"
"06/10/2025","AQS","517100024","1","3.8","ppb","3","NOAA","23","96.0000","42602","Nitrogen dioxide (NO2)","212","47260","Virginia Beach-Norfolk-Newport News, VA-NC","51","Virginia","710","Norfolk City","36.8555500009058","-76.30135"
"06/11/2025","AQS","517100024","1","21.4","ppb","20","NOAA","24","100.0000","42602","Nitrogen dioxide (NO2)","212","47260","Virginia Beach-Norfolk-Newport News, VA-NC","51","Virginia","710","Norfolk City","36.8555500009058","-76.30135"
"06/12/2025","AQS","517100024","1","12.3","ppb","11","NOAA","23","96.0000","42602","Nitrogen dioxide (NO2)","212","47260","Virginia Beach-Norfolk-Newport News, VA-NC","51","Virginia","710","Norfolk City","36.8555500009058","-76.30135"
"06/13/2025","AQS","517100024","1","4.9","ppb","4","NOAA","24","100.0000","42602","Nitrogen dioxide (NO2)","212","47260","Virginia Beach-Norfolk-Newport News, VA-NC","51","Virginia","710","Norfolk City","36.8555500009058","-76.30135"
"06/14/2025","AQS","517100024","1","17.9","ppb","16","NOAA","24","100.0000","42602","Nitrogen dioxide (NO2)","212","47260","Virginia Beach-Norfolk-Newport News, VA-NC","51","Virginia","710","Norfolk City","36.8555500009058","-76.30135"
"06/15/2025","AQS","517100024","1","10.1","ppb","9","NOAA","23","96.0000","42602","Nitrogen dioxide (NO2)","212","47260","Virginia Beach-Norfolk-Newport News, VA-NC","51","Virginia","710","Norfolk City","36.8555500009058","-76.30135"
"06/16/2025","AQS","517100024","1","16.1","ppb","15","NOAA","24","100.0000","42602","Nitrogen dioxide (NO2)","212","47260","Virginia Beach-Norfolk-Newport News, VA-NC","51","Virginia","710","Norfolk City","36.8555500009058","-76.30135"
"06/17/2025","AQS","517100024","1","12.6","ppb","11","NOAA","24","100.0000","42602","Nitrogen dioxide (NO2)","212","47260","Virginia Beach-Norfolk-Newport News, VA-NC","51","Virginia","710","Norfolk City","36.8555500009058","-76.30135"
"06/18/2025","AQS","517100024","1","4.4","ppb","4","NOAA","23","96.0000","42602","Nitrogen dioxide (NO2)","212","47260","Virginia Beach-Norfolk-Newport News, VA-NC","51","Virginia","710","Norfolk City","36.8555500009058","-76.30135"
"06/19/2025","AQS","517100024","1","4.7","ppb","4","NOAA","24","100.0000","42602","Nitrogen dioxide (NO2)","212","47260","Virginia Beach-Norfolk-Newport News, VA-NC","51","Virginia","710","Norfolk City","36.8555500009058","-76.30135"
"06/20/2025","AQS","517100024","1","11.4","ppb","10","NOAA","24","100.0000","42602","Nitrogen dioxide (NO2)","212","47260","Virginia Beach-Norfolk-Newport News, VA-NC","51","Virginia","710","Norfolk City","36.8555500009058","-76.30135"
"06/21/2025","AQS","517100024","1","6.9","ppb","6","NOAA","23","96.0000","42602","Nitrogen dioxide (NO2)","212","47260","Virginia Beach-Norfolk-Newport News, VA-NC","51","Virginia","710","Norfolk City","36.8555500009058","-76.30135"
"06/22/2025","AQS","517100024","1","3.8","ppb","3","NOAA","24","100.0000","42602","Nitrogen dioxide (NO2)","212","47260","Virginia Beach-Norfolk-Newport News, VA-NC","51","Virginia","710","Norfolk City","36.8555500009058","-76.30135"
"06/23/2025","AQS","517100024","1","17.2","ppb","16","NOAA","24","100.0000","42602","Nitrogen dioxide (NO2)","212","47260","Virginia Beach-Norfolk-Newport News, VA-NC","51","Virginia","710","Norfolk City","36.8555500009058","-76.30135"
"06/24/2025","AQS","517100024","1","27","ppb","25","NOAA","21","88.0000","42602","Nitrogen dioxide (NO2)","212","47260","Virginia Beach-Norfolk-Newport News, VA-NC","51","Virginia","710","Norfolk City","36.8555500009058","-76.30135"
"06/25/2025","AQS","517100024","1","44.2","ppb","42","NOAA","24","100.0000","42602","Nitrogen dioxide (NO2)","212","47260","Virginia Beach-Norfolk-Newport News, VA-NC","51","Virginia","710","Norfolk City","36.8555500009058","-76.30135"
"06/26/2025","AQS","517100024","1","21.3","ppb","20","NOAA","24","100.0000","42602","Nitrogen dioxide (NO2)","212","47260","Virginia Beach-Norfolk-Newport News, VA-NC","51","Virginia","710","Norfolk City","36.8555500009058","-76.30135"
"06/27/2025","AQS","517100024","1","20.2","ppb","19","NOAA","23","96.0000","42602","Nitrogen dioxide (NO2)","212","47260","Virginia Beach-Norfolk-Newport News, VA-NC","51","Virginia","710","Norfolk City","36.8555500009058","-76.30135"
"06/28/2025","AQS","517100024","1","14.1","ppb","13","NOAA","24","100.0000","42602","Nitrogen dioxide (NO2)","212","47260","Virginia Beach-Norfolk-Newport News, VA-NC","51","Virginia","710","Norfolk City","36.8555500009058","-76.30135"
"06/29/2025","AQS","517100024","1","2.4","ppb","2","NOAA","24","100.0000","42602","Nitrogen dioxide (NO2)","212","47260","Virginia Beach-Norfolk-Newport News, VA-NC","51","Virginia","710","Norfolk City","36.8555500009058","-76.30135"
"06/30/2025","AQS","517100024","1","3.1","ppb","3","NOAA","23","96.0000","42602","Nitrogen dioxide (NO2)","212","47260","Virginia Beach-Norfolk-Newport News, VA-NC","51","Virginia","710","Norfolk City","36.8555500009058","-76.30135"
"01/01/2025","AQS","517600025","1","23.2","ppb","22","Bryan Park","23","96.0000","42602","Nitrogen dioxide (NO2)","212","40060","Richmond, VA","51","Virginia","760","Richmond City","37.59088","-77.46925"
"01/02/2025","AQS","517600025","1","25.9","ppb","24","Bryan Park","24","100.0000","42602","Nitrogen dioxide (NO2)","212","40060","Richmond, VA","51","Virginia","760","Richmond City","37.59088","-77.46925"
"01/03/2025","AQS","517600025","1","29.3","ppb","27","Bryan Park","24","100.0000","42602","Nitrogen dioxide (NO2)","212","40060","Richmond, VA","51","Virginia","760","Richmond City","37.59088","-77.46925"
"01/04/2025","AQS","517600025","1","30.8","ppb","28","Bryan Park","23","96.0000","42602","Nitrogen dioxide (NO2)","212","40060","Richmond, VA","51","Virginia","760","Richmond City","37.59088","-77.46925"
"01/05/2025","AQS","517600025","1","30.5","ppb","28","Bryan Park","24","100.0000","42602","Nitrogen dioxide (NO2)","212","40060","Richmond, VA","51","Virginia","760","Richmond City","37.59088","-77.46925"
"01/06/2025","AQS","517600025","1","22","ppb","21","Bryan Park","24","100.0000","42602","Nitrogen dioxide (NO2)","212","40060","Richmond, VA","51","Virginia","760","Richmond City","37.59088","-77.46925"
"01/07/2025","AQS","517600025","1","18.3","ppb","17","Bryan Park","22","92.0000","42602","Nitrogen dioxide (NO2)","212","40060","Richmond, VA","51","Virginia","760","Richmond City","37.59088","-77.46925"
"01/08/2025","AQS","517600025","1","24.6","ppb","23","Bryan Park","24","100.0000","42602","Nitrogen dioxide (NO2)","212","40060","Richmond, VA","51","Virginia","760","Richmond City","37.59088","-77.46925"
"01/09/2025","AQS","517600025","1","24.5","ppb","23","Bryan Park","24","100.0000","42602","Nitrogen dioxide (NO2)","212","40060","Richmond, VA","51","Virginia","760","Richmond City","37.59088","-77.46925"
"01/10/2025","AQS","517600025","1","35.9","ppb","33","Bryan Park","23","96.0000","42602","Nitrogen dioxide (NO2)","212","40060","Richmond, VA","51","Virginia","760","Richmond City","37.59088","-77.46925"
"01/11/2025","AQS","517600025","1","23.6","ppb","22","Bryan Park","24","100.0000","42602","Nitrogen dioxide (NO2)","212","40060","Richmond, VA","51","Virginia","760","Richmond City","37.59088","-77.46925"
"01/12/2025","AQS","517600025","1","39.1","ppb","37","Bryan Park","24","100.0000","42602","Nitrogen dioxide (NO2)","212","40060","Richmond, VA","51","Virginia","760","Richmond City","37.59088","-77.46925"
"01/13/2025","AQS","517600025","1","33.7","ppb","31","Bryan Park","23","96.0000","42602","Nitrogen dioxide (NO2)","212","40060","Richmond, VA","51","Virginia","760","Richmond City","37.59088","-77.46925"
"01/14/2025","AQS","517600025","1","30.7","ppb","28","Bryan Park","22","92.0000","42602","Nitrogen dioxide (NO2)","212","40060","Richmond, VA","51","Virginia","760","Richmond City","37.59088","-77.46925"
"01/15/2025","AQS","517600025","1","34.6","ppb","32","Bryan Park","24","100.0000","42602","Nitrogen dioxide (NO2)","212","40060","Richmond, VA","51","Virginia","760","Richmond City","37.59088","-77.46925"
"01/16/2025","AQS","517600025","1","44.1","ppb","42","Bryan Park","23","96.0000","42602","Nitrogen dioxide (NO2)","212","40060","Richmond, VA","51","Virginia","760","Richmond City","37.59088","-77.46925"
"01/17/2025","AQS","517600025","1","39.2","ppb","37","Bryan Park","24","100.0000","42602","Nitrogen dioxide (NO2)","212","40060","Richmond, VA","51","Virginia","760","Richmond City","37.59088","-77.46925"
"01/18/2025","AQS","517600025","1","37.3","ppb","35","Bryan Park","24","100.0000","42602","Nitrogen dioxide (NO2)","212","40060","Richmond, VA","51","Virginia","760","Richmond City","37.59088","-77.46925"
"01/19/2025","AQS","517600025","1","26.7","ppb","25","Bryan Park","23","96.0000","42602","Nitrogen dioxide (NO2)","212","40060","Richmond, VA","51","Virginia","760","Richmond City","37.59088","-77.46925"
"01/20/2025","AQS","517600025","1","26.1","ppb","25","Bryan Park","24","100.0000","42602","Nitrogen dioxide (NO2)","212","40060","Richmond, VA","51","Virginia","760","Richmond City","37.59088","-77.46925"
"01/21/2025","AQS","517600025","1","29.4","ppb","27","Bryan Park","23","96.0000","42602","Nitrogen dioxide (NO2)","212","40060","Richmond, VA","51","Virginia","760","Richmond City","37.59088","-77.46925"
"01/22/2025","AQS","517600025","1","34.4","ppb","32","Bryan Park","23","96.0000","42602","Nitrogen dioxide (NO2)","212","40060","Richmond, VA","51","Virginia","760","Richmond City","37.59088","-77.46925"
"01/23/2025","AQS","517600025","1","40.6","ppb","38","Bryan Park","23","96.0000","42602","Nitrogen dioxide (NO2)","212","40060","Richmond, VA","51","Virginia","760","Richmond City","37.59088","-77.46925"
"01/24/2025","AQS","517600025","1","43.2","ppb","41","Bryan Park","24","100.0000","42602","Nitrogen dioxide (NO2)","212","40060","Richmond, VA","51","Virginia","760","Richmond City","37.59088","-77.46925"
"01/25/2025","AQS","517600025","1","42.1","ppb","40","Bryan Park","23","96.0000","42602","Nitrogen dioxide (NO2)","212","40060","Richmond, VA","51","Virginia","760","Richmond City","37.59088","-77.46925"
"01/26/2025","AQS","517600025","1","48","ppb","45","Bryan Park","24","100.0000","42602","Nitrogen dioxide (NO2)","212","40060","Richmond, VA","51","Virginia","760","Richmond City","37.59088","-77.46925"
"01/27/2025","AQS","517600025","1","44.5","ppb","42","Bryan Park","23","96.0000","42602","Nitrogen dioxide (NO2)","212","40060","Richmond, VA","51","Virginia","760","Richmond City","37.59088","-77.46925"
"01/28/2025","AQS","517600025","1","40.3","ppb","38","Bryan Park","23","96.0000","42602","Nitrogen dioxide (NO2)","212","40060","Richmond, VA","51","Virginia","760","Richmond City","37.59088","-77.46925"
"01/29/2025","AQS","517600025","1","33.6","ppb","31","Bryan Park","24","100.0000","42602","Nitrogen dioxide (NO2)","212","40060","Richmond, VA","51","Virginia","760","Richmond City","37.59088","-77.46925"
"01/30/2025","AQS","517600025","1","44.1","ppb","42","Bryan Park","23","96.0000","42602","Nitrogen dioxide (NO2)","212","40060","Richmond, VA","51","Virginia","760","Richmond City","37.59088","-77.46925"
"01/31/2025","AQS","517600025","1","33.1","ppb","31","Bryan Park","23","96.0000","42602","Nitrogen dioxide (NO2)","212","40060","Richmond, VA","51","Virginia","760","Richmond City","37.59088","-77.46925"
"02/01/2025","AQS","517600025","1","31","ppb","29","Bryan Park","24","100.0000","42602","Nitrogen dioxide (NO2)","212","40060","Richmond, VA","51","Virginia","760","Richmond City","37.59088","-77.46925"
"02/02/2025","AQS","517600025","1","26.3","ppb","25","Bryan Park","24","100.0000","42602","Nitrogen dioxide (NO2)","212","40060","Richmond, VA","51","Virginia","760","Richmond City","37.59088","-77.46925"
"02/03/2025","AQS","517600025","1","41","ppb","39","Bryan Park","22","92.0000","42602","Nitrogen dioxide (NO2)","212","40060","Richmond, VA","51","Virginia","760","Richmond City","37.59088","-77.46925"
"02/04/2025","AQS","517600025","1","29.5","ppb","27","Bryan Park","24","100.0000","42602","Nitrogen dioxide (NO2)","212","40060","Richmond, VA","51","Virginia","760","Richmond City","37.59088","-77.46925"
"02/05/2025","AQS","517600025","1","27.1","ppb","25","Bryan Park","24","100.0000","42602","Nitrogen dioxide (NO2)","212","40060","Richmond, VA","51","Virginia","760","Richmond City","37.59088","-77.46925"
"02/06/2025","AQS","517600025","1","29.6","ppb","27","Bryan Park","22","92.0000","42602","Nitrogen dioxide (NO2)","212","40060","Richmond, VA","51","Virginia","760","Richmond City","37.59088","-77.46925"
"02/07/2025","AQS","517600025","1","30.7","ppb","28","Bryan Park","24","100.0000","42602","Nitrogen dioxide (NO2)","212","40060","Richmond, VA","51","Virginia","760","Richmond City","37.59088","-77.46925"
"02/08/2025","AQS","517600025","1","19.5","ppb","18","Bryan Park","24","100.0000","42602","Nitrogen dioxide (NO2)","212","40060","Richmond, VA","51","Virginia","760","Richmond City","37.59088","-77.46925"
"02/09/2025","AQS","517600025","1","17.3","ppb","16","Bryan Park","23","96.0000","42602","Nitrogen dioxide (NO2)","212","40060","Richmond, VA","51","Virginia","760","Richmond City","37.59088","-77.46925"
"02/10/2025","AQS","517600025","1","29.3","ppb","27","Bryan Park","23","96.0000","42602","Nitrogen dioxide (NO2)","212","40060","Richmond, VA","51","Virginia","760","Richmond City","37.59088","-77.46925"
"02/11/2025","AQS","517600025","1","28.1","ppb","26","Bryan Park","24","100.0000","42602","Nitrogen dioxide (NO2)","212","40060","Richmond, VA","51","Virginia","760","Richmond City","37.59088","-77.46925"
"02/12/2025","AQS","517600025","1","28.6","ppb","26","Bryan Park","23","96.0000","42602","Nitrogen dioxide (NO2)","212","40060","Richmond, VA","51","Virginia","760","Richmond City","37.59088","-77.46925"
"02/13/2025","AQS","517600025","1","25.1","ppb","24","Bryan Park","24","100.0000","42602","Nitrogen dioxide (NO2)","212","40060","Richmond, VA","51","Virginia","760","Richmond City","37.59088","-77.46925"
"02/14/2025","AQS","517600025","1","39.7","ppb","37","Bryan Park","24","100.0000","42602","Nitrogen dioxide (NO2)","212","40060","Richmond, VA","51","Virginia","760","Richmond City","37.59088","-77.46925"
"02/15/2025","AQS","517600025","1","32.8","ppb","30","Bryan Park","23","96.0000","42602","Nitrogen dioxide (NO2)","212","40060","Richmond, VA","51","Virginia","760","Richmond City","37.59088","-77.46925"
"02/16/2025","AQS","517600025","1","22","ppb","21","Bryan Park","24","100.0000","42602","Nitrogen dioxide (NO2)","212","40060","Richmond, VA","51","Virginia","760","Richmond City","37.59088","-77.46925"
"02/17/2025","AQS","517600025","1","14.9","ppb","13","Bryan Park","24","100.0000","42602","Nitrogen dioxide (NO2)","212","40060","Richmond, VA","51","Virginia","760","Richmond City","37.59088","-77.46925"
"02/18/2025","AQS","517600025","1","25.5","ppb","24","Bryan Park","23","96.0000","42602","Nitrogen dioxide (NO2)","212","40060","Richmond, VA","51","Virginia","760","Richmond City","37.59088","-77.46925"
"02/19/2025","AQS","517600025","1","14.2","ppb","13","Bryan Park","24","100.0000","42602","Nitrogen dioxide (NO2)","212","40060","Richmond, VA","51","Virginia","760","Richmond City","37.59088","-77.46925"
"02/20/2025","AQS","517600025","1","6.4","ppb","6","Bryan Park","24","100.0000","42602","Nitrogen dioxide (NO2)","212","40060","Richmond, VA","51","Virginia","760","Richmond City","37.59088","-77.46925"
"02/21/2025","AQS","517600025","1","34.1","ppb","32","Bryan Park","22","92.0000","42602","Nitrogen dioxide (NO2)","212","40060","Richmond, VA","51","Virginia","760","Richmond City","37.59088","-77.46925"
"02/22/2025","AQS","517600025","1","39.2","ppb","37","Bryan Park","24","100.0000","42602","Nitrogen dioxide (NO2)","212","40060","Richmond, VA","51","Virginia","760","Richmond City","37.59088","-77.46925"
"02/23/2025","AQS","517600025","1","41.1","ppb","39","Bryan Park","24","100.0000","42602","Nitrogen dioxide (NO2)","212","40060","Richmond, VA","51","Virginia","760","Richmond City","37.59088","-77.46925"
"02/24/2025","AQS","517600025","1","52","ppb","49","Bryan Park","23","96.0000","42602","Nitrogen dioxide (NO2)","212","40060","Richmond, VA","51","Virginia","760","Richmond City","37.59088","-77.46925"
"02/25/2025","AQS","517600025","1","45","ppb","42","Bryan Park","23","96.0000","42602","Nitrogen dioxide (NO2)","212","40060","Richmond, VA","51","Virginia","760","Richmond City","37.59088","-77.46925"
"02/26/2025","AQS","517600025","1","53.5","ppb","50","Bryan Park","24","100.0000","42602","Nitrogen dioxide (NO2)","212","40060","Richmond, VA","51","Virginia","760","Richmond City","37.59088","-77.46925"
"02/27/2025","AQS","517600025","1","39.3","ppb","37","Bryan Park","23","96.0000","42602","Nitrogen dioxide (NO2)","212","40060","Richmond, VA","51","Virginia","760","Richmond City","37.59088","-77.46925"
"02/28/2025","AQS","517600025","1","45.1","ppb","42","Bryan Park","24","100.0000","42602","Nitrogen dioxide (NO2)","212","40060","Richmond, VA","51","Virginia","760","Richmond City","37.59088","-77.46925"
"03/01/2025","AQS","517600025","1","30.4","ppb","28","Bryan Park","24","100.0000","42602","Nitrogen dioxide (NO2)","212","40060","Richmond, VA","51","Virginia","760","Richmond City","37.59088","-77.46925"
"03/02/2025","AQS","517600025","1","31.2","ppb","29","Bryan Park","23","96.0000","42602","Nitrogen dioxide (NO2)","212","40060","Richmond, VA","51","Virginia","760","Richmond City","37.59088","-77.46925"
"03/03/2025","AQS","517600025","1","46","ppb","43","Bryan Park","23","96.0000","42602","Nitrogen dioxide (NO2)","212","40060","Richmond, VA","51","Virginia","760","Richmond City","37.59088","-77.46925"
"03/04/2025","AQS","517600025","1","37","ppb","35","Bryan Park","24","100.0000","42602","Nitrogen dioxide (NO2)","212","40060","Richmond, VA","51","Virginia","760","Richmond City","37.59088","-77.46925"
"03/05/2025","AQS","517600025","1","29.8","ppb","27","Bryan Park","23","96.0000","42602","Nitrogen dioxide (NO2)","212","40060","Richmond, VA","51","Virginia","760","Richmond City","37.59088","-77.46925"
"03/06/2025","AQS","517600025","1","7","ppb","7","Bryan Park","23","96.0000","42602","Nitrogen dioxide (NO2)","212","40060","Richmond, VA","51","Virginia","760","Richmond City","37.59088","-77.46925"
"03/07/2025","AQS","517600025","1","28.9","ppb","26","Bryan Park","24","100.0000","42602","Nitrogen dioxide (NO2)","212","40060","Richmond, VA","51","Virginia","760","Richmond City","37.59088","-77.46925"
"03/08/2025","AQS","517600025","1","23.8","ppb","22","Bryan Park","23","96.0000","42602","Nitrogen dioxide (NO2)","212","40060","Richmond, VA","51","Virginia","760","Richmond City","37.59088","-77.46925"
"03/09/2025","AQS","517600025","1","47.2","ppb","44","Bryan Park","24","100.0000","42602","Nitrogen dioxide (NO2)","212","40060","Richmond, VA","51","Virginia","760","Richmond City","37.59088","-77.46925"
"03/10/2025","AQS","517600025","1","45.1","ppb","42","Bryan Park","23","96.0000","42602","Nitrogen dioxide (NO2)","212","40060","Richmond, VA","51","Virginia","760","Richmond City","37.59088","-77.46925"
"03/12/2025","AQS","517600025","1","32.3","ppb","30","Bryan Park","24","100.0000","42602","Nitrogen dioxide (NO2)","212","40060","Richmond, VA","51","Virginia","760","Richmond City","37.59088","-77.46925"
"03/13/2025","AQS","517600025","1","29.9","ppb","27","Bryan Park","23","96.0000","42602","Nitrogen dioxide (NO2)","212","40060","Richmond, VA","51","Virginia","760","Richmond City","37.59088","-77.46925"
"03/14/2025","AQS","517600025","1","25.9","ppb","24","Bryan Park","23","96.0000","42602","Nitrogen dioxide (NO2)","212","40060","Richmond, VA","51","Virginia","760","Richmond City","37.59088","-77.46925"
"03/15/2025","AQS","517600025","1","31.6","ppb","29","Bryan Park","24","100.0000","42602","Nitrogen dioxide (NO2)","212","40060","Richmond, VA","51","Virginia","760","Richmond City","37.59088","-77.46925"
"03/16/2025","AQS","517600025","1","21.5","ppb","20","Bryan Park","24","100.0000","42602","Nitrogen dioxide (NO2)","212","40060","Richmond, VA","51","Virginia","760","Richmond City","37.59088","-77.46925"
"03/17/2025","AQS","517600025","1","23.4","ppb","22","Bryan Park","23","96.0000","42602","Nitrogen dioxide (NO2)","212","40060","Richmond, VA","51","Virginia","760","Richmond City","37.59088","-77.46925"
"03/18/2025","AQS","517600025","1","49.6","ppb","46","Bryan Park","23","96.0000","42602","Nitrogen dioxide (NO2)","212","40060","Richmond, VA","51","Virginia","760","Richmond City","37.59088","-77.46925"
"03/19/2025","AQS","517600025","1","40.4","ppb","38","Bryan Park","24","100.0000","42602","Nitrogen dioxide (NO2)","212","40060","Richmond, VA","51","Virginia","760","Richmond City","37.59088","-77.46925"
"03/20/2025","AQS","517600025","1","38.4","ppb","36","Bryan Park","23","96.0000","42602","Nitrogen dioxide (NO2)","212","40060","Richmond, VA","51","Virginia","760","Richmond City","37.59088","-77.46925"
"03/21/2025","AQS","517600025","1","30.3","ppb","28","Bryan Park","24","100.0000","42602","Nitrogen dioxide (NO2)","212","40060","Richmond, VA","51","Virginia","760","Richmond City","37.59088","-77.46925"
"03/22/2025","AQS","517600025","1","29.4","ppb","27","Bryan Park","24","100.0000","42602","Nitrogen dioxide (NO2)","212","40060","Richmond, VA","51","Virginia","760","Richmond City","37.59088","-77.46925"
"03/23/2025","AQS","517600025","1","26.3","ppb","25","Bryan Park","23","96.0000","42602","Nitrogen dioxide (NO2)","212","40060","Richmond, VA","51","Virginia","760","Richmond City","37.59088","-77.46925"
"03/24/2025","AQS","517600025","1","34.4","ppb","32","Bryan Park","23","96.0000","42602","Nitrogen dioxide (NO2)","212","40060","Richmond, VA","51","Virginia","760","Richmond City","37.59088","-77.46925"
"03/25/2025","AQS","517600025","1","33.2","ppb","31","Bryan Park","24","100.0000","42602","Nitrogen dioxide (NO2)","212","40060","Richmond, VA","51","Virginia","760","Richmond City","37.59088","-77.46925"
"03/26/2025","AQS","517600025","1","23.6","ppb","22","Bryan Park","23","96.0000","42602","Nitrogen dioxide (NO2)","212","40060","Richmond, VA","51","Virginia","760","Richmond City","37.59088","-77.46925"
"03/27/2025","AQS","517600025","1","39","ppb","37","Bryan Park","23","96.0000","42602","Nitrogen dioxide (NO2)","212","40060","Richmond, VA","51","Virginia","760","Richmond City","37.59088","-77.46925"
"03/28/2025","AQS","517600025","1","42.1","ppb","40","Bryan Park","24","100.0000","42602","Nitrogen dioxide (NO2)","212","40060","Richmond, VA","51","Virginia","760","Richmond City","37.59088","-77.46925"
"03/29/2025","AQS","517600025","1","21","ppb","20","Bryan Park","23","96.0000","42602","Nitrogen dioxide (NO2)","212","40060","Richmond, VA","51","Virginia","760","Richmond City","37.59088","-77.46925"
"03/30/2025","AQS","517600025","1","19.4","ppb","18","Bryan Park","24","100.0000","42602","Nitrogen dioxide (NO2)","212","40060","Richmond, VA","51","Virginia","760","Richmond City","37.59088","-77.46925"
"03/31/2025","AQS","517600025","1","19.8","ppb","18","Bryan Park","23","96.0000","42602","Nitrogen dioxide (NO2)","212","40060","Richmond, VA","51","Virginia","760","Richmond City","37.59088","-77.46925"
"04/01/2025","AQS","517600025","1","32.1","ppb","30","Bryan Park","23","96.0000","42602","Nitrogen dioxide (NO2)","212","40060","Richmond, VA","51","Virginia","760","Richmond City","37.59088","-77.46925"
"04/02/2025","AQS","517600025","1","31.7","ppb","29","Bryan Park","24","100.0000","42602","Nitrogen dioxide (NO2)","212","40060","Richmond, VA","51","Virginia","760","Richmond City","37.59088","-77.46925"
"04/03/2025","AQS","517600025","1","27.6","ppb","25","Bryan Park","23","96.0000","42602","Nitrogen dioxide (NO2)","212","40060","Richmond, VA","51","Virginia","760","Richmond City","37.59088","-77.46925"
"04/04/2025","AQS","517600025","1","22.9","ppb","21","Bryan Park","23","96.0000","42602","Nitrogen dioxide (NO2)","212","40060","Richmond, VA","51","Virginia","760","Richmond City","37.59088","-77.46925"
"04/05/2025","AQS","517600025","1","18.9","ppb","17","Bryan Park","24","100.0000","42602","Nitrogen dioxide (NO2)","212","40060","Richmond, VA","51","Virginia","760","Richmond City","37.59088","-77.46925"
"04/06/2025","AQS","517600025","1","13.2","ppb","12","Bryan Park","24","100.0000","42602","Nitrogen dioxide (NO2)","212","40060","Richmond, VA","51","Virginia","760","Richmond City","37.59088","-77.46925"
"04/07/2025","AQS","517600025","1","22.8","ppb","21","Bryan Park","23","96.0000","42602","Nitrogen dioxide (NO2)","212","40060","Richmond, VA","51","Virginia","760","Richmond City","37.59088","-77.46925"
"04/08/2025","AQS","517600025","1","18.3","ppb","17","Bryan Park","22","92.0000","42602","Nitrogen dioxide (NO2)","212","40060","Richmond, VA","51","Virginia","760","Richmond City","37.59088","-77.46925"
"04/09/2025","AQS","517600025","1","30.4","ppb","28","Bryan Park","24","100.0000","42602","Nitrogen dioxide (NO2)","212","40060","Richmond, VA","51","Virginia","760","Richmond City","37.59088","-77.46925"
"04/10/2025","AQS","517600025","1","34.8","ppb","32","Bryan Park","23","96.0000","42602","Nitrogen dioxide (NO2)","212","40060","Richmond, VA","51","Virginia","760","Richmond City","37.59088","-77.46925"
"04/11/2025","AQS","517600025","1","23.9","ppb","22","Bryan Park","24","100.0000","42602","Nitrogen dioxide (NO2)","212","40060","Richmond, VA","51","Virginia","760","Richmond City","37.59088","-77.46925"
"04/12/2025","AQS","517600025","1","3.5","ppb","3","Bryan Park","24","100.0000","42602","Nitrogen dioxide (NO2)","212","40060","Richmond, VA","51","Virginia","760","Richmond City","37.59088","-77.46925"
"04/13/2025","AQS","517600025","1","38.4","ppb","36","Bryan Park","23","96.0000","42602","Nitrogen dioxide (NO2)","212","40060","Richmond, VA","51","Virginia","760","Richmond City","37.59088","-77.46925"
"04/14/2025","AQS","517600025","1","41.8","ppb","39","Bryan Park","24","100.0000","42602","Nitrogen dioxide (NO2)","212","40060","Richmond, VA","51","Virginia","760","Richmond City","37.59088","-77.46925"
"04/15/2025","AQS","517600025","1","22.7","ppb","21","Bryan Park","24","100.0000","42602","Nitrogen dioxide (NO2)","212","40060","Richmond, VA","51","Virginia","760","Richmond City","37.59088","-77.46925"
"04/16/2025","AQS","517600025","1","34.1","ppb","32","Bryan Park","22","92.0000","42602","Nitrogen dioxide (NO2)","212","40060","Richmond, VA","51","Virginia","760","Richmond City","37.59088","-77.46925"
"04/17/2025","AQS","517600025","1","46.1","ppb","43","Bryan Park","24","100.0000","42602","Nitrogen dioxide (NO2)","212","40060","Richmond, VA","51","Virginia","760","Richmond City","37.59088","-77.46925"
"04/18/2025","AQS","517600025","1","32","ppb","30","Bryan Park","24","100.0000","42602","Nitrogen dioxide (NO2)","212","40060","Richmond, VA","51","Virginia","760","Richmond City","37.59088","-77.46925"
"04/19/2025","AQS","517600025","1","16.3","ppb","15","Bryan Park","23","96.0000","42602","Nitrogen dioxide (NO2)","212","40060","Richmond, VA","51","Virginia","760","Richmond City","37.59088","-77.46925"
"04/20/2025","AQS","517600025","1","14.6","ppb","13","Bryan Park","24","100.0000","42602","Nitrogen dioxide (NO2)","212","40060","Richmond, VA","51","Virginia","760","Richmond City","37.59088","-77.46925"
"04/21/2025","AQS","517600025","1","33.2","ppb","31","Bryan Park","23","96.0000","42602","Nitrogen dioxide (NO2)","212","40060","Richmond, VA","51","Virginia","760","Richmond City","37.59088","-77.46925"
"04/22/2025","AQS","517600025","1","21.1","ppb","20","Bryan Park","23","96.0000","42602","Nitrogen dioxide (NO2)","212","40060","Richmond, VA","51","Virginia","760","Richmond City","37.59088","-77.46925"
"04/23/2025","AQS","517600025","1","37.3","ppb","35","Bryan Park","24","100.0000","42602","Nitrogen dioxide (NO2)","212","40060","Richmond, VA","51","Virginia","760","Richmond City","37.59088","-77.46925"
"04/24/2025","AQS","517600025","1","42.9","ppb","40","Bryan Park","24","100.0000","42602","Nitrogen dioxide (NO2)","212","40060","Richmond, VA","51","Virginia","760","Richmond City","37.59088","-77.46925"
"04/25/2025","AQS","517600025","1","35.4","ppb","33","Bryan Park","22","92.0000","42602","Nitrogen dioxide (NO2)","212","40060","Richmond, VA","51","Virginia","760","Richmond City","37.59088","-77.46925"
"04/26/2025","AQS","517600025","1","14.5","ppb","13","Bryan Park","24","100.0000","42602","Nitrogen dioxide (NO2)","212","40060","Richmond, VA","51","Virginia","760","Richmond City","37.59088","-77.46925"
"04/27/2025","AQS","517600025","1","29.6","ppb","27","Bryan Park","24","100.0000","42602","Nitrogen dioxide (NO2)","212","40060","Richmond, VA","51","Virginia","760","Richmond City","37.59088","-77.46925"
"04/28/2025","AQS","517600025","1","37.4","ppb","35","Bryan Park","23","96.0000","42602","Nitrogen dioxide (NO2)","212","40060","Richmond, VA","51","Virginia","760","Richmond City","37.59088","-77.46925"
"04/29/2025","AQS","517600025","1","33.7","ppb","31","Bryan Park","22","92.0000","42602","Nitrogen dioxide (NO2)","212","40060","Richmond, VA","51","Virginia","760","Richmond City","37.59088","-77.46925"
"04/30/2025","AQS","517600025","1","28.8","ppb","26","Bryan Park","24","100.0000","42602","Nitrogen dioxide (NO2)","212","40060","Richmond, VA","51","Virginia","760","Richmond City","37.59088","-77.46925"
"05/01/2025","AQS","517600025","1","29.1","ppb","27","Bryan Park","23","96.0000","42602","Nitrogen dioxide (NO2)","212","40060","Richmond, VA","51","Virginia","760","Richmond City","37.59088","-77.46925"
"05/02/2025","AQS","517600025","1","20.8","ppb","19","Bryan Park","23","96.0000","42602","Nitrogen dioxide (NO2)","212","40060","Richmond, VA","51","Virginia","760","Richmond City","37.59088","-77.46925"
"05/03/2025","AQS","517600025","1","18.9","ppb","17","Bryan Park","24","100.0000","42602","Nitrogen dioxide (NO2)","212","40060","Richmond, VA","51","Virginia","760","Richmond City","37.59088","-77.46925"
"05/04/2025","AQS","517600025","1","19.6","ppb","18","Bryan Park","23","96.0000","42602","Nitrogen dioxide (NO2)","212","40060","Richmond, VA","51","Virginia","760","Richmond City","37.59088","-77.46925"
"05/05/2025","AQS","517600025","1","26","ppb","25","Bryan Park","23","96.0000","42602","Nitrogen dioxide (NO2)","212","40060","Richmond, VA","51","Virginia","760","Richmond City","37.59088","-77.46925"
"05/06/2025","AQS","517600025","1","32.9","ppb","30","Bryan Park","24","100.0000","42602","Nitrogen dioxide (NO2)","212","40060","Richmond, VA","51","Virginia","760","Richmond City","37.59088","-77.46925"
"05/07/2025","AQS","517600025","1","28.8","ppb","26","Bryan Park","23","96.0000","42602","Nitrogen dioxide (NO2)","212","40060","Richmond, VA","51","Virginia","760","Richmond City","37.59088","-77.46925"
"05/08/2025","AQS","517600025","1","28.3","ppb","26","Bryan Park","23","96.0000","42602","Nitrogen dioxide (NO2)","212","40060","Richmond, VA","51","Virginia","760","Richmond City","37.59088","-77.46925"
"05/09/2025","AQS","517600025","1","21","ppb","20","Bryan Park","24","100.0000","42602","Nitrogen dioxide (NO2)","212","40060","Richmond, VA","51","Virginia","760","Richmond City","37.59088","-77.46925"
"05/10/2025","AQS","517600025","1","12.3","ppb","11","Bryan Park","23","96.0000","42602","Nitrogen dioxide (NO2)","212","40060","Richmond, VA","51","Virginia","760","Richmond City","37.59088","-77.46925"
"05/11/2025","AQS","517600025","1","31.4","ppb","29","Bryan Park","24","100.0000","42602","Nitrogen dioxide (NO2)","212","40060","Richmond, VA","51","Virginia","760","Richmond City","37.59088","-77.46925"
"05/12/2025","AQS","517600025","1","22.9","ppb","21","Bryan Park","23","96.0000","42602","Nitrogen dioxide (NO2)","212","40060","Richmond, VA","51","Virginia","760","Richmond City","37.59088","-77.46925"
"05/13/2025","AQS","517600025","1","23","ppb","22","Bryan Park","23","96.0000","42602","Nitrogen dioxide (NO2)","212","40060","Richmond, VA","51","Virginia","760","Richmond City","37.59088","-77.46925"
"05/14/2025","AQS","517600025","1","32.7","ppb","30","Bryan Park","24","100.0000","42602","Nitrogen dioxide (NO2)","212","40060","Richmond, VA","51","Virginia","760","Richmond City","37.59088","-77.46925"
"05/15/2025","AQS","517600025","1","25.8","ppb","24","Bryan Park","23","96.0000","42602","Nitrogen dioxide (NO2)","212","40060","Richmond, VA","51","Virginia","760","Richmond City","37.59088","-77.46925"
"05/16/2025","AQS","517600025","1","16.4","ppb","15","Bryan Park","23","96.0000","42602","Nitrogen dioxide (NO2)","212","40060","Richmond, VA","51","Virginia","760","Richmond City","37.59088","-77.46925"
"05/17/2025","AQS","517600025","1","19.6","ppb","18","Bryan Park","24","100.0000","42602","Nitrogen dioxide (NO2)","212","40060","Richmond, VA","51","Virginia","760","Richmond City","37.59088","-77.46925"
"05/18/2025","AQS","517600025","1","15.2","ppb","14","Bryan Park","24","100.0000","42602","Nitrogen dioxide (NO2)","212","40060","Richmond, VA","51","Virginia","760","Richmond City","37.59088","-77.46925"
"05/19/2025","AQS","517600025","1","19.7","ppb","18","Bryan Park","23","96.0000","42602","Nitrogen dioxide (NO2)","212","40060","Richmond, VA","51","Virginia","760","Richmond City","37.59088","-77.46925"
"05/20/2025","AQS","517600025","1","24.4","ppb","23","Bryan Park","23","96.0000","42602","Nitrogen dioxide (NO2)","212","40060","Richmond, VA","51","Virginia","760","Richmond City","37.59088","-77.46925"
"05/21/2025","AQS","517600025","1","22","ppb","21","Bryan Park","24","100.0000","42602","Nitrogen dioxide (NO2)","212","40060","Richmond, VA","51","Virginia","760","Richmond City","37.59088","-77.46925"
"05/22/2025","AQS","517600025","1","12.5","ppb","11","Bryan Park","23","96.0000","42602","Nitrogen dioxide (NO2)","212","40060","Richmond, VA","51","Virginia","760","Richmond City","37.59088","-77.46925"
"05/23/2025","AQS","517600025","1","7.3","ppb","7","Bryan Park","24","100.0000","42602","Nitrogen dioxide (NO2)","212","40060","Richmond, VA","51","Virginia","760","Richmond City","37.59088","-77.46925"
"05/24/2025","AQS","517600025","1","15.7","ppb","14","Bryan Park","24","100.0000","42602","Nitrogen dioxide (NO2)","212","40060","Richmond, VA","51","Virginia","760","Richmond City","37.59088","-77.46925"
"05/25/2025","AQS","517600025","1","17.7","ppb","16","Bryan Park","23","96.0000","42602","Nitrogen dioxide (NO2)","212","40060","Richmond, VA","51","Virginia","760","Richmond City","37.59088","-77.46925"
"05/26/2025","AQS","517600025","1","21.8","ppb","20","Bryan Park","24","100.0000","42602","Nitrogen dioxide (NO2)","212","40060","Richmond, VA","51","Virginia","760","Richmond City","37.59088","-77.46925"
"05/27/2025","AQS","517600025","1","21","ppb","20","Bryan Park","24","100.0000","42602","Nitrogen dioxide (NO2)","212","40060","Richmond, VA","51","Virginia","760","Richmond City","37.59088","-77.46925"
"05/28/2025","AQS","517600025","1","23.3","ppb","22","Bryan Park","23","96.0000","42602","Nitrogen dioxide (NO2)","212","40060","Richmond, VA","51","Virginia","760","Richmond City","37.59088","-77.46925"
"05/29/2025","AQS","517600025","1","22.8","ppb","21","Bryan Park","24","100.0000","42602","Nitrogen dioxide (NO2)","212","40060","Richmond, VA","51","Virginia","760","Richmond City","37.59088","-77.46925"
"05/30/2025","AQS","517600025","1","22.7","ppb","21","Bryan Park","24","100.0000","42602","Nitrogen dioxide (NO2)","212","40060","Richmond, VA","51","Virginia","760","Richmond City","37.59088","-77.46925"
"05/31/2025","AQS","517600025","1","6.1","ppb","6","Bryan Park","23","96.0000","42602","Nitrogen dioxide (NO2)","212","40060","Richmond, VA","51","Virginia","760","Richmond City","37.59088","-77.46925"
"06/01/2025","AQS","517600025","1","29.5","ppb","27","Bryan Park","24","100.0000","42602","Nitrogen dioxide (NO2)","212","40060","Richmond, VA","51","Virginia","760","Richmond City","37.59088","-77.46925"
"06/02/2025","AQS","517600025","1","40.6","ppb","38","Bryan Park","23","96.0000","42602","Nitrogen dioxide (NO2)","212","40060","Richmond, VA","51","Virginia","760","Richmond City","37.59088","-77.46925"
"06/03/2025","AQS","517600025","1","32","ppb","30","Bryan Park","19","79.0000","42602","Nitrogen dioxide (NO2)","212","40060","Richmond, VA","51","Virginia","760","Richmond City","37.59088","-77.46925"
"06/04/2025","AQS","517600025","1","34.5","ppb","32","Bryan Park","24","100.0000","42602","Nitrogen dioxide (NO2)","212","40060","Richmond, VA","51","Virginia","760","Richmond City","37.59088","-77.46925"
"06/05/2025","AQS","517600025","1","26.9","ppb","25","Bryan Park","23","96.0000","42602","Nitrogen dioxide (NO2)","212","40060","Richmond, VA","51","Virginia","760","Richmond City","37.59088","-77.46925"
"06/06/2025","AQS","517600025","1","16.6","ppb","15","Bryan Park","23","96.0000","42602","Nitrogen dioxide (NO2)","212","40060","Richmond, VA","51","Virginia","760","Richmond City","37.59088","-77.46925"
"06/07/2025","AQS","517600025","1","17.5","ppb","16","Bryan Park","24","100.0000","42602","Nitrogen dioxide (NO2)","212","40060","Richmond, VA","51","Virginia","760","Richmond City","37.59088","-77.46925"
"06/08/2025","AQS","517600025","1","18.1","ppb","17","Bryan Park","24","100.0000","42602","Nitrogen dioxide (NO2)","212","40060","Richmond, VA","51","Virginia","760","Richmond City","37.59088","-77.46925"
"06/09/2025","AQS","517600025","1","24.9","ppb","23","Bryan Park","23","96.0000","42602","Nitrogen dioxide (NO2)","212","40060","Richmond, VA","51","Virginia","760","Richmond City","37.59088","-77.46925"
"06/10/2025","AQS","517600025","1","23.5","ppb","22","Bryan Park","24","100.0000","42602","Nitrogen dioxide (NO2)","212","40060","Richmond, VA","51","Virginia","760","Richmond City","37.59088","-77.46925"
"06/11/2025","AQS","517600025","1","41.8","ppb","39","Bryan Park","24","100.0000","42602","Nitrogen dioxide (NO2)","212","40060","Richmond, VA","51","Virginia","760","Richmond City","37.59088","-77.46925"
"06/12/2025","AQS","517600025","1","17.1","ppb","16","Bryan Park","23","96.0000","42602","Nitrogen dioxide (NO2)","212","40060","Richmond, VA","51","Virginia","760","Richmond City","37.59088","-77.46925"
"06/13/2025","AQS","517600025","1","18.3","ppb","17","Bryan Park","24","100.0000","42602","Nitrogen dioxide (NO2)","212","40060","Richmond, VA","51","Virginia","760","Richmond City","37.59088","-77.46925"
"06/14/2025","AQS","517600025","1","14.2","ppb","13","Bryan Park","24","100.0000","42602","Nitrogen dioxide (NO2)","212","40060","Richmond, VA","51","Virginia","760","Richmond City","37.59088","-77.46925"
"06/15/2025","AQS","517600025","1","12.8","ppb","11","Bryan Park","23","96.0000","42602","Nitrogen dioxide (NO2)","212","40060","Richmond, VA","51","Virginia","760","Richmond City","37.59088","-77.46925"
"06/16/2025","AQS","517600025","1","14.6","ppb","13","Bryan Park","23","96.0000","42602","Nitrogen dioxide (NO2)","212","40060","Richmond, VA","51","Virginia","760","Richmond City","37.59088","-77.46925"
"06/18/2025","AQS","517600025","1","15.2","ppb","14","Bryan Park","23","96.0000","42602","Nitrogen dioxide (NO2)","212","40060","Richmond, VA","51","Virginia","760","Richmond City","37.59088","-77.46925"
"06/19/2025","AQS","517600025","1","14.3","ppb","13","Bryan Park","24","100.0000","42602","Nitrogen dioxide (NO2)","212","40060","Richmond, VA","51","Virginia","760","Richmond City","37.59088","-77.46925"
"06/20/2025","AQS","517600025","1","11.8","ppb","10","Bryan Park","23","96.0000","42602","Nitrogen dioxide (NO2)","212","40060","Richmond, VA","51","Virginia","760","Richmond City","37.59088","-77.46925"
"06/21/2025","AQS","517600025","1","16.9","ppb","15","Bryan Park","23","96.0000","42602","Nitrogen dioxide (NO2)","212","40060","Richmond, VA","51","Virginia","760","Richmond City","37.59088","-77.46925"
"06/22/2025","AQS","517600025","1","17.1","ppb","16","Bryan Park","24","100.0000","42602","Nitrogen dioxide (NO2)","212","40060","Richmond, VA","51","Virginia","760","Richmond City","37.59088","-77.46925"
"06/23/2025","AQS","517600025","1","14.3","ppb","13","Bryan Park","23","96.0000","42602","Nitrogen dioxide (NO2)","212","40060","Richmond, VA","51","Virginia","760","Richmond City","37.59088","-77.46925"
"06/24/2025","AQS","517600025","1","26.4","ppb","25","Bryan Park","23","96.0000","42602","Nitrogen dioxide (NO2)","212","40060","Richmond, VA","51","Virginia","760","Richmond City","37.59088","-77.46925"
"06/25/2025","AQS","517600025","1","19.6","ppb","18","Bryan Park","24","100.0000","42602","Nitrogen dioxide (NO2)","212","40060","Richmond, VA","51","Virginia","760","Richmond City","37.59088","-77.46925"
"06/26/2025","AQS","517600025","1","30.4","ppb","28","Bryan Park","23","96.0000","42602","Nitrogen dioxide (NO2)","212","40060","Richmond, VA","51","Virginia","760","Richmond City","37.59088","-77.46925"
"06/27/2025","AQS","517600025","1","21.8","ppb","20","Bryan Park","23","96.0000","42602","Nitrogen dioxide (NO2)","212","40060","Richmond, VA","51","Virginia","760","Richmond City","37.59088","-77.46925"
"06/28/2025","AQS","517600025","1","8.2","ppb","8","Bryan Park","24","100.0000","42602","Nitrogen dioxide (NO2)","212","40060","Richmond, VA","51","Virginia","760","Richmond City","37.59088","-77.46925"
"06/29/2025","AQS","517600025","1","17.5","ppb","16","Bryan Park","24","100.0000","42602","Nitrogen dioxide (NO2)","212","40060","Richmond, VA","51","Virginia","760","Richmond City","37.59088","-77.46925"
"06/30/2025","AQS","517600025","1","18.4","ppb","17","Bryan Park","23","96.0000","42602","Nitrogen dioxide (NO2)","212","40060","Richmond, VA","51","Virginia","760","Richmond City","37.59088","-77.46925"
